Date,gold,dxy,y10,vix,spx,gld,gold_ret
2000-08-30,273.8999938964844,112.13999938964844,5.800000190734863,17.690000534057617,1502.5899658203125,,
2000-08-31,278.29998779296875,112.5999984741211,5.729000091552734,16.84000015258789,1517.6800537109375,,0.015936570683699358
2000-09-01,277.0,111.41999816894531,5.675000190734863,17.530000686645508,1520.77001953125,,-0.004682118481655451
2000-09-05,275.79998779296875,112.41000366210938,5.683000087738037,19.81999969482422,1507.0799560546875,,-0.004341585088584843
2000-09-06,274.20001220703125,114.12000274658203,5.711999893188477,20.790000915527344,1492.25,,-0.005818109451826814
2000-09-07,274.0,113.6500015258789,5.749000072479248,19.420000076293945,1502.510009765625,,-0.0007297052588564057
2000-09-08,273.29998779296875,114.33999633789062,5.723999977111816,18.459999084472656,1494.5,,-0.002558058119366713
2000-09-11,273.1000061035156,115.37000274658203,5.757999897003174,18.399999618530273,1489.260009765625,,-0.0007319974400310514
2000-09-12,272.8999938964844,115.16999816894531,5.769999980926514,18.59000015258789,1481.989990234375,,-0.0007326454797729198
2000-09-13,272.79998779296875,115.33999633789062,5.728000164031982,18.31999969482422,1484.9100341796875,,-0.0003665241267754027
2000-09-14,272.3999938964844,115.16000366210938,5.77400016784668,18.260000228881836,1480.8699951171875,,-0.0014673293532121434
2000-09-15,272.29998779296875,115.94000244140625,5.833000183105469,18.520000457763672,1465.81005859375,,-0.0003671970185461504
2000-09-18,271.3999938964844,116.0,5.870999813079834,20.25,1444.510009765625,,-0.0033106299386016502
2000-09-19,271.8999938964844,116.11000061035156,5.849999904632568,19.540000915527344,1459.9000244140625,,0.0018406042790122257
2000-09-20,269.0,116.41000366210938,5.892000198364258,19.93000030517578,1451.3399658203125,,-0.010722949588937603
2000-09-21,270.29998779296875,115.2699966430664,5.870999813079834,20.18000030517578,1449.050048828125,,0.004821028519513604
2000-09-22,271.79998779296875,113.55999755859375,5.828999996185303,20.739999771118164,1448.719970703125,,0.005534048683874637
2000-09-25,274.1000061035156,114.05999755859375,5.833000183105469,21.40999984741211,1439.030029296875,,0.00842656877099035
2000-09-26,273.8999938964844,113.16000366210938,5.798999786376953,21.8799991607666,1427.2099609375,,-0.0007299715909230287
2000-09-27,278.3999938964844,113.11000061035156,5.820000171661377,21.670000076293945,1426.5699462890625,,0.016295852551421852
2000-09-28,275.6000061035156,113.30999755859375,5.811999797821045,19.469999313354492,1458.2900390625,,-0.010108345250929851
2000-09-29,273.6000061035156,113.25,5.7779998779296875,20.56999969482422,1436.510009765625,,-0.007283353229220246
2000-10-02,273.1000061035156,113.79000091552734,5.820000171661377,21.229999542236328,1436.22998046875,,-0.001829157227893674
2000-10-03,271.6000061035156,114.22000122070312,5.867000102996826,21.850000381469727,1426.4599609375,,-0.005507632671688079
2000-10-04,270.29998779296875,114.16999816894531,5.892000198364258,21.540000915527344,1434.3199462890625,,-0.004798010035631961
2000-10-05,270.6000061035156,114.73999786376953,5.854000091552734,21.030000686645508,1436.280029296875,,0.0011093301708244852
2000-10-06,269.29998779296875,114.8499984741211,5.815999984741211,22.709999084472656,1408.989990234375,,-0.004815783803370444
2000-10-09,270.1000061035156,114.80999755859375,5.815999984741211,24.020000457763672,1402.030029296875,,0.0029663289070072096
2000-10-10,272.3999938964844,114.36000061035156,5.795000076293945,24.860000610351562,1387.02001953125,,0.008479268473098323
2000-10-11,270.5,114.48999786376953,5.769999980926514,26.56999969482422,1364.5899658203125,,-0.0069994535823756365
2000-10-12,276.3999938964844,114.88999938964844,5.715000152587891,30.510000228881836,1329.780029296875,,0.02157697152479443
2000-10-13,272.3999938964844,115.86000061035156,5.715000152587891,27.600000381469727,1374.1700439453125,,-0.014577517942418794
2000-10-16,271.5,116.38999938964844,5.739999771118164,26.790000915527344,1374.6199951171875,,-0.003309412494922448
2000-10-17,271.1000061035156,115.88999938964844,5.664999961853027,27.84000015258789,1349.969970703125,,-0.0014743603554796536
2000-10-18,270.29998779296875,117.33000183105469,5.6570000648498535,28.719999313354492,1342.1300048828125,,-0.002955370897157472
2000-10-19,270.1000061035156,116.94000244140625,5.6519999504089355,25.09000015258789,1388.760009765625,,-0.0007401247255387489
2000-10-20,271.20001220703125,117.16000366210938,5.636000156402588,24.239999771118164,1396.9300537109375,,0.004064317681602425
2000-10-23,270.1000061035156,117.54000091552734,5.581999778747559,24.690000534057617,1395.780029296875,,-0.004064317681602425
2000-10-24,270.1000061035156,117.41999816894531,5.623000144958496,24.280000686645508,1398.1300048828125,,0.0
2000-10-25,266.20001220703125,118.48999786376953,5.685999870300293,26.649999618530273,1364.9000244140625,,-0.01454433157818702
2000-10-26,264.8999938964844,118.5,5.672999858856201,28.6200008392334,1364.43994140625,,-0.004895578580431881
2000-10-27,264.3999938964844,117.38999938964844,5.710999965667725,26.469999313354492,1379.5799560546875,,-0.0018892883440653208
2000-10-30,264.29998779296875,117.25,5.728000164031982,25.459999084472656,1398.6600341796875,,-0.0003783094691574007
2000-10-31,264.8999938964844,116.6500015258789,5.756999969482422,23.6299991607666,1429.4000244140625,,0.0022675978132227215
2000-11-01,263.8999938964844,115.55999755859375,5.736000061035156,24.280000686645508,1421.219970703125,,-0.0037821528560550988
2000-11-02,264.3999938964844,115.61000061035156,5.739999771118164,23.920000076293945,1428.3199462890625,,0.001892864511989778
2000-11-03,264.6000061035156,114.97000122070312,5.803999900817871,23.670000076293945,1426.68994140625,,0.0007561898546777357
2000-11-06,264.5,115.69000244140625,5.855000019073486,24.520000457763672,1432.18994140625,,-0.00037802344945347954
2000-11-07,264.29998779296875,115.5199966430664,5.859000205993652,24.90999984741211,1431.8699951171875,,-0.0007564758743816569
2000-11-08,265.0,116.2300033569336,5.849999904632568,25.65999984741211,1409.280029296875,,0.002645050562249729
2000-11-09,265.79998779296875,115.33999633789062,5.808000087738037,27.200000762939453,1400.1400146484375,,0.003014274367296288
2000-11-10,264.5,115.79000091552734,5.795000076293945,28.530000686645508,1365.97998046875,,-0.00490284905516436
2000-11-13,264.29998779296875,115.69999694824219,5.761000156402588,29.059999465942383,1351.260009765625,,-0.0007564758743816569
2000-11-14,264.8999938964844,116.22000122070312,5.74399995803833,26.809999465942383,1382.949951171875,,0.0022675978132227215
2000-11-15,265.1000061035156,116.3499984741211,5.697999954223633,26.149999618530273,1389.81005859375,,0.0007547630812307915
2000-11-16,265.79998779296875,116.93000030517578,5.669000148773193,25.049999237060547,1372.3199462890625,,0.002636964035092504
2000-11-17,265.70001220703125,117.30999755859375,5.693999767303467,24.809999465942383,1367.719970703125,,-0.00037620164484142293
2000-11-20,266.29998779296875,117.3499984741211,5.664000034332275,27.43000030517578,1342.6199951171875,,0.002255548271811847
2000-11-21,265.70001220703125,117.94999694824219,5.659999847412109,26.6200008392334,1347.3499755859375,,-0.002255548271811847
2000-11-22,266.29998779296875,117.8499984741211,5.5929999351501465,27.709999084472656,1322.3599853515625,,0.002255548271811847
2000-11-27,270.1000061035156,117.0999984741211,5.625999927520752,26.93000030517578,1348.969970703125,,0.014168836415325181
2000-11-28,269.79998779296875,116.58000183105469,5.589000225067139,27.639999389648438,1336.0899658203125,,-0.0011113848669008775
2000-11-29,266.3999938964844,116.61000061035156,5.543000221252441,27.489999771118164,1341.9300537109375,,-0.012681982773774081
2000-11-30,270.1000061035156,115.23999786376953,5.439000129699707,29.649999618530273,1314.949951171875,,0.013793367640674958
2000-12-01,268.70001220703125,114.7300033569336,5.513000011444092,27.479999542236328,1315.22998046875,,-0.00519672234440538
2000-12-04,270.70001220703125,113.70999908447266,5.521999835968018,27.780000686645508,1324.969970703125,,0.007415680663161339
2000-12-05,270.3999938964844,114.47000122070312,5.429999828338623,24.989999771118164,1376.5400390625,,-0.0011089201179341757
2000-12-06,274.29998779296875,113.30999755859375,5.318999767303467,25.06999969482422,1351.4599609375,,0.014320031844436976
2000-12-07,273.20001220703125,113.54000091552734,5.298999786376953,25.34000015258789,1343.550048828125,,-0.004018181062772186
2000-12-08,272.20001220703125,114.05000305175781,5.343999862670898,22.40999984741211,1369.8900146484375,,-0.0036670373151190816
2000-12-11,270.20001220703125,114.29000091552734,5.360000133514404,23.510000228881836,1380.199951171875,,-0.00737466435932177
2000-12-12,270.29998779296875,114.26000213623047,5.3429999351501465,24.8799991607666,1371.1800537109375,,0.000369937417493027
2000-12-13,268.6000061035156,114.70999908447266,5.2779998779296875,23.6299991607666,1359.989990234375,,-0.006309101308777265
2000-12-14,269.0,113.37999725341797,5.2129998207092285,24.860000610351562,1340.9300537109375,,0.0014880727892636614
2000-12-15,270.3999938964844,112.9000015258789,5.176000118255615,26.549999237060547,1312.1500244140625,,0.005190941994796638
2000-12-18,269.70001220703125,113.06999969482422,5.156000137329102,27.700000762939453,1322.739990234375,,-0.0025920461894353153
2000-12-19,269.70001220703125,113.20999908447266,5.184000015258789,27.170000076293945,1305.5999755859375,,0.0
2000-12-20,272.5,111.97000122070312,5.074999809265137,31.739999771118164,1264.739990234375,,0.010328338696098172
2000-12-21,273.70001220703125,111.51000213623047,5.0229997634887695,29.65999984741211,1274.8599853515625,,0.004394046543374941
2000-12-22,273.70001220703125,110.81999969482422,5.001999855041504,27.549999237060547,1305.949951171875,,0.0
2000-12-26,274.1000061035156,110.30999755859375,5.021999835968018,28.729999542236328,1315.18994140625,,0.0014603649295441556
2000-12-27,275.20001220703125,110.31999969482422,5.085999965667725,28.139999389648438,1328.9200439453125,,0.004005124839914664
2000-12-28,271.70001220703125,110.37999725341797,5.113999843597412,26.56999969482422,1334.219970703125,,-0.012799589055486393
2000-12-29,272.0,109.55999755859375,5.110000133514404,26.850000381469727,1320.280029296875,,0.001103504935351829
2001-01-02,268.3999938964844,108.7699966430664,4.916999816894531,29.989999771118164,1283.27001953125,,-0.013323683938842201
2001-01-03,268.0,110.16999816894531,5.0970001220703125,26.600000381469727,1347.56005859375,,-0.0014914018462990342
2001-01-04,267.29998779296875,108.80999755859375,5.013000011444092,26.969999313354492,1333.3399658203125,,-0.0026154030338902956
2001-01-05,268.0,108.41999816894531,4.947999954223633,28.670000076293945,1298.3499755859375,,0.0026154030338902956
2001-01-08,268.0,108.86000061035156,4.896999835968018,29.84000015258789,1295.8599853515625,,0.0
2001-01-09,267.5,109.5199966430664,4.964000225067139,27.989999771118164,1300.800048828125,,-0.001867414174795634
2001-01-10,264.70001220703125,109.86000061035156,5.084000110626221,26.799999237060547,1313.27001953125,,-0.010522410986530062
2001-01-11,264.0,109.01000213623047,5.116000175476074,25.790000915527344,1326.8199462890625,,-0.0026480522032148457
2001-01-12,263.8999938964844,109.36000061035156,5.230000019073486,24.559999465942383,1318.550048828125,,-0.00037888276517605846
2001-01-16,263.29998779296875,110.11000061035156,5.234000205993652,25.280000686645508,1326.6500244140625,,-0.0022762002405603
2001-01-17,263.20001220703125,110.80999755859375,5.156000137329102,24.93000030517578,1329.469970703125,,-0.00037977431012059526
2001-01-18,264.20001220703125,109.94000244140625,5.09499979019165,23.3700008392334,1347.969970703125,,0.0037921924615167413
2001-01-19,264.29998779296875,110.66000366210938,5.173999786376953,23.239999771118164,1342.5400390625,,0.0003783371319965312
2001-01-22,266.3999938964844,110.23999786376953,5.2210001945495605,23.25,1342.9000244140625,,0.007914140331166664
2001-01-23,266.1000061035156,110.23999786376953,5.27400016784668,21.56999969482422,1360.4000244140625,,-0.001126714834571274
2001-01-24,264.29998779296875,111.68000030517578,5.302999973297119,22.030000686645508,1364.300048828125,,-0.0067874254965953895
2001-01-25,264.5,111.61000061035156,5.269999980926514,22.639999389648438,1357.510009765625,,0.0007564758743816569
2001-01-26,262.79998779296875,111.45999908447266,5.252999782562256,22.56999969482422,1354.949951171875,,-0.006448011137790033
2001-01-29,262.79998779296875,111.7699966430664,5.295000076293945,22.610000610351562,1364.1700439453125,,0.0
2001-01-30,265.5,110.9800033569336,5.211999893188477,22.56999969482422,1373.72998046875,,0.010221600521429508
2001-01-31,265.6000061035156,110.5199966430664,5.178999900817871,22.020000457763672,1366.010009765625,,0.0003765999003890741
2001-02-01,268.5,109.66000366210938,5.060999870300293,21.65999984741211,1373.469970703125,,0.010859473366537031
2001-02-02,267.1000061035156,110.31999969482422,5.138000011444092,21.950000762939453,1349.469970703125,,-0.005227770981954372
2001-02-05,265.20001220703125,109.88999938964844,5.145999908447266,22.190000534057617,1354.31005859375,,-0.007138838625729171
2001-02-06,263.29998779296875,110.7699966430664,5.195000171661377,21.979999542236328,1352.260009765625,,-0.007190284200656372
2001-02-07,262.79998779296875,110.88999938964844,5.178999900817871,21.670000076293945,1340.8900146484375,,-0.0019007799800156988
2001-02-08,260.1000061035156,112.05999755859375,5.098999977111816,21.459999084472656,1332.530029296875,,-0.010327044239923922
2001-02-09,259.8999938964844,111.5199966430664,5.015999794006348,22.030000686645508,1314.760009765625,,-0.0007692777572883003
2001-02-12,260.70001220703125,111.19000244140625,5.047999858856201,21.920000076293945,1330.31005859375,,0.00307344960015854
2001-02-13,260.29998779296875,111.95999908447266,5.067999839782715,21.3700008392334,1318.800048828125,,-0.0015356026590014338
2001-02-14,259.3999938964844,112.04000091552734,5.105000019073486,21.520000457763672,1315.9200439453125,,-0.0034635167515242316
2001-02-15,255.10000610351562,113.19999694824219,5.177999973297119,20.270000457763672,1326.6099853515625,,-0.016715599279246263
2001-02-16,258.20001220703125,112.26000213623047,5.0929999351501465,22.1200008392334,1301.530029296875,,0.012078876616228307
2001-02-20,256.1000061035156,112.81999969482422,5.0970001220703125,24.690000534057617,1278.93994140625,,-0.008166508651939353
2001-02-21,258.20001220703125,113.12000274658203,5.129000186920166,25.75,1255.27001953125,,0.008166508651939353
2001-02-22,258.5,113.33999633789062,5.1539998054504395,26.760000228881836,1252.8199462890625,,0.0011611682585170868
2001-02-23,260.8999938964844,112.02999877929688,5.079999923706055,27.209999084472656,1245.8599853515625,,0.00924147480011861
2001-02-26,265.79998779296875,112.7699966430664,5.035999774932861,25.43000030517578,1267.6500244140625,,0.018606931604916
2001-02-27,267.3999938964844,112.33999633789062,4.955999851226807,26.489999771118164,1257.93994140625,,0.006001541488910966
2001-02-28,266.79998779296875,112.01000213623047,4.9079999923706055,28.350000381469727,1239.93994140625,,-0.002246373554451786
2001-03-01,265.20001220703125,111.27999877929688,4.855999946594238,28.079999923706055,1241.22998046875,,-0.006014963946741503
2001-03-02,262.1000061035156,111.16999816894531,4.942999839782715,27.43000030517578,1234.1800537109375,,-0.011758170724903039
2001-03-05,262.5,111.54000091552734,4.9629998207092285,27.1200008392334,1241.4100341796875,,0.0015249484153452286
2001-03-06,259.8999938964844,111.19999694824219,4.9710001945495605,25.889999389648438,1253.800048828125,,-0.009954163868326482
2001-03-07,261.3999938964844,111.83000183105469,4.919000148773193,24.1200008392334,1261.8900146484375,,0.005754859677436386
2001-03-08,265.3999938964844,111.48999786376953,4.88700008392334,24.290000915527344,1264.739990234375,,0.0151863210598977
2001-03-09,270.79998779296875,111.44000244140625,4.931000232696533,25.6200008392334,1233.4200439453125,,0.020142397059769834
2001-03-12,271.6000061035156,112.01000213623047,4.919000148773193,30.31999969482422,1180.1600341796875,,0.002949922196529009
2001-03-13,266.79998779296875,113.11000061035156,4.931000232696533,27.549999237060547,1197.6600341796875,,-0.017831149869007135
2001-03-14,262.5,113.69999694824219,4.85099983215332,29.610000610351562,1166.7099609375,,-0.016248186256299313
2001-03-15,260.0,114.70999908447266,4.803999900817871,28.559999465942383,1173.56005859375,,-0.009569451016150587
2001-03-16,258.1000061035156,115.31999969482422,4.751999855041504,29.90999984741211,1150.530029296875,,-0.007334500643088049
2001-03-19,259.79998779296875,115.19999694824219,4.815000057220459,29.780000686645508,1170.81005859375,,0.006564926877794974
2001-03-20,260.5,114.11000061035156,4.790999889373779,30.959999084472656,1142.6199951171875,,0.0026908039431869923
2001-03-21,261.8999938964844,115.52999877929688,4.76800012588501,31.93000030517578,1122.1400146484375,,0.0053598670154881844
2001-03-22,261.1000061035156,116.30000305175781,4.708000183105469,32.84000015258789,1117.5799560546875,,-0.0030592291276656525
2001-03-23,261.5,115.94000244140625,4.798999786376953,30.450000762939453,1139.8299560546875,,0.0015307844237337775
2001-03-26,261.8999938964844,115.20999908447266,4.8470001220703125,29.040000915527344,1152.68994140625,,0.001528444703931875
2001-03-27,261.0,115.43000030517578,4.982999801635742,27.040000915527344,1182.1700439453125,,-0.003442320886215988
2001-03-28,259.70001220703125,116.01000213623047,4.9710001945495605,28.579999923706055,1153.2900390625,,-0.004993241649636104
2001-03-29,258.79998779296875,116.5999984741211,4.9629998207092285,29.170000076293945,1147.949951171875,,-0.0034716502141307615
2001-03-30,257.8999938964844,117.37000274658203,4.914999961853027,28.639999389648438,1160.3299560546875,,-0.0034836262378385996
2001-04-02,255.60000610351562,117.33999633789062,4.9710001945495605,31.209999084472656,1145.8699951171875,,-0.008958142838539906
2001-04-03,256.79998779296875,115.62999725341797,4.934999942779541,34.720001220703125,1106.4599609375,,0.0046837778980881595
2001-04-04,258.3999938964844,115.08000183105469,4.922999858856201,34.06999969482422,1103.25,,0.00621122400739349
2001-04-05,258.1000061035156,115.47000122070312,4.9629998207092285,29.940000534057617,1151.43994140625,,-0.0011616179155904405
2001-04-06,260.0,114.75,4.874000072479248,31.690000534057617,1128.4300537109375,,0.007334500643088049
2001-04-09,258.29998779296875,115.20999908447266,4.906000137329102,31.90999984741211,1137.5899658203125,,-0.006559978172855807
2001-04-10,257.29998779296875,116.0199966430664,5.067999839782715,29.440000534057617,1168.3800048828125,,-0.00387898099776951
2001-04-11,258.70001220703125,116.12999725341797,5.109000205993652,28.459999084472656,1165.8900146484375,,0.005426464533130115
2001-04-12,260.1000061035156,115.54000091552734,5.145999908447266,26.1200008392334,1183.5,,0.005397059542607607
2001-04-16,263.29998779296875,116.18000030517578,5.275000095367432,26.329999923706055,1179.6800537109375,,0.01222782421993962
2001-04-17,261.1000061035156,116.45999908447266,5.188000202178955,25.610000610351562,1191.81005859375,,-0.008390521059335576
2001-04-18,261.29998779296875,116.12999725341797,5.118000030517578,24.1299991607666,1238.1600341796875,,0.0007656267287838858
2001-04-19,265.29998779296875,115.0199966430664,5.232999801635742,24.15999984741211,1253.68994140625,,0.015192089321485192
2001-04-20,264.79998779296875,114.31999969482422,5.263000011444092,25.3799991607666,1242.97998046875,,-0.001886437167721411
2001-04-23,263.70001220703125,114.7699966430664,5.188000202178955,28.15999984741211,1224.3599853515625,,-0.004162638313193412
2001-04-24,264.1000061035156,115.19999694824219,5.188000202178955,28.489999771118164,1209.469970703125,,0.001515702763111193
2001-04-25,262.3999938964844,114.9800033569336,5.254000186920166,27.399999618530273,1228.75,,-0.006457808604125148
2001-04-26,264.3999938964844,114.45999908447266,5.191999912261963,25.959999084472656,1234.52001953125,,0.007593051083545355
2001-04-27,263.8999938964844,115.62000274658203,5.313000202178955,24.020000457763672,1253.050048828125,,-0.001892864511989778
2001-04-30,264.0,115.8499984741211,5.3379998207092285,25.479999542236328,1249.4599609375,,0.00037888276517605846
2001-05-01,264.3999938964844,115.30000305175781,5.288000106811523,24.200000762939453,1266.43994140625,,0.0015139817468137196
2001-05-02,265.3999938964844,115.16000366210938,5.283999919891357,24.229999542236328,1267.4300537109375,,0.003775014007556088
2001-05-03,266.29998779296875,115.37999725341797,5.201000213623047,25.780000686645508,1248.5799560546875,,0.0033853480798029523
2001-05-04,266.1000061035156,114.93000030517578,5.184000015258789,23.90999984741211,1266.6099853515625,,-0.0007512460599210513
2001-05-07,266.1000061035156,115.31999969482422,5.204999923706055,24.860000610351562,1263.510009765625,,0.0
2001-05-08,265.1000061035156,116.08000183105469,5.2170000076293945,24.440000534057617,1261.199951171875,,-0.0037650646021418765
2001-05-09,270.0,116.05000305175781,5.168000221252441,24.350000381469727,1255.5400390625,,0.018314822679949216
2001-05-10,269.1000061035156,116.37000274658203,5.271999835968018,24.0,1255.1800537109375,,-0.003338878584298044
2001-05-11,267.8999938964844,116.83999633789062,5.484000205993652,23.540000915527344,1245.6700439453125,,-0.004469326646327154
2001-05-14,268.29998779296875,117.13999938964844,5.415999889373779,24.260000228881836,1248.9200439453125,,0.0014919581661336778
2001-05-15,268.1000061035156,116.79000091552734,5.480000019073486,23.709999084472656,1249.43994140625,,-0.0007456439261526171
2001-05-16,272.0,116.13999938964844,5.4670000076293945,21.889999389648438,1284.989990234375,,0.014441998288266866
2001-05-17,273.6000061035156,116.12000274658203,5.4670000076293945,21.469999313354492,1288.489990234375,,0.005865141760568626
2001-05-18,287.3999938964844,116.41000366210938,5.390999794006348,21.229999542236328,1291.9599609375,,0.049207744351351224
2001-05-21,285.3999938964844,116.5199966430664,5.386000156402588,20.760000228881836,1312.8299560546875,,-0.0069832687510107405
2001-05-22,285.1000061035156,117.69000244140625,5.39900016784668,21.350000381469727,1309.3800048828125,,-0.00105166632994802
2001-05-23,283.6000061035156,118.29000091552734,5.390999794006348,22.079999923706055,1289.050048828125,,-0.005275201147422415
2001-05-24,279.1000061035156,118.36000061035156,5.488999843597412,20.56999969482422,1293.1700439453125,,-0.01599465376869791
2001-05-25,277.8999938964844,118.18000030517578,5.485000133514404,20.600000381469727,1277.8900146484375,,-0.004308847625373424
2001-05-29,273.79998779296875,118.22000122070312,5.506999969482422,22.139999389648438,1267.9300537109375,,-0.014863446514869594
2001-05-30,265.70001220703125,118.22000122070312,5.502999782562256,22.760000228881836,1248.0799560546875,,-0.030029969561918612
2001-05-31,265.29998779296875,119.06999969482422,5.413000106811523,22.639999389648438,1255.8199462890625,,-0.0015066835771637699
2001-06-01,266.3999938964844,118.88999938964844,5.354000091552734,21.59000015258789,1260.6700439453125,,0.00413770062362584
2001-06-04,264.8999938964844,119.19000244140625,5.323999881744385,21.3799991607666,1267.1099853515625,,-0.005646542517943942
2001-06-05,265.70001220703125,118.69999694824219,5.261000156402588,19.579999923706055,1283.5699462890625,,0.0030155254714818724
2001-06-06,265.70001220703125,119.36000061035156,5.264999866485596,20.389999389648438,1270.030029296875,,0.0
2001-06-07,266.0,119.08999633789062,5.295000076293945,19.670000076293945,1276.9599609375,,0.0011284100730222235
2001-06-08,273.3999938964844,119.20999908447266,5.333000183105469,19.920000076293945,1264.9599609375,,0.02743959318365974
2001-06-11,267.8999938964844,120.05000305175781,5.2870001792907715,20.700000762939453,1254.3900146484375,,-0.020322148197609025
2001-06-12,271.5,119.61000061035156,5.239999771118164,20.700000762939453,1255.8499755859375,,0.013348385606239965
2001-06-13,272.0,119.02999877929688,5.256999969482422,21.450000762939453,1241.5999755859375,,0.0018399269220079617
2001-06-14,275.29998779296875,117.98999786376953,5.215000152587891,23.1200008392334,1219.8699951171875,,0.01205930151173007
2001-06-15,271.20001220703125,118.29000091552734,5.228000164031982,22.809999465942383,1214.3599853515625,,-0.01500476673031148
2001-06-18,272.3999938964844,118.36000061035156,5.241000175476074,23.170000076293945,1208.4300537109375,,0.004414950791495897
2001-06-19,273.3999938964844,119.04000091552734,5.228000164031982,22.34000015258789,1212.5799560546875,,0.0036643500964466114
2001-06-20,272.3999938964844,119.12999725341797,5.198999881744385,21.709999084472656,1223.1400146484375,,-0.0036643500964466114
2001-06-21,272.6000061035156,118.88999938964844,5.177999973297119,19.3799991607666,1237.0400390625,,0.0007339897835256792
2001-06-22,272.29998779296875,118.91000366210938,5.124000072479248,20.020000457763672,1225.3499755859375,,-0.0011011868020718296
2001-06-25,273.70001220703125,118.31999969482422,5.131999969482422,20.670000076293945,1218.5999755859375,,0.005128305796307409
2001-06-26,276.20001220703125,118.06999969482422,5.223999977111816,21.200000762939453,1216.760009765625,,0.00909262452486459
2001-06-27,272.1000061035156,118.37999725341797,5.232999801635742,20.8799991607666,1211.0699462890625,,-0.01495561695118841
2001-06-28,269.29998779296875,120.01000213623047,5.326000213623047,20.010000228881836,1226.199951171875,,-0.01034371373154297
2001-06-29,270.6000061035156,119.43000030517578,5.389999866485596,19.059999465942383,1224.3800048828125,,0.004815783803370444
2001-07-02,269.3999938964844,119.66999816894531,5.330999851226807,18.760000228881836,1236.719970703125,,-0.004444496971873768
2001-07-03,267.6000061035156,119.5999984741211,5.377999782562256,18.920000076293945,1234.449951171875,,-0.0067038902578762105
2001-07-05,265.1000061035156,120.9000015258789,5.4120001792907715,20.09000015258789,1219.239990234375,,-0.009386214744001364
2001-07-06,265.8999938964844,119.9000015258789,5.374000072479248,21.6299991607666,1190.5899658203125,,0.0030131389763710104
2001-07-09,266.5,119.88999938964844,5.340000152587891,22.479999542236328,1198.780029296875,,0.002253968311102028
2001-07-10,266.20001220703125,119.12999725341797,5.271999835968018,23.25,1181.52001953125,,-0.0011262917882719492
2001-07-11,268.29998779296875,118.63999938964844,5.284999847412109,24.010000228881836,1180.1800537109375,,0.007857760116256607
2001-07-12,266.6000061035156,119.08999633789062,5.230000019073486,22.09000015258789,1208.1400146484375,,-0.006356281295368582
2001-07-13,267.1000061035156,119.33000183105469,5.234000205993652,21.139999389648438,1215.6800537109375,,0.0018737123284502388
2001-07-16,266.8999938964844,119.30000305175781,5.175000190734863,22.90999984741211,1202.449951171875,,-0.0007491094246612207
2001-07-17,268.1000061035156,118.9000015258789,5.178999900817871,22.610000610351562,1214.43994140625,,0.004486034465426947
2001-07-18,270.3999938964844,117.37999725341797,5.086999893188477,23.600000381469727,1207.7099609375,,0.008542253588904813
2001-07-19,269.3999938964844,117.33000183105469,5.104000091552734,22.510000228881836,1215.02001953125,,-0.0037050802763323176
2001-07-20,269.8999938964844,117.20999908447266,5.111999988555908,22.34000015258789,1210.8499755859375,,0.001854256089666606
2001-07-23,268.79998779296875,117.8499984741211,5.107999801635742,23.739999771118164,1191.030029296875,,-0.004083934174039072
2001-07-24,269.70001220703125,117.12000274658203,5.086999893188477,25.239999771118164,1171.6500244140625,,0.0033427121712694685
2001-07-25,267.70001220703125,116.63999938964844,5.107999801635742,24.0,1190.489990234375,,-0.007443279281226012
2001-07-26,266.20001220703125,116.73999786376953,5.150000095367432,23.010000228881836,1202.9300537109375,,-0.005619044308347476
2001-07-27,267.3999938964844,116.94000244140625,5.0960001945495605,22.0,1205.8199462890625,,0.004497690024802381
2001-07-30,264.6000061035156,117.19999694824219,5.0960001945495605,22.690000534057617,1204.52001953125,,-0.010526367094621847
2001-07-31,266.20001220703125,117.18000030517578,5.0370001792907715,21.6200008392334,1211.22998046875,,0.006028677069819466
2001-08-01,267.3999938964844,116.55999755859375,5.065999984741211,20.559999465942383,1215.9300537109375,,0.004497690024802381
2001-08-02,267.3999938964844,116.27999877929688,5.125,20.09000015258789,1220.75,,0.0
2001-08-03,267.8999938964844,116.13999938964844,5.158999919891357,19.889999389648438,1214.3499755859375,,0.001868111925320548
2001-08-06,267.1000061035156,116.41999816894531,5.176000118255615,21.889999389648438,1200.47998046875,,-0.0029906108007846655
2001-08-07,267.20001220703125,116.83000183105469,5.171999931335449,21.010000228881836,1204.4000244140625,,0.0003743443805213076
2001-08-08,267.8999938964844,116.54000091552734,5.053999900817871,22.31999969482422,1183.530029296875,,0.002616266420263358
2001-08-09,273.3999938964844,115.25,5.0279998779296875,21.75,1183.4300537109375,,0.020322148197609025
2001-08-10,273.8999938964844,115.29000091552734,5.015999794006348,20.549999237060547,1190.1600341796875,,0.0018271520199357738
2001-08-13,275.70001220703125,115.01000213623047,4.960000038146973,20.420000076293945,1191.2900390625,,0.006550308320956155
2001-08-14,276.29998779296875,114.38999938964844,4.9679999351501465,20.479999542236328,1186.72998046875,,0.002173825442767452
2001-08-15,275.70001220703125,113.19000244140625,4.992000102996826,20.90999984741211,1178.02001953125,,-0.002173825442767452
2001-08-16,275.20001220703125,113.08000183105469,4.935999870300293,21.540000915527344,1181.6600341796875,,-0.0018152118901184622
2001-08-17,279.29998779296875,112.98999786376953,4.841000080108643,23.84000015258789,1161.969970703125,,0.014788278829192869
2001-08-20,276.1000061035156,113.4000015258789,4.895999908447266,22.8700008392334,1171.4100341796875,,-0.011523288203038717
2001-08-21,275.0,113.29000091552734,4.875999927520752,24.399999618530273,1157.260009765625,,-0.003992043375714793
2001-08-22,274.8999938964844,113.2699966430664,4.895999908447266,22.440000534057617,1165.31005859375,,-0.0003637246980474629
2001-08-23,275.29998779296875,113.08999633789062,4.875999927520752,22.229999542236328,1162.0899658203125,,0.0014539948392036095
2001-08-24,272.5,113.33000183105469,4.9120001792907715,19.709999084472656,1184.9300537109375,,-0.010222753704429266
2001-08-27,272.6000061035156,113.38999938964844,4.932000160217285,20.559999465942383,1179.2099609375,,0.000366927549139362
2001-08-28,272.29998779296875,113.43000030517578,4.8480000495910645,22.0,1161.510009765625,,-0.0011011868020718296
2001-08-29,273.70001220703125,113.54000091552734,4.7769999504089355,23.030000686645508,1148.56005859375,,0.005128305796307409
2001-08-30,275.3999938964844,112.83999633789062,4.781000137329102,25.40999984741211,1129.030029296875,,0.0061919034855142385
2001-08-31,274.3999938964844,113.41999816894531,4.815999984741211,24.920000076293945,1133.5799560546875,,-0.003637690523590642
2001-09-04,271.6000061035156,115.68000030517578,4.979000091552734,25.850000381469727,1132.93994140625,,-0.010256455451612467
2001-09-05,272.0,115.5999984741211,4.9670000076293945,26.350000381469727,1131.739990234375,,0.0014716481390131264
2001-09-06,273.0,114.97000122070312,4.855999946594238,28.610000610351562,1106.4000244140625,,0.0036697288889619983
2001-09-07,273.1000061035156,114.05000305175781,4.796000003814697,30.989999771118164,1085.780029296875,,0.0003662556437129538
2001-09-10,271.6000061035156,114.56999969482422,4.835000038146973,31.84000015258789,1092.5400390625,,-0.005507632671688079
2001-09-14,290.20001220703125,114.56999969482422,4.835000038146973,31.84000015258789,1092.5400390625,,0.06623996435730373
2001-09-17,289.79998779296875,112.01000213623047,4.611000061035156,41.7599983215332,1038.77001953125,,-0.0013793947499678438
2001-09-18,288.1000061035156,111.91999816894531,4.704999923706055,38.869998931884766,1032.739990234375,,-0.0058833244884315405
2001-09-19,291.5,111.61000061035156,4.681000232696533,40.560001373291016,1016.0999755859375,,0.011732342514657823
2001-09-20,289.0,111.87000274658203,4.728000164031982,43.7400016784668,984.5399780273438,,-0.008613317678114463
2001-09-21,291.8999938964844,113.04000091552734,4.689000129699707,42.65999984741211,965.7999877929688,,0.009984568838024899
2001-09-24,289.70001220703125,112.83999633789062,4.699999809265137,37.75,1003.4500122070312,,-0.007565310038352813
2001-09-25,290.5,112.27999877929688,4.699999809265137,35.810001373291016,1012.27001953125,,0.0027576293798619034
2001-09-26,293.29998779296875,112.29000091552734,4.63700008392334,35.2599983215332,1007.0399780273438,,0.009592358071829565
2001-09-27,291.70001220703125,112.9800033569336,4.559000015258789,34.0,1018.6099853515625,,-0.005470015642225157
2001-09-28,292.3999938964844,113.4800033569336,4.574999809265137,31.93000030517578,1040.93994140625,,0.0023967882801958496
2001-10-01,292.20001220703125,113.0,4.543000221252441,32.31999969482422,1038.550048828125,,-0.0006841659088809848
2001-10-02,289.8999938964844,113.01000213623047,4.51200008392334,31.18000030517578,1051.3299560546875,,-0.00790252621914167
2001-10-03,290.5,113.4000015258789,4.458000183105469,31.34000015258789,1072.280029296875,,0.0020675614182223967
2001-10-04,290.5,113.16000366210938,4.507999897003174,31.969999313354492,1069.6300048828125,,0.0
2001-10-05,291.3999938964844,112.91000366210938,4.504000186920166,33.38999938964844,1071.3800048828125,,0.0030932965236480925
2001-10-08,292.3999938964844,112.58999633789062,4.504000186920166,35.119998931884766,1062.43994140625,,0.0034258341861521657
2001-10-09,288.8999938964844,113.3499984741211,4.573999881744385,34.83000183105469,1056.75,,-0.012042120656318822
2001-10-10,285.70001220703125,113.69999694824219,4.589000225067139,31.600000381469727,1080.989990234375,,-0.01113823438197592
2001-10-11,281.79998779296875,114.44000244140625,4.664000034332275,31.5,1097.4300537109375,,-0.013744795816959865
2001-10-12,284.8999938964844,113.88999938964844,4.658999919891357,35.27000045776367,1091.6500244140625,,0.010940663933989292
2001-10-15,282.1000061035156,113.81999969482422,4.607999801635742,35.310001373291016,1089.97998046875,,-0.009876580436550597
2001-10-16,282.29998779296875,113.91999816894531,4.568999767303467,32.880001068115234,1097.5400390625,,0.0007086523741488548
2001-10-17,283.3999938964844,114.37999725341797,4.560999870300293,35.08000183105469,1077.0899658203125,,0.0038890137017277837
2001-10-18,279.20001220703125,114.3499984741211,4.560999870300293,34.95000076293945,1068.6099853515625,,-0.014930891110152444
2001-10-19,280.1000061035156,114.86000061035156,4.599999904632568,34.11000061035156,1073.47998046875,,0.003218289446875744
2001-10-22,275.5,115.75,4.604000091552734,32.25,1089.9000244140625,,-0.016559075463581152
2001-10-23,276.1000061035156,115.8499984741211,4.635000228881836,32.0,1084.780029296875,,0.0021755124493170186
2001-10-24,275.8999938964844,115.5999984741211,4.584000110626221,30.950000762939453,1085.199951171875,,-0.0007246819412483063
2001-10-25,277.79998779296875,115.55000305175781,4.5370001792907715,29.459999084472656,1100.0899658203125,,0.006862927277406783
2001-10-26,277.8999938964844,115.6500015258789,4.520999908447266,28.420000076293945,1104.6099853515625,,0.00035992840702014917
2001-10-29,279.1000061035156,114.44000244140625,4.4670000076293945,31.639999389648438,1078.300048828125,,0.004308847625373424
2001-10-30,280.6000061035156,114.3499984741211,4.4120001792907715,33.459999084472656,1059.7900390625,,0.005360027009181145
2001-10-31,279.5,114.86000061035156,4.263000011444092,33.560001373291016,1059.780029296875,,-0.00392789682486594
2001-11-01,279.70001220703125,114.45999908447266,4.2170000076293945,32.310001373291016,1084.0999755859375,,0.0007153512560602593
2001-11-02,279.79998779296875,114.54000091552734,4.3460001945495605,30.709999084472656,1087.199951171875,,0.0003573747524630022
2001-11-05,278.5,114.54000091552734,4.296000003814697,30.5,1102.8399658203125,,-0.004656959236338132
2001-11-06,279.70001220703125,114.80999755859375,4.269000053405762,28.799999237060547,1118.8599853515625,,0.00429958448387513
2001-11-07,281.0,114.9800033569336,4.201000213623047,29.1299991607666,1115.800048828125,,0.0046370254825314206
2001-11-08,276.79998779296875,115.12999725341797,4.302999973297119,28.6200008392334,1118.5400390625,,-0.015059489690778527
2001-11-09,277.3999938964844,115.08999633789062,4.307000160217285,27.440000534057617,1120.31005859375,,0.0021653062351845165
2001-11-12,278.29998779296875,115.33999633789062,4.314000129699707,29.350000381469727,1118.3299560546875,,0.0032391387908425884
2001-11-13,277.79998779296875,116.4000015258789,4.368000030517578,26.469999313354492,1139.0899658203125,,-0.0017982382905490368
2001-11-14,277.79998779296875,116.19999694824219,4.514999866485596,26.559999465942383,1141.2099609375,,0.0
2001-11-15,275.1000061035156,116.51000213623047,4.728000164031982,25.559999465942383,1142.239990234375,,-0.009766696261381824
2001-11-16,274.70001220703125,116.41000366210938,4.885000228881836,25.06999969482422,1138.6500244140625,,-0.001455052578154259
2001-11-19,272.70001220703125,116.93000030517578,4.75600004196167,24.459999084472656,1151.06005859375,,-0.007307302923775794
2001-11-20,273.0,116.62000274658203,4.86899995803833,24.1200008392334,1142.6600341796875,,0.0010994605698266824
2001-11-21,272.8999938964844,117.1500015258789,4.966000080108643,24.190000534057617,1137.030029296875,,-0.000366389836059966
2001-11-26,272.29998779296875,117.11000061035156,5.002999782562256,23.790000915527344,1157.4200439453125,,-0.0022010504985336965
2001-11-27,273.20001220703125,116.88999938964844,4.949999809265137,24.0,1149.5,,0.003299817527934401
2001-11-28,274.1000061035156,116.16999816894531,4.946000099182129,25.899999618530273,1128.52001953125,,0.003288853197917163
2001-11-29,273.5,116.12999725341797,4.75600004196167,25.18000030517578,1140.199951171875,,-0.0021914037141819165
2001-11-30,273.8999938964844,116.12999725341797,4.74399995803833,23.84000015258789,1139.449951171875,,0.0014614321232588878
2001-12-03,276.8999938964844,115.95999908447266,4.703000068664551,25.770000457763672,1129.9000244140625,,0.01089335414931103
2001-12-04,275.3999938964844,116.08000183105469,4.6479997634887695,24.079999923706055,1144.800048828125,,-0.005431844002417918
2001-12-05,273.70001220703125,116.41000366210938,4.901000022888184,23.020000457763672,1170.3499755859375,,-0.0061919034855142385
2001-12-06,274.20001220703125,115.62999725341797,5.002999782562256,23.709999084472656,1167.0999755859375,,0.0018251510002533777
2001-12-07,273.8999938964844,116.1500015258789,5.1479997634887695,23.489999771118164,1158.31005859375,,-0.0010947576616322507
2001-12-10,272.20001220703125,116.26000213623047,5.136000156402588,25.6200008392334,1139.9300537109375,,-0.006225918922113216
2001-12-11,272.20001220703125,116.05000305175781,5.077000141143799,25.299999237060547,1136.760009765625,,0.0
2001-12-12,273.79998779296875,115.33000183105469,4.973999977111816,24.8700008392334,1137.0699462890625,,0.005860733207414093
2001-12-13,273.8999938964844,115.80000305175781,5.090000152587891,25.90999984741211,1119.3800048828125,,0.0003651857146991233
2001-12-14,278.0,114.93000030517578,5.160999774932861,24.6299991607666,1123.0899658203125,,0.014858059705342264
2001-12-17,277.70001220703125,114.93000030517578,5.27400016784668,24.260000228881836,1134.3599853515625,,-0.0010796754202635483
2001-12-18,280.3999938964844,115.1500015258789,5.131999969482422,23.290000915527344,1142.9200439453125,,0.009675695122886907
2001-12-19,275.5,115.4800033569336,5.035999774932861,22.579999923706055,1149.56005859375,,-0.017629504800290796
2001-12-20,276.0,115.58999633789062,5.048999786376953,23.670000076293945,1139.9300537109375,,0.0018132371241801337
2001-12-21,278.0,116.9800033569336,5.078000068664551,22.5,1144.8900146484375,,0.007220247973487304
2001-12-26,279.70001220703125,117.8499984741211,5.177999973297119,22.290000915527344,1149.3699951171875,,0.006096530160577096
2001-12-27,277.3999938964844,117.56999969482422,5.09499979019165,21.59000015258789,1157.1300048828125,,-0.00825715797306259
2001-12-28,276.5,117.26000213623047,5.10699987411499,21.399999618530273,1161.02001953125,,-0.0032496649157618407
2001-12-31,278.70001220703125,116.75,5.0320000648498535,23.799999237060547,1148.0799560546875,,0.007925157325408883
2002-01-02,278.8999938964844,115.79000091552734,5.1570000648498535,22.709999084472656,1154.6700439453125,,0.0007172944614008969
2002-01-03,278.20001220703125,116.11000061035156,5.119999885559082,21.34000015258789,1165.27001953125,,-0.002512949381240581
2002-01-04,278.8999938964844,116.33000183105469,5.140999794006348,20.450000762939453,1172.510009765625,,0.002512949381240581
2002-01-07,278.6000061035156,116.33000183105469,5.057000160217285,21.940000534057617,1164.8900146484375,,-0.0010761894956852203
2002-01-08,278.8999938964844,116.83000183105469,5.057000160217285,21.829999923706055,1160.7099609375,,0.0010761894956852203
2002-01-09,283.3999938964844,117.01000213623047,5.061999797821045,22.1299991607666,1155.1400146484375,,0.01600603297062797
2002-01-10,287.1000061035156,116.87999725341797,4.961999893188477,22.360000610351562,1156.550048828125,,0.01297130266638824
2002-01-11,287.3999938964844,116.63999938964844,4.859000205993652,22.600000381469727,1145.5999755859375,,0.0010443440217020594
2002-01-14,285.3999938964844,116.63999938964844,4.868000030517578,23.579999923706055,1138.4100341796875,,-0.0069832687510107405
2002-01-15,284.3999938964844,117.29000091552734,4.830999851226807,22.700000762939453,1146.18994140625,,-0.003510007188846309
2002-01-16,287.29998779296875,117.58999633789062,4.839000225067139,23.450000762939453,1127.5699462890625,,0.010145247028385818
2002-01-17,284.3999938964844,117.8499984741211,4.933000087738037,22.25,1138.8800048828125,,-0.010145247028385818
2002-01-18,283.1000061035156,117.51000213623047,4.888000011444092,22.520000457763672,1127.5799560546875,,-0.004581462790632429
2002-01-22,281.5,117.75,4.900000095367432,23.610000610351562,1119.31005859375,,-0.005667766097682936
2002-01-23,278.6000061035156,118.47000122070312,5.0,21.8799991607666,1128.1800537109375,,-0.010355364326231076
2002-01-24,278.1000061035156,118.63999938964844,5.0289998054504395,21.149999618530273,1132.1500244140625,,-0.0017963000663980822
2002-01-25,278.79998779296875,119.8499984741211,5.071000099182129,21.010000228881836,1133.280029296875,,0.002513851915065146
2002-01-28,278.29998779296875,120.04000091552734,5.078999996185303,21.139999389648438,1133.06005859375,,-0.0017950104331871941
2002-01-29,281.3999938964844,119.62000274658203,4.974999904632568,24.350000381469727,1100.6400146484375,,0.0110774983214732
2002-01-30,281.8999938964844,119.7300033569336,4.9710001945495605,23.219999313354492,1113.5699462890625,,0.0017752534782493612
2002-01-31,282.1000061035156,120.23999786376953,5.025000095367432,21.09000015258789,1130.199951171875,,0.0007092631752341205
2002-02-01,286.0,119.79000091552734,4.979000091552734,21.1200008392334,1122.199951171875,,0.013730171175901695
2002-02-04,289.29998779296875,118.9000015258789,4.895999908447266,24.8700008392334,1094.43994140625,,0.011472358967174578
2002-02-05,298.20001220703125,119.4000015258789,4.925000190734863,25.450000762939453,1090.02001953125,,0.03030027347932851
2002-02-06,297.5,119.30000305175781,4.928999900817871,26.09000015258789,1083.510009765625,,-0.002350218280670724
2002-02-07,299.70001220703125,119.06999969482422,4.931000232696533,25.110000610351562,1080.1700439453125,,0.00736779006776711
2002-02-08,303.5,118.9800033569336,4.879000186920166,23.260000228881836,1096.219970703125,,0.01259959544610112
2002-02-11,300.1000061035156,118.44000244140625,4.89900016784668,21.780000686645508,1111.93994140625,,-0.011265837714959481
2002-02-12,300.70001220703125,118.25,4.9670000076293945,21.6200008392334,1107.5,,0.001997357805270994
2002-02-13,299.3999938964844,118.80000305175781,5.002999782562256,20.850000381469727,1118.510009765625,,-0.004332678990160765
2002-02-14,299.70001220703125,118.43000030517578,4.959000110626221,21.770000457763672,1116.47998046875,,0.0010015634537481333
2002-02-15,298.3999938964844,118.5999984741211,4.86299991607666,22.3700008392334,1104.1800537109375,,-0.00434716717798711
2002-02-19,293.20001220703125,118.36000061035156,4.882999897003174,24.43000030517578,1083.3399658203125,,-0.01757983622916548
2002-02-20,292.29998779296875,118.93000030517578,4.879000186920166,22.65999984741211,1097.97998046875,,-0.003074381291095385
2002-02-21,293.20001220703125,119.16000366210938,4.870999813079834,23.799999237060547,1080.949951171875,,0.003074381291095385
2002-02-22,293.20001220703125,118.4800033569336,4.827000141143799,22.860000610351562,1089.8399658203125,,0.0
2002-02-25,292.70001220703125,119.12999725341797,4.85099983215332,21.84000015258789,1109.4300537109375,,-0.001706776243535657
2002-02-26,298.0,119.81999969482422,4.914999961853027,21.68000030517578,1109.3800048828125,,0.017945251102641002
2002-02-27,296.29998779296875,119.56999969482422,4.8470001220703125,21.489999771118164,1109.8900146484375,,-0.00572107312410175
2002-02-28,296.70001220703125,119.16000366210938,4.859000205993652,21.59000015258789,1106.72998046875,,0.0013491550581461453
2002-03-01,298.0,119.4000015258789,4.9710001945495605,19.959999084472656,1131.780029296875,,0.0043719180659556045
2002-03-04,296.70001220703125,118.80999755859375,4.999000072479248,20.5,1153.8399658203125,,-0.0043719180659556045
2002-03-05,294.0,118.56999969482422,5.007999897003174,20.299999237060547,1146.1400146484375,,-0.009141801100767566
2002-03-06,293.5,117.95999908447266,5.0320000648498535,19.940000534057617,1162.77001953125,,-0.0017021280705300512
2002-03-07,290.1000061035156,116.80000305175781,5.211999893188477,20.040000915527344,1157.5400390625,,-0.011651927101442361
2002-03-08,290.1000061035156,117.98999786376953,5.315999984741211,19.270000457763672,1164.31005859375,,0.0
2002-03-11,291.1000061035156,117.7300033569336,5.320000171661377,19.84000015258789,1168.260009765625,,0.0034411595519436844
2002-03-12,293.6000061035156,117.80000305175781,5.303999900817871,19.59000015258789,1165.5799560546875,,0.008551445810248914
2002-03-13,293.6000061035156,117.95999908447266,5.26200008392334,19.459999084472656,1154.0899658203125,,0.0
2002-03-14,291.0,117.29000091552734,5.395999908447266,19.200000762939453,1153.0400390625,,-0.008895050357408785
2002-03-15,289.8999938964844,117.22000122070312,5.36299991607666,18.420000076293945,1166.1600341796875,,-0.0037872522977489
2002-03-18,292.1000061035156,117.5,5.303999900817871,18.93000030517578,1165.550048828125,,0.007560215415246319
2002-03-19,292.79998779296875,117.5,5.324999809265137,18.15999984741211,1170.2900390625,,0.0023935101074847864
2002-03-20,292.1000061035156,117.22000122070312,5.396999835968018,18.459999084472656,1151.8499755859375,,-0.0023935101074847864
2002-03-21,292.79998779296875,117.5199966430664,5.383999824523926,18.149999618530273,1153.5899658203125,,0.0023935101074847864
2002-03-22,297.29998779296875,118.05000305175781,5.388999938964844,17.770000457763672,1148.699951171875,,0.015251948547935434
2002-03-25,297.3999938964844,118.0999984741211,5.406000137329102,18.479999542236328,1131.8699951171875,,0.00033632455872645295
2002-03-26,296.6000061035156,118.13999938964844,5.334000110626221,18.1299991607666,1138.489990234375,,-0.0026935632210332017
2002-03-27,302.20001220703125,118.54000091552734,5.329999923706055,17.700000762939453,1144.5799560546875,,0.018704639950416713
2002-03-28,302.6000061035156,118.62000274658203,5.406000137329102,17.399999618530273,1147.3900146484375,,0.0013227312919781298
2002-04-01,303.20001220703125,117.7699966430664,5.427999973297119,18.729999542236328,1146.5400390625,,0.001980872504374176
2002-04-02,305.8999938964844,117.91999816894531,5.3480000495910645,19.15999984741211,1136.760009765625,,0.008865537175334559
2002-04-03,302.6000061035156,117.68000030517578,5.284999847412109,20.200000762939453,1125.4000244140625,,-0.010846409679708735
2002-04-04,301.1000061035156,117.94000244140625,5.271999835968018,19.780000686645508,1126.3399658203125,,-0.004969365766084088
2002-04-05,300.1000061035156,117.69000244140625,5.210000038146973,19.1299991607666,1122.72998046875,,-0.0033266829738209935
2002-04-08,300.5,118.19999694824219,5.235000133514404,19.610000610351562,1125.2900390625,,0.0013319811906686851
2002-04-09,298.79998779296875,117.58999633789062,5.210000038146973,19.469999313354492,1117.800048828125,,-0.005673341570118673
2002-04-10,301.70001220703125,117.51000213623047,5.2230000495910645,18.190000534057617,1130.469970703125,,0.009658774220697275
2002-04-11,302.20001220703125,117.37000274658203,5.202000141143799,20.299999237060547,1103.68994140625,,0.001655903606679665
2002-04-12,302.1000061035156,117.73999786376953,5.156000137329102,19.420000076293945,1111.010009765625,,-0.0003309816362673246
2002-04-15,300.0,117.63999938964844,5.126999855041504,19.81999969482422,1102.550048828125,,-0.006975633940052184
2002-04-16,298.79998779296875,117.37000274658203,5.177000045776367,18.110000610351562,1128.3699951171875,,-0.0040080622510574315
2002-04-17,302.1000061035156,116.5999984741211,5.218999862670898,18.43000030517578,1126.0699462890625,,0.010983696191109615
2002-04-18,304.5,116.38999938964844,5.215000152587891,19.290000915527344,1124.469970703125,,0.007912978553698657
2002-04-19,302.29998779296875,116.29000091552734,5.190000057220459,18.299999237060547,1125.1700439453125,,-0.007251225745060097
2002-04-22,303.0,116.43000030517578,5.169000148773193,19.770000457763672,1107.8299560546875,,0.0023129441044771326
2002-04-23,304.0,116.56999969482422,5.164999961853027,20.280000686645508,1100.9599609375,,0.003294895896853056
2002-04-24,304.29998779296875,116.1500015258789,5.09499979019165,20.770000457763672,1093.1400146484375,,0.0009863153815823367
2002-04-25,308.1000061035156,115.44999694824219,5.091000080108643,20.950000762939453,1091.47998046875,,0.012410408624995206
2002-04-26,311.6000061035156,115.04000091552734,5.058000087738037,22.139999389648438,1076.3199462890625,,0.01129590817145587
2002-04-29,311.20001220703125,114.88999938964844,5.098999977111816,24.049999237060547,1065.449951171875,,-0.0012845020543403862
2002-04-30,308.8999938964844,115.19000244140625,5.091000080108643,21.90999984741211,1076.9200439453125,,-0.00741825136425156
2002-05-01,309.1000061035156,114.54000091552734,5.058000087738037,20.059999465942383,1086.4599609375,,0.0006472887184942877
2002-05-02,308.29998779296875,114.87000274658203,5.098999977111816,20.06999969482422,1084.56005859375,,-0.0025915735867059198
2002-05-03,312.20001220703125,113.58999633789062,5.061999797821045,20.190000534057617,1073.4300537109375,,0.012570751883915321
2002-05-06,311.20001220703125,113.66000366210938,5.078999996185303,22.559999465942383,1052.6700439453125,,-0.0032082156514521287
2002-05-07,311.6000061035156,113.91999816894531,5.072999954223633,21.940000534057617,1049.489990234375,,0.0012845020543403862
2002-05-08,308.20001220703125,114.91000366210938,5.210000038146973,20.389999389648438,1088.8499755859375,,-0.010971371090741755
2002-05-09,309.5,114.5199966430664,5.186999797821045,21.559999465942383,1073.010009765625,,0.004209129631137287
2002-05-10,311.0,113.94999694824219,5.126999855041504,22.40999984741211,1054.989990234375,,0.004834820054583133
2002-05-13,310.6000061035156,114.1500015258789,5.21999979019165,20.719999313354492,1074.56005859375,,-0.001286981813921173
2002-05-14,307.29998779296875,115.08999633789062,5.294000148773193,19.350000381469727,1097.280029296875,,-0.010681500952373746
2002-05-15,308.70001220703125,114.12000274658203,5.251999855041504,19.190000534057617,1091.0699462890625,,0.004545541638520945
2002-05-16,309.79998779296875,114.12999725341797,5.186999797821045,18.5,1098.22998046875,,0.003556917528365844
2002-05-17,310.6000061035156,113.0,5.241000175476074,17.700000762939453,1106.5899658203125,,0.0025790417854869574
2002-05-20,315.70001220703125,112.81999969482422,5.189000129699707,19.239999771118164,1091.8800048828125,,0.01628650386518693
2002-05-21,315.79998779296875,112.80000305175781,5.1479997634887695,20.049999237060547,1079.8800048828125,,0.00031662893673090053
2002-05-22,318.0,112.33000183105469,5.099999904632568,19.579999923706055,1086.02001953125,,0.006942319612946335
2002-05-23,322.5,112.79000091552734,5.1479997634887695,18.229999542236328,1097.0799560546875,,0.014051753455650129
2002-05-24,320.3999938964844,112.80000305175781,5.138000011444092,18.899999618530273,1083.8199462890625,,-0.006532940091297235
2002-05-28,323.8999938964844,112.0999984741211,5.133999824523926,20.309999465942383,1074.550048828125,,0.010864611188926787
2002-05-29,325.3999938964844,111.48999786376953,5.077000141143799,20.389999389648438,1067.6600341796875,,0.004620368694517651
2002-05-30,325.5,111.16999816894531,5.0320000648498535,20.610000610351562,1064.6600341796875,,0.00030728562065007736
2002-05-31,326.5,111.80999755859375,5.043000221252441,19.979999542236328,1067.1400146484375,,0.0030674870678613075
2002-06-03,326.70001220703125,111.30000305175781,5.039999961853027,23.3700008392334,1040.6800537109375,,0.0006124072551880744
2002-06-04,327.79998779296875,111.08999633789062,5.01200008392334,23.889999389648438,1040.68994140625,,0.003361273098789752
2002-06-05,321.20001220703125,111.33999633789062,5.040999889373779,22.610000610351562,1049.9000244140625,,-0.02033960899340137
2002-06-06,324.8999938964844,110.83000183105469,5.010000228881836,24.15999984741211,1029.1500244140625,,0.011453403812163643
2002-06-07,324.6000061035156,110.98999786376953,5.061999797821045,23.510000228881836,1027.530029296875,,-0.0009237500055450099
2002-06-10,318.70001220703125,111.0999984741211,5.043000221252441,23.719999313354492,1030.739990234375,,-0.018343414157813598
2002-06-11,319.70001220703125,110.77999877929688,4.991000175476074,24.450000762939453,1013.5999755859375,,0.003132834522697081
2002-06-12,320.29998779296875,111.0,4.949999809265137,24.149999618530273,1020.260009765625,,0.0018749242553042222
2002-06-13,317.70001220703125,111.1500015258789,4.9070000648498535,25.020000457763672,1009.5599975585938,,-0.008150438805259341
2002-06-14,319.1000061035156,110.76000213623047,4.806000232696533,25.959999084472656,1007.27001953125,,0.004396972712870095
2002-06-17,317.3999938964844,110.8499984741211,4.855999946594238,24.639999389648438,1036.1700439453125,,-0.005341763548898371
2002-06-18,319.20001220703125,110.19999694824219,4.8480000495910645,24.239999771118164,1037.1400146484375,,0.005655114955651186
2002-06-19,319.79998779296875,109.66999816894531,4.72599983215332,26.059999465942383,1019.989990234375,,0.0018778584107916885
2002-06-20,323.20001220703125,108.94000244140625,4.826000213623047,27.479999542236328,1006.2899780273438,,0.010575602187195443
2002-06-21,324.6000061035156,108.19000244140625,4.755000114440918,27.229999542236328,989.1400146484375,,0.004322309467461594
2002-06-24,324.29998779296875,108.20999908447266,4.843999862670898,26.979999542236328,992.719970703125,,-0.0009246982115787006
2002-06-25,320.20001220703125,107.56999969482422,4.841000080108643,27.84000015258789,976.1400146484375,,-0.012723136986342531
2002-06-26,320.5,106.55999755859375,4.706999778747559,28.420000076293945,973.530029296875,,0.000936437674964985
2002-06-27,319.20001220703125,106.37000274658203,4.809999942779541,26.290000915527344,990.6400146484375,,-0.004064372542492478
2002-06-28,313.5,106.11000061035156,4.823999881744385,25.399999618530273,989.8200073242188,,-0.018018543745256466
2002-07-01,314.0,106.51000213623047,4.815000057220459,27.110000610351562,968.6500244140625,,0.0015936258352775567
2002-07-02,312.79998779296875,106.80000305175781,4.739999771118164,28.959999084472656,948.0900268554688,,-0.0038290162621335
2002-07-03,310.8999938964844,107.05000305175781,4.74399995803833,29.420000076293945,953.989990234375,,-0.006092672213176442
2002-07-08,312.1000061035156,106.30000305175781,4.811999797821045,28.25,976.97998046875,,0.0038523714000726628
2002-07-09,316.1000061035156,105.6500015258789,4.741000175476074,30.219999313354492,952.8300170898438,,0.012734969697368648
2002-07-10,314.70001220703125,106.01000213623047,4.645999908447266,34.099998474121094,920.469970703125,,-0.004438795670601792
2002-07-11,317.20001220703125,105.72000122070312,4.617000102996826,33.849998474121094,927.3699951171875,,0.007912685384614981
2002-07-12,315.6000061035156,105.88999938964844,4.59499979019165,32.939998626708984,921.3900146484375,,-0.00505691993327595
2002-07-15,319.6000061035156,104.66999816894531,4.620999813079834,35.029998779296875,917.9299926757812,,0.012594624678356148
2002-07-16,317.20001220703125,104.48999786376953,4.709000110626221,36.650001525878906,900.9400024414062,,-0.007537704745080198
2002-07-17,317.3999938964844,104.41999816894531,4.664999961853027,35.45000076293945,906.0399780273438,,0.0006302606181831649
2002-07-18,317.0,104.47000122070312,4.610000133514404,35.119998931884766,881.5599975585938,,-0.0012610149853005126
2002-07-19,323.8999938964844,104.05999755859375,4.565000057220459,38.16999816894531,847.75,,0.021533033456176298
2002-07-22,323.6000061035156,104.75,4.4670000076293945,41.869998931884766,819.8499755859375,,-0.0009266032878230135
2002-07-23,312.70001220703125,106.66000366210938,4.426000118255615,44.91999816894531,797.7000122070312,,-0.03426390054432282
2002-07-24,311.5,105.5199966430664,4.4029998779296875,39.86000061035156,843.4299926757812,,-0.0038449652738030693
2002-07-25,309.79998779296875,105.12000274658203,4.388000011444092,39.27000045776367,838.6799926757812,,-0.0054724496476818985
2002-07-26,303.3999938964844,106.61000061035156,4.367000102996826,35.5099983215332,852.8400268554688,,-0.02087484178245269
2002-07-29,302.5,107.0999984741211,4.5329999923706055,31.329999923706055,898.9600219726562,,-0.0029707693264766633
2002-07-30,303.70001220703125,106.80000305175781,4.580999851226807,31.920000076293945,902.780029296875,,0.003959134775179507
2002-07-31,303.20001220703125,107.41000366210938,4.465000152587891,32.029998779296875,911.6199951171875,,-0.00164771821720322
2002-08-01,304.0,107.0199966430664,4.401000022888184,36.95000076293945,884.6599731445312,,0.002635007377349119
2002-08-02,307.0,106.66999816894531,4.261000156402588,41.290000915527344,864.239990234375,,0.009820046180974984
2002-08-05,307.79998779296875,107.2699966430664,4.23799991607666,45.08000183105469,834.5999755859375,,0.0026024341586099453
2002-08-06,305.5,108.69000244140625,4.36899995803833,42.029998779296875,859.5700073242188,,-0.007500403134156564
2002-08-07,314.29998779296875,107.8499984741211,4.291999816894531,38.72999954223633,876.77001953125,,0.02839812635308281
2002-08-08,310.3999938964844,108.66000366210938,4.414999961853027,36.33000183105469,905.4600219726562,,-0.012486136319057373
2002-08-09,314.20001220703125,108.20999908447266,4.267000198364258,35.33000183105469,908.6400146484375,,0.012167996026994032
2002-08-12,314.1000061035156,107.41000366210938,4.2170000076293945,37.04999923706055,903.7999877929688,,-0.0003183386963092616
2002-08-13,314.20001220703125,107.11000061035156,4.116000175476074,35.81999969482422,884.2100219726562,,0.0003183386963092616
2002-08-14,311.79998779296875,106.79000091552734,4.063000202178955,32.36000061035156,919.6199951171875,,-0.007667847199190447
2002-08-15,314.29998779296875,106.72000122070312,4.163000106811523,29.43000030517578,930.25,,0.007985987491253788
2002-08-16,313.70001220703125,106.72000122070312,4.316999912261963,28.809999465942383,928.77001953125,,-0.0019107508550275654
2002-08-19,306.0,107.5199966430664,4.297999858856201,28.610000610351562,950.7000122070312,,-0.024852052157324778
2002-08-20,308.70001220703125,107.30999755859375,4.158999919891357,29.59000015258789,937.4299926757812,,0.008784869099079273
2002-08-21,307.6000061035156,107.13999938964844,4.190000057220459,28.229999542236328,949.3599853515625,,-0.00356971357759317
2002-08-22,306.6000061035156,108.12999725341797,4.289999961853027,27.75,962.7000122070312,,-0.003256271129057353
2002-08-23,306.70001220703125,107.97000122070312,4.228000164031982,29.31999969482422,940.8599853515625,,0.00032612457660619043
2002-08-26,309.3999938964844,107.86000061035156,4.205999851226807,29.889999389648438,947.9500122070312,,0.008764807490608817
2002-08-27,312.29998779296875,106.7699966430664,4.2820000648498535,30.110000610351562,934.8200073242188,,0.009329306789491731
2002-08-28,309.3999938964844,107.08000183105469,4.2179999351501465,33.31999969482422,917.8699951171875,,-0.009329306789491731
2002-08-29,312.8999938964844,106.69999694824219,4.160999774932861,33.66999816894531,917.7999877929688,,0.0112487127565295
2002-08-30,312.3999938964844,106.9800033569336,4.13700008392334,32.63999938964844,916.0700073242188,,-0.0015992327405252027
2002-09-03,313.3999938964844,105.56999969482422,3.9800000190734863,39.970001220703125,878.02001953125,,0.0031959120187297074
2002-09-04,314.8999938964844,106.0999984741211,3.953000068664551,37.439998626708984,893.4000244140625,,0.00477479827782723
2002-09-05,318.20001220703125,105.9800033569336,3.9100000858306885,38.86000061035156,879.1500244140625,,0.010425045541863298
2002-09-06,319.8999938964844,106.83999633789062,4.035999774932861,36.33000183105469,893.9199829101562,,0.005328273609574552
2002-09-09,321.29998779296875,107.0999984741211,4.046999931335449,36.45000076293945,902.9600219726562,,0.004366800253160719
2002-09-10,317.8999938964844,107.5199966430664,3.98799991607666,35.08000183105469,909.5800170898438,,-0.010638379411910037
2002-09-11,316.6000061035156,107.62000274658203,4.058000087738037,34.810001373291016,909.4500122070312,,-0.004097681992043967
2002-09-12,318.8999938964844,107.16000366210938,3.9670000076293945,37.5,886.9099731445312,,0.007238388151503905
2002-09-13,316.6000061035156,108.05999755859375,3.9000000953674316,35.81999969482422,889.8099975585938,,-0.007238388151503905
2002-09-16,317.1000061035156,108.23999786376953,3.874000072479248,36.7400016784668,891.0999755859375,,0.0015780340669921955
2002-09-17,317.0,108.33000183105469,3.86299991607666,38.0099983215332,873.52001953125,,-0.0003154269149421296
2002-09-18,320.6000061035156,107.76000213623047,3.8489999771118164,37.52000045776367,869.4600219726562,,0.01129248533596261
2002-09-19,322.6000061035156,107.0,3.7799999713897705,40.650001525878906,843.3200073242188,,0.006218925397628361
2002-09-20,321.8999938964844,107.52999877929688,3.7760000228881836,38.97999954223633,845.3900146484375,,-0.0021722652670153053
2002-09-23,323.0,107.86000061035156,3.680999994277954,39.68000030517578,833.7000122070312,,0.0034114038788004564
2002-09-24,325.8999938964844,107.5199966430664,3.6459999084472656,40.52000045776367,819.2899780273438,,0.008938243892673725
2002-09-25,322.20001220703125,107.79000091552734,3.759000062942505,37.33000183105469,839.6599731445312,,-0.011418058485953786
2002-09-26,320.29998779296875,107.68000030517578,3.7660000324249268,34.599998474121094,854.9500122070312,,-0.005914490125507932
2002-09-27,319.70001220703125,107.52999877929688,3.688999891281128,36.970001220703125,827.3699951171875,,-0.0018749242553042222
2002-09-30,323.8999938964844,106.87000274658203,3.6070001125335693,39.689998626708984,815.280029296875,,0.013051713084892391
2002-10-01,320.8999938964844,107.06999969482422,3.6989998817443848,34.119998931884766,847.9099731445312,,-0.009305278237638603
2002-10-02,321.5,107.16000366210938,3.700000047683716,36.83000183105469,827.9099731445312,,0.0018680145818557037
2002-10-03,321.1000061035156,106.97000122070312,3.684000015258789,37.310001373291016,818.9500122070312,,-0.0012449235740596976
2002-10-04,322.1000061035156,107.5999984741211,3.684999942779541,39.459999084472656,800.5800170898438,,0.0031094551826713612
2002-10-07,321.8999938964844,107.55000305175781,3.630000114440918,42.63999938964844,785.280029296875,,-0.0006211559424293966
2002-10-08,318.20001220703125,108.06999969482422,3.635999917984009,41.02000045776367,798.5499877929688,,-0.011560765077406998
2002-10-09,319.6000061035156,106.94000244140625,3.5799999237060547,42.130001068115234,776.760009765625,,0.0043900787230288785
2002-10-10,316.5,107.19999694824219,3.6549999713897705,37.54999923706055,803.9199829101562,,-0.009746991405246597
2002-10-11,316.29998779296875,107.25,3.812999963760376,35.70000076293945,835.3200073242188,,-0.0006321498658357072
2002-10-14,317.79998779296875,107.1500015258789,3.811000108718872,36.040000915527344,841.4400024414062,,0.004731123973170881
2002-10-15,312.6000061035156,107.77999877929688,3.996000051498413,34.02000045776367,881.27001953125,,-0.01649777817918796
2002-10-16,314.0,107.62999725341797,4.033999919891357,36.0,860.02001953125,,0.0044685483958746275
2002-10-17,311.6000061035156,108.37000274658203,4.136000156402588,34.099998474121094,879.2000122070312,,-0.007672652323997831
2002-10-18,312.70001220703125,108.5199966430664,4.133999824523926,33.529998779296875,884.3900146484375,,0.0035239699170555028
2002-10-21,310.8999938964844,108.2300033569336,4.2210001945495605,33.11000061035156,899.719970703125,,-0.005773006068367614
2002-10-22,313.0,107.94000244140625,4.251999855041504,34.09000015258789,890.1599731445312,,0.006731893107209785
2002-10-23,312.0,108.0,4.236000061035156,33.20000076293945,896.1400146484375,,-0.003200002730670448
2002-10-24,310.70001220703125,107.91000366210938,4.142000198364258,34.029998779296875,882.5,,-0.004175332121677755
2002-10-25,313.3999938964844,107.91999816894531,4.09499979019165,30.0,897.6500244140625,,0.00865245475895371
2002-10-28,315.20001220703125,107.16000366210938,4.084000110626221,31.06999969482422,890.22998046875,,0.005727086264855963
2002-10-29,317.70001220703125,107.06999969482422,3.934000015258789,32.27000045776367,882.1500244140625,,0.007900182986994686
2002-10-30,316.5,107.06999969482422,3.9660000801086426,31.229999542236328,890.7100219726562,,-0.0037843381143778387
2002-10-31,318.0,106.63999938964844,3.9110000133514404,31.139999389648438,885.760009765625,,0.004728141195945668
2002-11-01,318.79998779296875,106.08000183105469,3.9769999980926514,29.299999237060547,900.9600219726562,,0.002512525845320468
2002-11-04,318.29998779296875,106.12000274658203,4.045000076293945,30.81999969482422,908.3499755859375,,-0.0015696126881614703
2002-11-05,318.20001220703125,105.87000274658203,4.080999851226807,31.229999542236328,915.3900146484375,,-0.0003141416708869471
2002-11-06,317.5,105.5999984741211,4.034999847412109,30.729999542236328,923.760009765625,,-0.0022023359337026704
2002-11-07,320.5,104.97000122070312,3.881999969482422,31.420000076293945,902.6500244140625,,0.00940445802797818
2002-11-08,321.29998779296875,104.5,3.8519999980926514,29.40999984741211,894.739990234375,,0.0024929517684597613
2002-11-11,321.20001220703125,104.56999969482422,3.8519999980926514,31.299999237060547,876.1900024414062,,-0.0003112080521221472
2002-11-12,324.5,104.66000366210938,3.8510000705718994,30.579999923706055,882.9500122070312,,0.01022151606708288
2002-11-13,318.70001220703125,105.0999984741211,3.8380000591278076,31.239999771118164,882.530029296875,,-0.018035276418277846
2002-11-14,317.8999938964844,105.20999908447266,4.020999908447266,28.670000076293945,904.27001953125,,-0.002513411008592925
2002-11-15,320.70001220703125,105.04000091552734,4.051000118255615,26.649999618530273,909.8300170898438,,0.008769296045542774
2002-11-18,319.20001220703125,105.19999694824219,4.019000053405762,27.65999984741211,900.3599853515625,,-0.004688240944584976
2002-11-19,318.6000061035156,105.66999816894531,3.9800000190734863,27.40999984741211,896.739990234375,,-0.0018814871849848203
2002-11-20,317.3999938964844,105.87000274658203,4.074999809265137,25.31999969482422,914.1500244140625,,-0.0037736277706663657
2002-11-21,317.3999938964844,105.80999755859375,4.14300012588501,23.809999465942383,933.760009765625,,0.0
2002-11-22,320.70001220703125,106.12000274658203,4.175000190734863,23.15999984741211,930.5499877929688,,0.010343355900236162
2002-11-25,317.79998779296875,106.54000091552734,4.184000015258789,24.06999969482422,932.8699951171875,,-0.009083929071250552
2002-11-26,317.70001220703125,106.52999877929688,4.078999996185303,25.969999313354492,913.3099975585938,,-0.000314635992957335
2002-11-27,316.79998779296875,106.7699966430664,4.260000228881836,27.25,938.8699951171875,,-0.0028369582906346835
2002-12-02,317.6000061035156,106.3499984741211,4.218999862670898,27.459999084472656,934.530029296875,,0.002522127182624345
2002-12-03,320.20001220703125,106.37000274658203,4.232999801635742,28.329999923706055,920.75,,0.008153090095160742
2002-12-04,322.20001220703125,106.13999938964844,4.171999931335449,28.920000076293945,917.5800170898438,,0.006226669943616869
2002-12-05,324.79998779296875,106.0999984741211,4.113999843597412,30.100000381469727,906.5499877929688,,0.008037062074921941
2002-12-06,326.29998779296875,105.36000061035156,4.0929999351501465,28.8799991607666,912.22998046875,,0.004607595484521276
2002-12-09,325.79998779296875,105.23999786376953,4.050000190734863,30.780000686645508,892.0,,-0.0015335074887428135
2002-12-10,323.5,105.37000274658203,4.048999786376953,28.760000228881836,904.4500122070312,,-0.007084544759121236
2002-12-11,324.79998779296875,105.3499984741211,3.99399995803833,27.760000228881836,904.9600219726562,,0.0040104567633427735
2002-12-12,331.3999938964844,104.51000213623047,4.00600004196167,27.290000915527344,901.5800170898438,,0.020116515870796547
2002-12-13,333.20001220703125,103.9800033569336,4.061999797821045,28.18000030517578,889.47998046875,,0.005416860353339992
2002-12-16,337.0,104.05999755859375,4.130000114440918,26.239999771118164,910.4000244140625,,0.011339983423926725
2002-12-17,337.3999938964844,103.51000213623047,4.113999843597412,26.65999984741211,902.989990234375,,0.0011862216696556516
2002-12-18,342.1000061035156,103.62999725341797,4.053999900817871,28.290000915527344,891.1199951171875,,0.013833957802861896
2002-12-19,345.8999938964844,103.4800033569336,3.9489998817443848,30.209999084472656,884.25,,0.011046588472924945
2002-12-20,340.5,103.45999908447266,3.953000068664551,26.709999084472656,895.760009765625,,-0.015734572708237415
2002-12-23,345.1000061035156,103.63999938964844,3.9670000076293945,26.200000762939453,897.3800048828125,,0.01341912220061392
2002-12-24,346.79998779296875,103.25,3.936000108718872,26.489999771118164,892.469970703125,,0.004913961917153209
2002-12-26,348.8999938964844,102.81999969482422,3.9140000343322754,27.3700008392334,889.6599731445312,,0.006037120991798872
2002-12-27,349.20001220703125,102.41000366210938,3.812999963760376,29.549999237060547,875.4000244140625,,0.0008595282234482582
2002-12-30,343.3999938964844,102.01000213623047,3.7839999198913574,29.6200008392334,879.3900146484375,,-0.01674892823298446
2002-12-31,347.6000061035156,101.8499984741211,3.818000078201294,28.6200008392334,879.8200073242188,,0.012156480260661517
2003-01-02,346.1000061035156,102.9800033569336,4.0320000648498535,25.389999389648438,909.030029296875,,-0.004324642673838142
2003-01-03,351.20001220703125,102.47000122070312,4.038000106811523,24.68000030517578,908.5900268554688,,0.0146281282426024
2003-01-06,351.70001220703125,101.97000122070312,4.065999984741211,24.90999984741211,929.010009765625,,0.0014226776695611676
2003-01-07,347.29998779296875,102.56999969482422,4.025000095367432,25.1299991607666,922.9299926757812,,-0.012589649586932872
2003-01-08,353.8999938964844,101.87000274658203,3.9809999465942383,25.530000686645508,909.9299926757812,,0.018825445503325433
2003-01-09,353.29998779296875,101.94000244140625,4.1479997634887695,24.25,927.5700073242188,,-0.0016968502913385919
2003-01-10,354.5,101.2300033569336,4.1519999504089355,24.31999969482422,927.5700073242188,,0.003390826158544691
2003-01-13,354.70001220703125,101.47000122070312,4.127999782562256,24.899999618530273,926.260009765625,,0.0005640502224801835
2003-01-14,352.0,101.20999908447266,4.085000038146973,24.56999969482422,931.6599731445312,,-0.007641220596565468
2003-01-15,350.70001220703125,101.33999633789062,4.072000026702881,25.510000228881836,918.219970703125,,-0.0036999836443483147
2003-01-16,357.70001220703125,100.79000091552734,4.067999839782715,25.010000228881836,914.5999755859375,,0.019763488437673615
2003-01-17,356.6000061035156,100.55000305175781,4.014999866485596,25.700000762939453,901.780029296875,,-0.0030799578465225963
2003-01-21,357.29998779296875,100.2300033569336,3.989000082015991,27.59000015258789,887.6199951171875,,0.0019610083198093875
2003-01-22,359.70001220703125,100.2300033569336,3.9230000972747803,29.010000228881836,878.3599853515625,,0.006694653773569925
2003-01-23,364.5,99.86000061035156,3.947000026702881,27.530000686645508,887.3400268554688,,0.013256166810434067
2003-01-24,368.20001220703125,99.22000122070312,3.9030001163482666,31.510000228881836,861.4000244140625,,0.010099750503526295
2003-01-27,369.3999938964844,99.26000213623047,3.9570000171661377,34.689998626708984,847.47998046875,,0.0032537492901187903
2003-01-28,370.0,99.4800033569336,3.9779999256134033,31.93000030517578,858.5399780273438,,0.0016229543959118686
2003-01-29,366.29998779296875,99.27999877929688,4.0329999923706055,31.260000228881836,864.3599853515625,,-0.010050369178729923
2003-01-30,368.6000061035156,99.5199966430664,3.990000009536743,31.31999969482422,844.6099853515625,,0.006259425334825153
2003-01-31,368.29998779296875,99.91000366210938,3.9749999046325684,31.170000076293945,855.7000122070312,,-0.0008142714876067103
2003-02-03,370.79998779296875,99.9000015258789,3.992000102996826,31.020000457763672,860.3200073242188,,0.006765010464144794
2003-02-04,379.0,99.13999938964844,3.930999994277954,32.7599983215332,848.2000122070312,,0.02187340431152318
2003-02-05,376.3999938964844,99.6500015258789,4.000999927520752,33.040000915527344,843.5900268554688,,-0.006883813586705756
2003-02-06,370.1000061035156,99.45999908447266,3.944999933242798,33.349998474121094,838.1500244140625,,-0.01687913561207921
2003-02-07,369.8999938964844,99.56999969482422,3.9240000247955322,34.0099983215332,829.6900024414062,,-0.0005405735456811556
2003-02-10,363.70001220703125,100.2699966430664,3.9769999980926514,33.9900016784668,835.969970703125,,-0.016903296781555
2003-02-11,362.5,100.38999938964844,3.9570000171661377,33.68000030517578,829.2000122070312,,-0.003304911261675869
2003-02-12,352.6000061035156,100.51000213623047,3.9119999408721924,34.33000183105469,818.6799926757812,,-0.027690187020932733
2003-02-13,357.3999938964844,99.58999633789062,3.871000051498413,33.70000076293945,817.3699951171875,,0.013521298373983193
2003-02-14,351.8999938964844,100.04000091552734,3.9519999027252197,32.619998931884766,834.8900146484375,,-0.0155085586647008
2003-02-18,344.20001220703125,100.52999877929688,3.947999954223633,31.110000610351562,851.1699829101562,,-0.02212410774070417
2003-02-19,349.8999938964844,100.0,3.88100004196167,31.309999465942383,845.1300048828125,,0.016424462687667507
2003-02-20,353.1000061035156,99.55000305175781,3.8459999561309814,31.15999984741211,837.0999755859375,,0.009103938289814373
2003-02-21,351.79998779296875,100.08999633789062,3.8929998874664307,30.25,848.1699829101562,,-0.0036885226151808226
2003-02-24,356.29998779296875,99.66000366210938,3.8440001010894775,31.979999542236328,832.5800170898438,,0.012710240746571344
2003-02-25,352.29998779296875,99.83000183105469,3.808000087738037,31.739999771118164,838.5700073242188,,-0.01128998765359146
2003-02-26,354.0,99.62000274658203,3.7730000019073486,31.940000534057617,827.5499877929688,,0.004813862436118477
2003-02-27,346.1000061035156,99.80999755859375,3.752000093460083,30.530000686645508,837.280029296875,,-0.022569144857354395
2003-02-28,350.20001220703125,99.70999908447266,3.696000099182129,29.6299991607666,841.1500244140625,,0.01177668643264429
2003-03-03,349.20001220703125,99.0999984741211,3.6760001182556152,30.43000030517578,834.8099975585938,,-0.0028595957864832044
2003-03-04,353.20001220703125,99.12999725341797,3.6449999809265137,31.829999923706055,821.989990234375,,0.011389644368467344
2003-03-05,353.1000061035156,98.27999877929688,3.619999885559082,30.3799991607666,829.8499755859375,,-0.0002831830711915728
2003-03-06,356.79998779296875,98.30999755859375,3.6519999504089355,31.3700008392334,822.0999755859375,,0.010424046273465493
2003-03-07,350.79998779296875,98.04000091552734,3.619999885559082,31.079999923706055,828.8900146484375,,-0.016959140792989658
2003-03-10,354.70001220703125,97.8499984741211,3.5739998817443848,33.310001373291016,807.47998046875,,0.01105617049432972
2003-03-11,350.5,97.98999786376953,3.5859999656677246,33.61000061035156,800.72998046875,,-0.011911689720017549
2003-03-12,346.5,98.16000366210938,3.5889999866485596,33.5099983215332,804.1900024414062,,-0.01147788784468684
2003-03-13,335.8999938964844,99.55000305175781,3.7320001125335693,31.760000228881836,831.9000244140625,,-0.031069340182344085
2003-03-14,336.5,99.98999786376953,3.7070000171661377,30.979999542236328,833.27001953125,,0.001784670637168695
2003-03-17,337.1000061035156,100.73999786376953,3.815999984741211,31.75,862.7899780273438,,0.001781491261182211
2003-03-18,337.6000061035156,100.86000061035156,3.8980000019073486,30.43000030517578,866.4500122070312,,0.0014821404549714146
2003-03-19,336.1000061035156,101.58000183105469,3.9649999141693115,31.540000915527344,874.02001953125,,-0.004453027910056306
2003-03-20,332.8999938964844,101.1500015258789,4.00600004196167,30.440000534057617,875.6699829101562,,-0.00956662664428265
2003-03-21,326.0,101.91999816894531,4.09499979019165,28.670000076293945,895.7899780273438,,-0.0209447448798894
2003-03-24,329.5,100.9800033569336,3.9730000495910645,30.389999389648438,864.22998046875,,0.01067897257585404
2003-03-25,328.3999938964844,100.87000274658203,3.9609999656677246,28.75,874.739990234375,,-0.0033439949499030064
2003-03-26,330.29998779296875,100.61000061035156,3.944000005722046,28.229999542236328,869.9500122070312,,0.005768936446678197
2003-03-27,328.70001220703125,100.63999938964844,3.9260001182556152,27.959999084472656,868.52001953125,,-0.004855777631862068
2003-03-28,328.70001220703125,99.95999908447266,3.8959999084472656,27.75,863.5,,0.0
2003-03-31,335.8999938964844,99.05999755859375,3.822999954223633,29.149999618530273,848.1799926757812,,0.021667960640138872
2003-04-01,334.29998779296875,99.1500015258789,3.8269999027252197,28.360000610351562,858.47998046875,,-0.004774721536761284
2003-04-02,329.6000061035156,100.08000183105469,3.931999921798706,28.020000457763672,880.9000244140625,,-0.014158940357588357
2003-04-03,324.8999938964844,100.33999633789062,3.9159998893737793,28.209999084472656,876.4500122070312,,-0.014362392664038381
2003-04-04,325.29998779296875,100.44999694824219,3.944000005722046,29.1299991607666,878.8499755859375,,0.001230372064622287
2003-04-07,321.5,101.04000091552734,4.013999938964844,28.450000762939453,879.9299926757812,,-0.011750252276174322
2003-04-08,322.20001220703125,100.52999877929688,3.936000108718872,27.1299991607666,878.2899780273438,,0.0021749649517026626
2003-04-09,325.6000061035156,100.16000366210938,3.9010000228881836,27.110000610351562,865.989990234375,,0.01049714424445014
2003-04-10,326.70001220703125,99.81999969482422,3.934000015258789,25.600000381469727,871.5800170898438,,0.0033727030978472072
2003-04-11,327.8999938964844,100.18000030517578,3.9809999465942383,24.440000534057617,868.2999877929688,,0.0036663092649744655
2003-04-14,324.20001220703125,99.95999908447266,4.020999908447266,23.40999984741211,885.22998046875,,-0.011348018282292927
2003-04-15,324.8999938964844,99.76000213623047,3.9709999561309814,22.559999465942383,890.8099975585938,,0.0021567769348704857
2003-04-16,325.79998779296875,99.05999755859375,3.937999963760376,22.520000457763672,879.9099731445312,,0.0027662348108510315
2003-04-17,327.20001220703125,99.30000305175781,3.9570000171661377,21.5,893.5800170898438,,0.004287983336067391
2003-04-21,333.5,99.58999633789062,3.9790000915527344,21.950000762939453,892.010009765625,,0.019071223319533814
2003-04-22,334.3999938964844,98.7300033569336,3.9830000400543213,20.700000762939453,911.3699951171875,,0.0026949976027283995
2003-04-23,331.5,98.77999877929688,3.994999885559082,20.799999237060547,919.02001953125,,-0.00871005333248931
2003-04-24,334.79998779296875,98.33000183105469,3.9049999713897705,20.329999923706055,911.4299926757812,,0.009905492528735849
2003-04-25,333.3999938964844,98.36000061035156,3.885999917984009,20.799999237060547,898.8099975585938,,-0.004190350144845034
2003-04-28,334.5,98.66999816894531,3.9000000953674316,20.84000015258789,914.8400268554688,,0.0032939275584755734
2003-04-29,333.70001220703125,98.0199966430664,3.928999900817871,20.760000228881836,917.8400268554688,,-0.0023944572301006772
2003-04-30,339.1000061035156,97.19000244140625,3.8570001125335693,21.209999084472656,916.9199829101562,,0.016052644792571513
2003-05-01,342.1000061035156,96.69999694824219,3.8559999465942383,21.59000015258789,916.2999877929688,,0.008808042694124829
2003-05-02,341.0,96.76000213623047,3.9130001068115234,20.6299991607666,930.0800170898438,,-0.0032206325413621784
2003-05-05,342.29998779296875,96.37000274658203,3.88700008392334,21.1299991607666,926.5499877929688,,0.003805032590830315
2003-05-06,342.5,95.33999633789062,3.808000087738037,20.799999237060547,934.3900146484375,,0.0005841478279329237
2003-05-07,341.8999938964844,95.58000183105469,3.693000078201294,21.0,929.6199951171875,,-0.0017533789087815776
2003-05-08,348.3999938964844,94.93000030517578,3.6710000038146973,21.239999771118164,920.27001953125,,0.018832948666147153
2003-05-09,348.6000061035156,94.9800033569336,3.690999984741211,19.690000534057617,933.4099731445312,,0.0005739231349251028
2003-05-12,351.6000061035156,94.55000305175781,3.6389999389648438,19.520000457763672,945.1099853515625,,0.008569032575710622
2003-05-13,350.0,94.72000122070312,3.622999906539917,19.90999984741211,942.2999877929688,,-0.00456102868682251
2003-05-14,352.29998779296875,94.58000183105469,3.5369999408721924,20.0,939.280029296875,,0.006549896214196771
2003-05-15,352.6000061035156,95.22000122070312,3.5369999408721924,19.239999771118164,946.6699829101562,,0.0008512365761408347
2003-05-16,354.70001220703125,94.08000183105469,3.4619998931884766,18.399999618530273,944.2999877929688,,0.005938108920865659
2003-05-19,364.20001220703125,93.77999877929688,3.4519999027252197,20.510000228881836,920.77001953125,,0.026430804616229153
2003-05-20,366.29998779296875,93.26000213623047,3.374000072479248,21.290000915527344,919.72998046875,,0.005749435648648493
2003-05-21,372.0,93.54000091552734,3.390000104904175,21.209999084472656,923.4199829101562,,0.0154412178136063
2003-05-22,368.1000061035156,93.55999755859375,3.3389999866485596,19.780000686645508,931.8699951171875,,-0.010539197307036119
2003-05-23,368.79998779296875,93.05000305175781,3.3329999446868896,19.170000076293945,933.219970703125,,0.001899801617002872
2003-05-27,367.79998779296875,92.72000122070312,3.4010000228881836,19.989999771118164,951.47998046875,,-0.0027151796022106822
2003-05-28,365.20001220703125,93.44999694824219,3.430999994277954,20.030000686645508,953.219970703125,,-0.007094096834483921
2003-05-29,369.6000061035156,92.70999908447266,3.3389999866485596,20.43000030517578,949.6400146484375,,0.011976174134951556
2003-05-30,364.5,93.2699966430664,3.3499999046325684,19.469999313354492,963.5900268554688,,-0.013894804832657037
2003-06-02,366.0,93.33999633789062,3.428999900817871,20.850000381469727,967.0,,0.004106781952653016
2003-06-03,365.20001220703125,93.52999877929688,3.3420000076293945,20.84000015258789,971.5599975585938,,-0.0021881512549475346
2003-06-04,362.6000061035156,93.7300033569336,3.2909998893737793,20.6200008392334,986.239990234375,,-0.007144866993026966
2003-06-05,368.6000061035156,92.5199966430664,3.3310000896453857,20.829999923706055,990.1400146484375,,0.016411746640973668
2003-06-06,363.70001220703125,93.4800033569336,3.3519999980926514,21.25,987.760009765625,,-0.013382676237959856
2003-06-09,361.79998779296875,93.30000305175781,3.2790000438690186,22.149999618530273,975.9299926757812,,-0.005237846334932961
2003-06-10,352.20001220703125,93.55999755859375,3.194000005722046,20.639999389648438,984.8400268554688,,-0.02689230849999369
2003-06-11,355.5,92.97000122070312,3.187999963760376,20.209999084472656,997.47998046875,,0.009326018521816692
2003-06-12,353.29998779296875,92.9000015258789,3.1679999828338623,20.40999984741211,998.510009765625,,-0.00620772942965786
2003-06-13,356.6000061035156,92.22000122070312,3.1040000915527344,20.65999984741211,988.6099853515625,,0.00929720273126211
2003-06-16,359.0,92.4000015258789,3.1700000762939453,20.219999313354492,1010.739990234375,,0.006707665943379126
2003-06-17,363.20001220703125,92.61000061035156,3.2660000324249268,20.010000228881836,1011.6599731445312,,0.011631291848526182
2003-06-18,357.20001220703125,93.16999816894531,3.359999895095825,19.760000228881836,1010.0900268554688,,-0.016657797160242183
2003-06-19,361.29998779296875,93.16000366210938,3.3410000801086426,19.799999237060547,994.7000122070312,,0.011412721190617425
2003-06-20,356.29998779296875,94.04000091552734,3.3959999084472656,19.139999389648438,995.6900024414062,,-0.013935566015932821
2003-06-23,353.0,94.08000183105469,3.315000057220459,20.579999923706055,981.6400146484375,,-0.009304981417950664
2003-06-24,346.29998779296875,94.38999938964844,3.265000104904175,20.75,983.4500122070312,,-0.01916264077479468
2003-06-25,349.29998779296875,94.12000274658203,3.3610000610351562,20.809999465942383,975.3200073242188,,0.008625700707157513
2003-06-26,343.8999938964844,94.97000122070312,3.5339999198913574,19.399999618530273,985.8200073242188,,-0.015580217175376276
2003-06-27,345.20001220703125,95.1500015258789,3.5810000896453857,19.15999984741211,976.219970703125,,0.003773094881188932
2003-06-30,346.0,94.7300033569336,3.5280001163482666,19.520000457763672,974.5,,0.0023147804862526655
2003-07-01,351.3999938964844,94.30000305175781,3.5490000247955322,19.459999084472656,982.3200073242188,,0.015486383326132724
2003-07-02,351.29998779296875,94.12000274658203,3.5360000133514404,19.030000686645508,993.75,,-0.00028463386024402126
2003-07-03,351.0,94.41000366210938,3.6549999713897705,19.389999389648438,985.7000122070312,,-0.0008543010577479748
2003-07-07,348.1000061035156,95.51000213623047,3.7070000171661377,20.059999465942383,1004.4199829101562,,-0.008296411114672608
2003-07-08,344.1000061035156,95.81999969482422,3.7330000400543213,19.479999542236328,1007.8400268554688,,-0.011557481810136494
2003-07-09,343.6000061035156,95.58999633789062,3.7060000896453857,18.93000030517578,1002.2100219726562,,-0.0014541226675230945
2003-07-10,344.29998779296875,95.38999938964844,3.677000045776367,19.190000534057617,988.7000122070312,,0.002035127016307925
2003-07-11,344.79998779296875,95.80000305175781,3.640000104904175,18.469999313354492,998.1400146484375,,0.0014511684964730875
2003-07-14,347.70001220703125,96.06999969482422,3.7139999866485596,19.59000015258789,1003.8599853515625,,0.00837557073544204
2003-07-15,342.1000061035156,96.06999969482422,3.9140000343322754,19.549999237060547,1000.4199829101562,,-0.016236964296877154
2003-07-16,343.1000061035156,96.72000122070312,3.944999933242798,19.760000228881836,994.0900268554688,,0.002918857828844601
2003-07-17,344.20001220703125,96.86000061035156,3.9539999961853027,20.219999313354492,981.72998046875,,0.0032009515886510798
2003-07-18,347.20001220703125,96.86000061035156,3.9690001010894775,19.110000610351562,993.3200073242188,,0.008678098702319836
2003-07-21,350.8999938964844,96.11000061035156,4.173999786376953,19.780000686645508,978.7999877929688,,0.010600247250585504
2003-07-22,350.6000061035156,96.37999725341797,4.150000095367432,19.170000076293945,988.1099853515625,,-0.0008552752993740143
2003-07-23,358.6000061035156,95.44000244140625,4.1020002365112305,18.639999389648438,988.6099853515625,,0.02256158829552657
2003-07-24,362.20001220703125,95.33999633789062,4.166999816894531,18.600000381469727,981.5999755859375,,0.009989000960340277
2003-07-25,362.70001220703125,94.95999908447266,4.177999973297119,17.75,998.6799926757812,,0.0013795007930834657
2003-07-28,364.79998779296875,95.05999755859375,4.283999919891357,18.360000610351562,996.52001953125,,0.005773144793062457
2003-07-29,361.70001220703125,95.33000183105469,4.3979997634887695,18.670000076293945,989.280029296875,,-0.008534052030817918
2003-07-30,356.20001220703125,96.06999969482422,4.315000057220459,18.850000381469727,987.489990234375,,-0.015322767581379182
2003-07-31,354.0,96.88999938964844,4.473999977111816,19.489999771118164,990.3099975585938,,-0.006195491991947577
2003-08-01,346.1000061035156,96.66000366210938,4.414999961853027,20.75,980.1500244140625,,-0.022569144857354395
2003-08-04,349.20001220703125,96.18000030517578,4.320000171661377,21.270000457763672,982.8200073242188,,0.008917090646161085
2003-08-05,349.6000061035156,96.16000366210938,4.440999984741211,22.68000030517578,965.4600219726562,,0.001144802317368132
2003-08-06,350.79998779296875,96.2300033569336,4.288000106811523,21.5,967.0800170898438,,0.0034265644603834744
2003-08-07,352.5,95.83000183105469,4.229000091552734,20.260000228881836,974.1199951171875,,0.004834396551991027
2003-08-08,356.29998779296875,96.36000061035156,4.289000034332275,19.59000015258789,977.5900268554688,,0.01072241609892366
2003-08-11,361.70001220703125,95.87000274658203,4.370999813079834,19.75,980.5900268554688,,0.015042134355853776
2003-08-12,358.5,96.1500015258789,4.35699987411499,17.940000534057617,990.3499755859375,,-0.008886512667426238
2003-08-13,362.1000061035156,96.18000030517578,4.559999942779541,18.770000457763672,984.030029296875,,0.009991773587804786
2003-08-14,366.0,96.68000030517578,4.585999965667725,18.469999313354492,990.510009765625,,0.010712899773886342
2003-08-15,363.20001220703125,96.6500015258789,4.5279998779296875,18.270000457763672,990.6699829101562,,-0.007679653064561087
2003-08-18,358.3999938964844,97.3499984741211,4.4770002365112305,18.18000030517578,999.739990234375,,-0.01330401626592792
2003-08-19,361.6000061035156,97.30999755859375,4.38100004196167,17.860000610351562,1002.3499755859375,,0.008888981326335532
2003-08-20,365.6000061035156,97.37000274658203,4.440999984741211,17.81999969482422,1000.2999877929688,,0.011001210877299883
2003-08-21,360.6000061035156,98.61000061035156,4.506999969482422,17.84000015258789,1003.27001953125,,-0.01377052857929506
2003-08-22,363.1000061035156,98.83000183105469,4.459000110626221,18.549999237060547,993.0599975585938,,0.006908967534534405
2003-08-25,361.29998779296875,98.83000183105469,4.5269999504089355,19.530000686645508,993.7100219726562,,-0.004969690862571596
2003-08-26,365.79998779296875,98.76000213623047,4.486000061035156,19.489999771118164,996.72998046875,,0.012378098218804645
2003-08-27,373.5,98.86000061035156,4.535999774932861,19.1299991607666,996.7899780273438,,0.02083130198688732
2003-08-28,370.5,98.83000183105469,4.429999828338623,18.479999542236328,1002.8400268554688,,-0.008064559836730822
2003-08-29,375.70001220703125,98.0999984741211,4.453999996185303,18.6299991607666,1008.010009765625,,0.013937540335214216
2003-09-02,373.20001220703125,98.94999694824219,4.60099983215332,19.020000457763672,1021.989990234375,,-0.006676483389080445
2003-09-03,373.8999938964844,98.70999908447266,4.598999977111816,19.440000534057617,1026.27001953125,,0.001873863976867618
2003-09-04,372.8999938964844,98.19999694824219,4.513000011444092,18.709999084472656,1027.969970703125,,-0.002678094842067935
2003-09-05,377.6000061035156,97.08999633789062,4.354000091552734,18.170000076293945,1021.3900146484375,,0.012525179618242177
2003-09-08,375.1000061035156,97.16000366210938,4.388999938964844,18.260000228881836,1031.6400146484375,,-0.006642777075772877
2003-09-09,381.70001220703125,96.44000244140625,4.370999813079834,18.850000381469727,1023.1699829101562,,0.017442318372334675
2003-09-10,380.0,96.5,4.269000053405762,20.010000228881836,1010.9199829101562,,-0.004463739011447032
2003-09-11,379.70001220703125,96.55999755859375,4.334000110626221,19.25,1016.4199829101562,,-0.0007897533335281537
2003-09-12,375.79998779296875,96.01000213623047,4.269000053405762,18.68000030517578,1018.6300048828125,,-0.010324444890326134
2003-09-15,374.5,95.9800033569336,4.244999885559082,19.280000686645508,1014.8099975585938,,-0.0034652515393034378
2003-09-16,373.5,96.66999816894531,4.290999889373779,18.030000686645508,1029.3199462890625,,-0.0026737983844018487
2003-09-17,376.20001220703125,95.73999786376953,4.190999984741211,18.149999618530273,1025.969970703125,,0.007202944742306094
2003-09-18,376.6000061035156,95.94999694824219,4.184000015258789,17.56999969482422,1039.5799560546875,,0.0010626831147657612
2003-09-19,381.79998779296875,94.95999908447266,4.1620001792907715,17.540000915527344,1036.300048828125,,0.013713246889384578
2003-09-22,387.20001220703125,93.8499984741211,4.241000175476074,19.649999618530273,1022.8200073242188,,0.014044507609516366
2003-09-23,385.8999938964844,93.98999786376953,4.214000225067139,19.469999313354492,1029.030029296875,,-0.003363134201586071
2003-09-24,387.5,93.69999694824219,4.135000228881836,21.219999313354492,1009.3800048828125,,0.004137596066143168
2003-09-25,385.0,93.76000213623047,4.1020002365112305,22.260000228881836,1003.27001953125,,-0.006472514505617255
2003-09-26,380.79998779296875,93.87000274658203,4.0229997634887695,22.229999542236328,996.8499755859375,,-0.01096906342685422
2003-09-29,382.3999938964844,93.08000183105469,4.077000141143799,21.670000076293945,1006.5800170898438,,0.004192894355239396
2003-09-30,385.3999938964844,92.8499984741211,3.937000036239624,22.719999313354492,995.969970703125,,0.007814574927262896
2003-10-01,384.29998779296875,92.38999938964844,3.931999921798706,21.06999969482422,1018.219970703125,,-0.0028582743369627295
2003-10-02,383.1000061035156,92.41999816894531,4.008999824523926,20.799999237060547,1020.239990234375,,-0.003127398167954709
2003-10-03,369.3999938964844,93.2300033569336,4.195000171661377,19.5,1029.8499755859375,,-0.036416016396157325
2003-10-06,372.70001220703125,92.41000366210938,4.151000022888184,19.510000228881836,1034.3499755859375,,0.008893787995822855
2003-10-07,377.20001220703125,91.88999938964844,4.24399995803833,19.40999984741211,1039.25,,0.012001743883345739
2003-10-08,375.3999938964844,91.7300033569336,4.242000102996826,19.18000030517578,1033.780029296875,,-0.004783475227816858
2003-10-09,369.20001220703125,91.98999786376953,4.302000045776367,18.81999969482422,1038.72998046875,,-0.016653572201548172
2003-10-10,373.6000061035156,91.5199966430664,4.248000144958496,18.450000762939453,1038.06005859375,,0.011847186999559334
2003-10-13,375.20001220703125,91.88999938964844,4.255000114440918,17.549999237060547,1045.3499755859375,,0.004273526975079989
2003-10-14,375.70001220703125,91.83000183105469,4.349999904632568,17.3700008392334,1049.47998046875,,0.001331735404554557
2003-10-15,372.6000061035156,92.41999816894531,4.396999835968018,17.690000534057617,1046.760009765625,,-0.008285510522988204
2003-10-16,372.70001220703125,92.61000061035156,4.454999923706055,17.190000534057617,1050.0699462890625,,0.00026836468981361605
2003-10-17,371.79998779296875,92.29000091552734,4.388000011444092,17.6200008392334,1039.3199462890625,,-0.0024177967830896208
2003-10-20,374.0,92.43000030517578,4.380000114440918,17.040000915527344,1044.6800537109375,,0.005899754959441061
2003-10-21,381.70001220703125,92.37000274658203,4.366000175476074,16.549999237060547,1046.030029296875,,0.02037919431734636
2003-10-22,386.5,91.2699966430664,4.2729997634887695,17.670000076293945,1030.3599853515625,,0.01249687629559837
2003-10-23,384.70001220703125,91.51000213623047,4.315999984741211,17.68000030517578,1033.77001953125,,-0.004668026537927972
2003-10-24,388.8999938964844,91.27999877929688,4.211999893188477,17.709999084472656,1028.9100341796875,,0.010858383977846664
2003-10-27,387.8999938964844,91.61000061035156,4.264999866485596,18.049999237060547,1031.1300048828125,,-0.0025746667562396297
2003-10-28,383.20001220703125,91.86000061035156,4.189000129699707,16.81999969482422,1046.7900390625,,-0.012190480758941469
2003-10-29,386.79998779296875,91.86000061035156,4.275000095367432,16.43000030517578,1048.1099853515625,,0.009350654067898034
2003-10-30,384.29998779296875,92.20999908447266,4.339000225067139,16.329999923706055,1046.93994140625,,-0.00648426621364262
2003-10-31,384.5,92.7300033569336,4.301000118255615,16.100000381469727,1050.7099609375,,0.0005203231392290064
2003-11-03,377.0,93.66000366210938,4.368000030517578,16.549999237060547,1059.02001953125,,-0.019698601497688095
2003-11-04,379.8999938964844,93.2300033569336,4.304999828338623,16.549999237060547,1053.25,,0.0076628566794578745
2003-11-05,382.6000061035156,93.62999725341797,4.349999904632568,16.860000610351562,1051.81005859375,,0.007082028831416842
2003-11-06,380.6000061035156,93.88999938964844,4.418000221252441,16.739999771118164,1058.050048828125,,-0.005241102060273839
2003-11-07,383.29998779296875,93.0199966430664,4.449999809265137,16.93000030517578,1053.2099609375,,0.007068969640698697
2003-11-10,386.6000061035156,93.05000305175781,4.460000038146973,17.6200008392334,1047.1099853515625,,0.008572642022596
2003-11-11,388.1000061035156,93.0999984741211,4.460000038146973,17.540000915527344,1046.5699462890625,,0.003872471539611233
2003-11-12,394.8999938964844,92.30999755859375,4.4120001792907715,16.75,1058.530029296875,,0.017369498735234856
2003-11-13,394.1000061035156,91.61000061035156,4.270999908447266,16.469999313354492,1058.4100341796875,,-0.0020278531485686813
2003-11-14,397.79998779296875,91.44000244140625,4.232999801635742,16.940000534057617,1050.3499755859375,,0.009344636045334198
2003-11-17,391.5,91.52999877929688,4.188000202178955,18.600000381469727,1043.6300048828125,,-0.015963820302660636
2003-11-18,397.6000061035156,90.33000183105469,4.166999816894531,19.110000610351562,1034.1500244140625,,0.015460974702455665
2003-11-19,394.8999938964844,90.9000015258789,4.235000133514404,18.799999237060547,1042.43994140625,,-0.006813937296560546
2003-11-20,393.70001220703125,90.66000366210938,4.1539998054504395,19.479999542236328,1033.6500244140625,,-0.0030433238811395924
2003-11-21,396.0,90.5999984741211,4.146999835968018,18.979999542236328,1035.280029296875,,0.005824982298867631
2003-11-24,391.5,91.58999633789062,4.2270002365112305,17.440000534057617,1052.0799560546875,,-0.011428695823623158
2003-11-25,391.1000061035156,91.45999908447266,4.185999870300293,16.709999084472656,1053.8900146484375,,-0.0010222180633663314
2003-11-26,396.79998779296875,90.5999984741211,4.242000102996826,16.229999542236328,1058.449951171875,,0.014469047279538572
2003-12-01,402.70001220703125,90.3499984741211,4.392000198364258,16.770000457763672,1070.1199951171875,,0.014759553523344238
2003-12-02,403.70001220703125,89.63999938964844,4.380000114440918,16.270000457763672,1066.6199951171875,,0.0024801599263986063
2003-12-03,403.8999938964844,89.5,4.409999847412109,16.6299991607666,1064.72998046875,,0.0004952493611423137
2003-12-04,403.29998779296875,89.5999984741211,4.36899995803833,16.299999237060547,1069.719970703125,,-0.0014866358464606932
2003-12-05,406.3999938964844,89.13999938964844,4.215000152587891,17.09000015258789,1061.5,,0.007657209634325035
2003-12-08,406.6000061035156,88.75,4.2779998779296875,16.540000915527344,1069.300048828125,,0.0004920349595725071
2003-12-09,408.20001220703125,88.61000061035156,4.3520002365112305,17.6299991607666,1060.1800537109375,,0.003927364074927553
2003-12-10,406.20001220703125,88.8499984741211,4.317999839782715,17.8700008392334,1059.050048828125,,-0.004911601082219441
2003-12-11,404.6000061035156,88.87999725341797,4.23799991607666,16.729999542236328,1071.2099609375,,-0.00394673937910639
2003-12-12,409.3999938964844,88.48999786376953,4.242000102996826,16.40999984741211,1074.1400146484375,,0.011793718499794714
2003-12-15,409.20001220703125,88.45999908447266,4.275000095367432,17.229999542236328,1068.0400390625,,-0.0004885944098225181
2003-12-16,407.70001220703125,88.30999755859375,4.234000205993652,15.930000305175781,1075.1300048828125,,-0.003672424142508568
2003-12-17,412.0,87.94000244140625,4.189000129699707,15.579999923706055,1076.47998046875,,0.010491709583109632
2003-12-18,410.3999938964844,87.8499984741211,4.140999794006348,16.15999984741211,1089.1800537109375,,-0.003891070365081184
2003-12-19,409.20001220703125,88.11000061035156,4.132999897003174,16.420000076293945,1088.6600341796875,,-0.00292821507551988
2003-12-22,410.6000061035156,87.98999786376953,4.164000034332275,16.940000534057617,1092.93994140625,,0.003415455540777934
2003-12-23,411.0,87.98999786376953,4.269000053405762,16.489999771118164,1096.02001953125,,0.0009736950465306649
2003-12-24,412.29998779296875,87.54000091552734,4.186999797821045,16.65999984741211,1094.0400390625,,0.003157995609461395
2003-12-29,414.79998779296875,87.3499984741211,4.230000019073486,17.09000015258789,1109.47998046875,,0.006045236820960476
2003-12-30,416.8999938964844,87.0,4.2789998054504395,17.68000030517578,1109.6400146484375,,0.005049923319855765
2003-12-31,415.70001220703125,86.91999816894531,4.256999969482422,18.309999465942383,1111.9200439453125,,-0.0028824946229191184
2004-01-05,424.3999938964844,86.06999969482422,4.38700008392334,17.489999771118164,1122.219970703125,,0.020712516734718633
2004-01-06,422.79998779296875,85.62999725341797,4.2769999504089355,16.729999542236328,1123.6700439453125,,-0.003777167234110479
2004-01-07,421.8999938964844,86.19999694824219,4.245999813079834,15.5,1126.3299560546875,,-0.0021309204606430043
2004-01-08,424.0,85.56999969482422,4.249000072479248,15.609999656677246,1131.9200439453125,,0.0049651505683998565
2004-01-09,426.3999938964844,85.11000061035156,4.085999965667725,16.75,1121.8599853515625,,0.005644403305615775
2004-01-12,426.29998779296875,85.55000305175781,4.083000183105469,16.81999969482422,1127.22998046875,,-0.0002345634012463904
2004-01-13,423.70001220703125,85.51000213623047,4.0279998779296875,18.040000915527344,1121.219970703125,,-0.006117608693260834
2004-01-14,421.70001220703125,86.02999877929688,3.9860000610351562,16.75,1130.52001953125,,-0.00473149674335982
2004-01-15,408.3999938964844,86.55999755859375,3.9709999561309814,15.5600004196167,1132.050048828125,,-0.03204711835414109
2004-01-16,406.70001220703125,87.7300033569336,4.013999938964844,15.0,1139.8299560546875,,-0.004171228417557238
2004-01-20,412.70001220703125,86.70999908447266,4.057000160217285,15.210000038146973,1138.77001953125,,0.014645123408989491
2004-01-21,411.1000061035156,86.36000061035156,4.0370001792907715,14.34000015258789,1147.6199951171875,,-0.003884457586374346
2004-01-22,410.0,85.81999969482422,3.9690001010894775,14.710000038146973,1143.93994140625,,-0.0026793490522694086
2004-01-23,407.8999938964844,86.55999755859375,4.065999984741211,14.84000015258789,1141.550048828125,,-0.005135128338105588
2004-01-26,406.6000061035156,87.25,4.139999866485596,14.550000190734863,1155.3699951171875,,-0.003192115154896591
2004-01-27,410.0,86.27999877929688,4.086999893188477,15.350000381469727,1144.050048828125,,0.008327243493002179
2004-01-28,414.5,86.97000122070312,4.195000171661377,16.780000686645508,1128.47998046875,,0.010915814876995888
2004-01-29,398.5,87.58000183105469,4.197000026702881,17.139999389648438,1134.1099853515625,,-0.03936547634507992
2004-01-30,402.20001220703125,87.19999694824219,4.138000011444092,16.6299991607666,1131.1300048828125,,0.009242009458930944
2004-02-02,398.70001220703125,87.52999877929688,4.151000022888184,17.110000610351562,1135.260009765625,,-0.008740222684807897
2004-02-03,399.20001220703125,86.79000091552734,4.099999904632568,17.34000015258789,1136.030029296875,,0.001253290011651309
2004-02-04,401.0,86.83999633789062,4.124000072479248,17.8700008392334,1126.52001953125,,0.004498852290525157
2004-02-05,398.1000061035156,86.9000015258789,4.173999786376953,17.709999084472656,1128.5899658203125,,-0.0072581819686838855
2004-02-06,403.6000061035156,86.0199966430664,4.089000225067139,16.0,1142.760009765625,,0.013721058264253294
2004-02-09,406.79998779296875,86.0,4.065000057220459,16.389999389648438,1139.81005859375,,0.007897330564814453
2004-02-10,406.3999938964844,85.83999633789062,4.1020002365112305,15.9399995803833,1145.5400390625,,-0.0009837529211740303
2004-02-11,410.20001220703125,85.19999694824219,4.020999908447266,15.390000343322754,1157.760009765625,,0.009306994151231152
2004-02-12,413.70001220703125,85.29000091552734,4.058000087738037,15.3100004196167,1152.1099853515625,,0.008496227577319715
2004-02-13,410.29998779296875,85.55999755859375,4.047999858856201,15.579999923706055,1145.81005859375,,-0.00825253327766795
2004-02-17,416.0,85.0199966430664,4.047999858856201,15.399999618530273,1156.989990234375,,0.0137966905646012
2004-02-18,412.29998779296875,85.87999725341797,4.048999786376953,15.59000015258789,1151.8199462890625,,-0.008934050155567697
2004-02-19,409.79998779296875,85.94999694824219,4.052000045776367,15.800000190734863,1147.06005859375,,-0.006082004088674431
2004-02-20,397.5,87.23999786376953,4.0980000495910645,16.040000915527344,1144.1099853515625,,-0.03047427192263452
2004-02-23,399.0,87.04000091552734,4.050000190734863,16.290000915527344,1140.989990234375,,0.0037664827954770885
2004-02-24,404.5,86.13999938964844,4.0289998054504395,15.899999618530273,1139.0899658203125,,0.013690319608683055
2004-02-25,395.79998779296875,87.25,4.014999866485596,14.930000305175781,1143.6700439453125,,-0.02174273417149486
2004-02-26,395.79998779296875,87.68000030517578,4.046000003814697,14.829999923706055,1144.9100341796875,,0.0
2004-02-27,396.3999938964844,87.30999755859375,3.9839999675750732,14.550000190734863,1144.93994140625,,0.0015147847314151974
2004-03-01,399.29998779296875,87.5199966430664,3.992000102996826,14.4399995803833,1155.969970703125,,0.007289196439630885
2004-03-02,393.5,88.83000183105469,4.046000003814697,14.859999656677246,1149.0999755859375,,-0.014631915640640258
2004-03-03,392.3999938964844,89.02999877929688,4.059999942779541,14.550000190734863,1151.030029296875,,-0.002799355720570773
2004-03-04,392.8999938964844,89.13999938964844,4.0289998054504395,14.399999618530273,1154.8699951171875,,0.001273398892999822
2004-03-05,401.29998779296875,88.18000030517578,3.8310000896453857,14.479999542236328,1156.8599853515625,,0.021154135824266618
2004-03-08,400.6000061035156,88.0,3.7760000228881836,15.789999961853027,1147.199951171875,,-0.0017458083865005136
2004-03-09,404.20001220703125,88.29000091552734,3.7190001010894775,16.600000381469727,1140.5799560546875,,0.008946396702340209
2004-03-10,400.0,88.94999694824219,3.734999895095825,18.670000076293945,1123.8900146484375,,-0.010445288062011393
2004-03-11,400.70001220703125,88.51000213623047,3.746999979019165,20.670000076293945,1106.780029296875,,0.0017485009983824185
2004-03-12,395.29998779296875,89.12000274658203,3.759999990463257,18.299999237060547,1120.5699462890625,,-0.01356810868414815
2004-03-15,399.3999938964844,88.80999755859375,3.7679998874664307,21.1299991607666,1104.489990234375,,0.010318466277786875
2004-03-16,402.3999938964844,88.58999633789062,3.687999963760376,20.34000015258789,1110.699951171875,,0.0074831979177441
2004-03-17,406.8999938964844,88.6500015258789,3.683000087738037,18.110000610351562,1123.75,,0.011120836389858724
2004-03-18,411.1000061035156,87.69999694824219,3.749000072479248,18.530000686645508,1122.3199462890625,,0.010269068743017584
2004-03-19,412.5,88.16000366210938,3.7880001068115234,19.149999618530273,1109.780029296875,,0.003399697024112136
2004-03-22,417.3999938964844,87.80999755859375,3.7239999771118164,21.579999923706055,1095.4000244140625,,0.0118087742456634
2004-03-23,419.79998779296875,87.8499984741211,3.7109999656677246,20.670000076293945,1093.949951171875,,0.005733398287926406
2004-03-24,417.20001220703125,88.93000030517578,3.7139999866485596,19.809999465942383,1091.3299560546875,,-0.00621262592228522
2004-03-25,416.70001220703125,88.9000015258789,3.739000082015991,17.8799991607666,1109.18994140625,,-0.001199184663101427
2004-03-26,422.1000061035156,88.88999938964844,3.8429999351501465,17.329999923706055,1108.06005859375,,0.012875699525395135
2004-03-29,417.1000061035156,88.62999725341797,3.890000104904175,16.5,1122.469970703125,,-0.011916251412214862
2004-03-30,421.70001220703125,88.43000030517578,3.9019999504089355,16.280000686645508,1127.0,,0.010968173863587616
2004-03-31,427.29998779296875,87.61000061035156,3.8369998931884766,16.739999771118164,1126.2099609375,,0.013192124382448434
2004-04-01,427.79998779296875,87.20999908447266,3.8980000019073486,16.649999618530273,1132.1700439453125,,0.0011694540317153113
2004-04-02,421.6000061035156,88.51000213623047,4.139999866485596,15.640000343322754,1141.81005859375,,-0.014598756409688107
2004-04-05,415.3999938964844,89.22000122070312,4.21999979019165,14.970000267028809,1150.5699462890625,,-0.0148151149552751
2004-04-06,418.8999938964844,88.75,4.171000003814697,15.319999694824219,1148.1600341796875,,0.00839031663374179
2004-04-07,422.79998779296875,88.2699966430664,4.166999816894531,15.760000228881836,1140.530029296875,,0.00926701174155209
2004-04-08,419.8999938964844,89.0199966430664,4.197000026702881,16.260000228881836,1139.3199462890625,,-0.006882651969694287
2004-04-12,420.1000061035156,88.94999694824219,4.230000019073486,15.279999732971191,1145.199951171875,,0.00047621954955090473
2004-04-13,407.0,89.83000183105469,4.340000152587891,17.260000228881836,1129.43994140625,,-0.031679607261462905
2004-04-14,399.79998779296875,90.23999786376953,4.381999969482422,15.619999885559082,1128.1700439453125,,-0.01784879390914007
2004-04-15,397.70001220703125,90.05999755859375,4.40500020980835,15.739999771118164,1128.8399658203125,,-0.005266408625741015
2004-04-16,401.0,89.94000244140625,4.3520002365112305,14.9399995803833,1134.6099853515625,,0.008263444398855846
2004-04-19,400.6000061035156,89.80000305175781,4.372000217437744,15.420000076293945,1135.8199462890625,,-0.0009979888389164415
2004-04-20,397.70001220703125,90.48999786376953,4.414999961853027,16.670000076293945,1118.1500244140625,,-0.007265455559939404
2004-04-21,390.79998779296875,91.12000274658203,4.422999858856201,15.600000381469727,1124.0899658203125,,-0.017502093975092947
2004-04-22,393.29998779296875,90.81999969482422,4.370999813079834,14.609999656677246,1139.9300537109375,,0.006376759467687343
2004-04-23,395.1000061035156,91.08000183105469,4.452000141143799,14.010000228881836,1140.5999755859375,,0.0045662644650645845
2004-04-26,396.0,90.62000274658203,4.433000087738037,14.770000457763672,1135.530029296875,,0.0022752983891081158
2004-04-27,398.6000061035156,90.41000366210938,4.4039998054504395,15.069999694824219,1138.1099853515625,,0.006544211836596148
2004-04-28,385.3999938964844,91.16999816894531,4.4670000076293945,16.290000915527344,1122.4100341796875,,-0.03367668294764403
2004-04-29,386.6000061035156,90.56999969482422,4.539999961853027,16.600000381469727,1113.8900146484375,,0.003108842418473756
2004-04-30,387.0,90.4800033569336,4.500999927520752,17.190000534057617,1107.300048828125,,0.001034110467875493
2004-05-03,387.0,90.76000213623047,4.500999927520752,16.6200008392334,1117.489990234375,,0.0
2004-05-04,391.3999938964844,89.80999755859375,4.543000221252441,16.549999237060547,1119.550048828125,,0.011305346338132516
2004-05-05,393.3999938964844,89.30999755859375,4.571000099182129,15.770000457763672,1121.530029296875,,0.0050968510722615434
2004-05-06,388.0,89.87999725341797,4.6020002365112305,17.049999237060547,1113.989990234375,,-0.013821550816902395
2004-05-07,378.70001220703125,91.12999725341797,4.765999794006348,18.1299991607666,1098.699951171875,,-0.02426097248148462
2004-05-10,378.29998779296875,91.55999755859375,4.781000137329102,19.770000457763672,1087.1199951171875,,-0.0010568677709299479
2004-05-11,376.8999938964844,91.66000366210938,4.76800012588501,18.56999969482422,1095.449951171875,,-0.00370761529176189
2004-05-12,377.3999938964844,91.29000091552734,4.796999931335449,18.139999389648438,1097.280029296875,,0.0013257326828153282
2004-05-13,374.79998779296875,91.95999908447266,4.85099983215332,18.860000610351562,1096.43994140625,,-0.0069130989670993515
2004-05-14,377.0,91.66000366210938,4.788000106811523,18.469999313354492,1095.699951171875,,0.005852669653197751
2004-05-17,379.5,91.0,4.698999881744385,19.959999084472656,1084.0999755859375,,0.00660940938767407
2004-05-18,375.79998779296875,91.25,4.736000061035156,19.329999923706055,1091.489990234375,,-0.009797542339107679
2004-05-19,382.8999938964844,90.52999877929688,4.794000148773193,18.93000030517578,1088.6800537109375,,0.018716788046437394
2004-05-20,378.3999938964844,91.02999877929688,4.7179999351501465,18.670000076293945,1089.18994140625,,-0.011822021495089707
2004-05-21,384.79998779296875,90.48999786376953,4.763999938964844,18.489999771118164,1093.56005859375,,0.016771866020572013
2004-05-24,385.6000061035156,90.4800033569336,4.739999771118164,18.079999923706055,1095.4100341796875,,0.0020768914965128005
2004-05-25,388.29998779296875,89.83999633789062,4.723999977111816,15.960000038146973,1113.050048828125,,0.006977626735497289
2004-05-26,388.29998779296875,89.72000122070312,4.671000003814697,15.970000267028809,1114.93994140625,,0.0
2004-05-27,394.8999938964844,88.66999816894531,4.5879998207092285,15.279999732971191,1121.280029296875,,0.016854347536245484
2004-05-28,394.0,88.94999694824219,4.65500020980835,15.5,1120.6800537109375,,-0.0022816435388186562
2004-06-01,394.6000061035156,88.87999725341797,4.703999996185303,16.299999237060547,1121.199951171875,,0.0015216997581823932
2004-06-02,390.70001220703125,88.83999633789062,4.730000019073486,16.079999923706055,1124.989990234375,,-0.009932575751090411
2004-06-03,388.1000061035156,88.94999694824219,4.711999893188477,17.030000686645508,1116.6400146484375,,-0.006676979203508182
2004-06-04,390.8999938964844,88.54000091552734,4.77400016784668,16.780000686645508,1122.5,,0.007188703083383707
2004-06-07,393.79998779296875,88.25,4.764999866485596,15.390000343322754,1140.4200439453125,,0.0073913780220751235
2004-06-08,391.0,88.51000213623047,4.770999908447266,15.010000228881836,1142.1800537109375,,-0.007135575221610679
2004-06-09,384.5,89.7300033569336,4.811999797821045,15.390000343322754,1131.3299560546875,,-0.016763771039666864
2004-06-10,385.8999938964844,89.25,4.790999889373779,15.039999961853027,1136.469970703125,,0.003634463781559738
2004-06-14,383.6000061035156,89.94000244140625,4.869999885559082,16.06999969482422,1125.2900390625,,-0.005977893806830004
2004-06-15,388.1000061035156,89.08999633789062,4.685999870300293,15.050000190734863,1132.010009765625,,0.011662695181088978
2004-06-16,384.6000061035156,90.04000091552734,4.73199987411499,14.789999961853027,1133.56005859375,,-0.009059205077063481
2004-06-17,388.8999938964844,89.5999984741211,4.691999912261963,15.149999618530273,1132.050048828125,,0.011118376442941447
2004-06-18,395.1000061035156,89.08000183105469,4.710000038146973,14.989999771118164,1135.02001953125,,0.015816687397976814
2004-06-21,394.0,89.29000091552734,4.690000057220459,15.260000228881836,1130.300048828125,,-0.0027880035674385795
2004-06-22,395.0,89.43000030517578,4.703999996185303,14.3100004196167,1134.4100341796875,,0.002534855603188113
2004-06-23,395.0,89.41999816894531,4.697999954223633,13.979999542236328,1144.06005859375,,0.0
2004-06-24,403.1000061035156,88.75,4.645999908447266,14.8100004196167,1140.6500244140625,,0.020298920363440942
2004-06-25,402.8999938964844,88.87999725341797,4.644999980926514,15.1899995803833,1134.4300537109375,,-0.0004963082162205978
2004-06-28,401.0,88.72000122070312,4.738999843597412,16.06999969482422,1133.3499755859375,,-0.004726949741773012
2004-06-29,392.5,89.41000366210938,4.695000171661377,15.470000267028809,1136.199951171875,,-0.02142489008410653
2004-06-30,392.6000061035156,88.80000305175781,4.617000102996826,14.34000015258789,1140.8399658203125,,0.00025476016629522036
2004-07-01,396.0,88.79000091552734,4.564000129699707,15.199999809265137,1128.93994140625,,0.008622913865722559
2004-07-02,398.29998779296875,87.97000122070312,4.458000183105469,15.079999923706055,1125.3800048828125,,0.005791248285285988
2004-07-06,392.6000061035156,88.12000274658203,4.480000019073486,16.25,1116.2099609375,,-0.014414162151008547
2004-07-07,402.29998779296875,87.6500015258789,4.4720001220703125,15.8100004196167,1118.3299560546875,,0.024406751223878587
2004-07-08,407.79998779296875,87.54000091552734,4.46999979019165,16.200000762939453,1109.1099853515625,,0.013578779593849788
2004-07-09,407.5,87.41999816894531,4.466000080108643,15.779999732971191,1112.81005859375,,-0.0007358955255689636
2004-07-12,408.1000061035156,87.38999938964844,4.442999839782715,14.960000038146973,1114.3499755859375,,0.0014713246867739116
2004-07-13,402.0,87.81999969482422,4.479000091552734,14.460000038146973,1115.1400146484375,,-0.015060168748670222
2004-07-14,405.3999938964844,87.58000183105469,4.484000205993652,13.760000228881836,1111.469970703125,,0.008422130343339163
2004-07-15,404.20001220703125,87.98999786376953,4.485000133514404,14.710000038146973,1106.68994140625,,-0.0029643837923671867
2004-07-16,406.6000061035156,87.13999938964844,4.361000061035156,14.34000015258789,1101.3900146484375,,0.005920081035358571
2004-07-19,405.6000061035156,87.18000030517578,4.361000061035156,15.170000076293945,1100.9000244140625,,-0.002462448880263146
2004-07-20,401.8999938964844,87.83000183105469,4.447999954223633,14.170000076293945,1108.6700439453125,,-0.009164181056585896
2004-07-21,397.1000061035156,88.55999755859375,4.486999988555908,16.40999984741211,1093.8800048828125,,-0.012015132761074021
2004-07-22,395.20001220703125,88.44999694824219,4.461999893188477,15.75,1096.8399658203125,,-0.004796156745479507
2004-07-23,390.5,89.26000213623047,4.432000160217285,16.5,1086.199951171875,,-0.011964027482208373
2004-07-26,390.29998779296875,89.02999877929688,4.474999904632568,17.299999237060547,1084.0699462890625,,-0.0005123263691935165
2004-07-27,387.0,89.79000091552734,4.59499979019165,16.549999237060547,1094.8299560546875,,-0.008490949880765264
2004-07-28,389.0,89.75,4.585000038146973,16.149999618530273,1095.4200439453125,,0.005154650588663934
2004-07-29,387.0,89.94999694824219,4.572999954223633,15.680000305175781,1100.4300537109375,,-0.005154650588663934
2004-07-30,391.0,89.95999908447266,4.474999904632568,15.319999694824219,1101.719970703125,,0.010282866955583891
2004-08-02,391.70001220703125,89.75,4.454999923706055,15.369999885559082,1106.6199951171875,,0.0017887118506552113
2004-08-03,394.0,89.56999969482422,4.421999931335449,16.030000686645508,1099.68994140625,,0.005854637461912837
2004-08-04,392.20001220703125,89.68000030517578,4.428999900817871,16.209999084472656,1098.6300048828125,,-0.00457896441118244
2004-08-05,392.29998779296875,89.63999938964844,4.400000095367432,18.31999969482422,1080.699951171875,,0.00025487721218286907
2004-08-06,399.79998779296875,88.36000061035156,4.218999862670898,19.34000015258789,1063.969970703125,,0.018937569434520185
2004-08-09,400.70001220703125,88.38999938964844,4.24399995803833,18.889999389648438,1065.219970703125,,0.002248656572909624
2004-08-10,400.0,88.79000091552734,4.2870001792907715,17.469999313354492,1079.0400390625,,-0.0017485009983824185
2004-08-11,395.5,88.8499984741211,4.275000095367432,18.040000915527344,1075.7900390625,,-0.011313759900272835
2004-08-12,394.29998779296875,88.69000244140625,4.25,19.079999923706055,1063.22998046875,,-0.003038777282868388
2004-08-13,398.8999938964844,87.9000015258789,4.2129998207092285,17.979999542236328,1064.800048828125,,0.011598733685653784
2004-08-16,402.8999938964844,87.95999908447266,4.257999897003174,17.56999969482422,1079.3399658203125,,0.009977633437848077
2004-08-17,404.3999938964844,88.05999755859375,4.205999851226807,17.020000457763672,1081.7099609375,,0.003716095005205311
2004-08-18,404.29998779296875,88.08000183105469,4.2270002365112305,16.229999542236328,1095.1700439453125,,-0.00024732559982609814
2004-08-19,407.1000061035156,87.79000091552734,4.210999965667725,16.959999084472656,1091.22998046875,,0.006901724047880364
2004-08-20,413.20001220703125,88.12000274658203,4.230999946594238,16.0,1098.3499755859375,,0.014872896286551196
2004-08-23,410.5,89.05999755859375,4.2789998054504395,15.880000114440918,1095.6800537109375,,-0.006555837895669825
2004-08-24,403.0,89.45999908447266,4.2829999923706055,15.329999923706055,1096.18994140625,,-0.018439366945800728
2004-08-25,407.8999938964844,89.41999816894531,4.261000156402588,14.979999542236328,1104.9599609375,,0.012085469413565697
2004-08-26,407.3999938964844,89.30000305175781,4.2270002365112305,14.90999984741211,1105.0899658203125,,-0.0012265425491717608
2004-08-27,403.29998779296875,89.7699966430664,4.2270002365112305,14.710000038146973,1107.77001953125,,-0.010114817199622372
2004-08-30,407.79998779296875,89.69000244140625,4.188000202178955,15.4399995803833,1099.1500244140625,,0.01109615659503227
2004-08-31,410.3999938964844,88.94000244140625,4.131999969482422,15.289999961853027,1104.239990234375,,0.006355450777959071
2004-09-01,408.79998779296875,88.87000274658203,4.123000144958496,14.90999984741211,1105.9100341796875,,-0.003906269955595398
2004-09-02,406.0,88.9800033569336,4.193999767303467,14.279999732971191,1118.31005859375,,-0.006872849427117522
2004-09-03,400.5,89.62999725341797,4.293000221252441,13.90999984741211,1113.6300048828125,,-0.013639393093318297
2004-09-07,397.3999938964844,89.2300033569336,4.245999813079834,14.069999694824219,1121.300048828125,,-0.007770451749317786
2004-09-08,399.3999938964844,88.7699966430664,4.163000106811523,14.0600004196167,1116.27001953125,,0.005020090940906385
2004-09-09,398.5,88.83000183105469,4.198999881744385,14.010000228881836,1118.3800048828125,,-0.0022559074697330317
2004-09-10,401.8999938964844,88.38999938964844,4.179999828338623,13.760000228881836,1123.9200439453125,,0.00849578803823281
2004-09-13,404.1000061035156,88.55000305175781,4.151000022888184,13.170000076293945,1125.8199462890625,,0.005459100919898319
2004-09-14,405.70001220703125,88.45999908447266,4.132999897003174,13.5600004196167,1128.3299560546875,,0.00395161311281278
2004-09-15,405.0,89.1500015258789,4.170000076293945,14.640000343322754,1120.3699951171875,,-0.0017269331946749844
2004-09-16,404.70001220703125,88.79000091552734,4.068999767303467,14.390000343322754,1123.5,,-0.0007409850615580638
2004-09-17,405.79998779296875,88.91000366210938,4.126999855041504,14.029999732971191,1128.550048828125,,0.0027143152653357205
2004-09-20,405.29998779296875,88.98999786376953,4.058000087738037,14.430000305175781,1122.199951171875,,-0.001232893794561818
2004-09-21,408.29998779296875,88.12999725341797,4.0370001792907715,13.65999984741211,1129.300048828125,,0.0073746649125636665
2004-09-22,407.20001220703125,88.51000213623047,3.989000082015991,14.739999771118164,1113.56005859375,,-0.0026976732140306936
2004-09-23,410.8999938964844,88.44000244140625,4.0279998779296875,14.800000190734863,1108.3599853515625,,0.009045365821059193
2004-09-24,408.1000061035156,88.4000015258789,4.031000137329102,14.279999732971191,1110.1099853515625,,-0.006837603667655401
2004-09-27,409.1000061035156,88.29000091552734,3.996999979019165,14.619999885559082,1103.52001953125,,0.0024473824870350214
2004-09-28,412.5,88.11000061035156,4.01200008392334,13.829999923706055,1110.06005859375,,0.008276565920009027
2004-09-29,413.0,88.0999984741211,4.090000152587891,13.210000038146973,1114.800048828125,,0.0012113871862977632
2004-09-30,418.70001220703125,87.36000061035156,4.11899995803833,13.34000015258789,1114.5799560546875,,0.01370710921866447
2004-10-01,419.5,87.62999725341797,4.190999984741211,12.75,1131.5,,0.0019088237275628472
2004-10-04,414.0,88.37999725341797,4.172999858856201,13.40999984741211,1135.1700439453125,,-0.013197552081946284
2004-10-05,418.20001220703125,88.16999816894531,4.172999858856201,13.949999809265137,1134.47998046875,,0.010093842358676497
2004-10-06,418.3999938964844,88.4800033569336,4.223999977111816,13.279999732971191,1142.050048828125,,0.00047808197896959115
2004-10-07,418.0,88.33999633789062,4.24399995803833,14.5,1130.6500244140625,,-0.0009564656382039516
2004-10-08,423.1000061035156,87.44999694824219,4.132999897003174,15.050000190734863,1122.1400146484375,,0.012127139626969985
2004-10-11,422.0,87.54000091552734,4.132999897003174,14.710000038146973,1124.3900146484375,,-0.0026032581157142687
2004-10-12,415.1000061035156,88.0199966430664,4.1020002365112305,15.050000190734863,1121.8399658203125,,-0.016485844273295136
2004-10-13,413.20001220703125,87.87999725341797,4.078000068664551,15.420000076293945,1113.6500244140625,,-0.00458770297456379
2004-10-14,418.1000061035156,87.55000305175781,4.014999866485596,16.43000030517578,1103.2900390625,,0.01178888617258611
2004-10-15,418.70001220703125,87.08999633789062,4.052999973297119,15.039999961853027,1108.199951171875,,0.0014340492189583998
2004-10-18,416.20001220703125,87.0199966430664,4.052999973297119,14.710000038146973,1114.02001953125,,-0.005988758890439705
2004-10-19,420.29998779296875,86.83999633789062,4.038000106811523,15.130000114440918,1103.22998046875,,0.009802769678198153
2004-10-20,423.5,86.3499984741211,3.990999937057495,14.850000381469727,1103.6600341796875,,0.007584801124653318
2004-10-21,424.3999938964844,86.0199966430664,3.996999979019165,14.539999961853027,1106.489990234375,,0.002122878266201944
2004-10-22,424.6000061035156,85.87000274658203,3.9839999675750732,15.279999732971191,1095.739990234375,,0.0004711712855867134
2004-10-25,429.0,84.97000122070312,3.9709999561309814,16.579999923706055,1094.800048828125,,0.010309355284118915
2004-10-26,426.79998779296875,85.20999908447266,3.989000082015991,16.389999389648438,1111.0899658203125,,-0.005141428101710588
2004-10-27,424.79998779296875,85.44000244140625,4.0879998207092285,15.720000267028809,1125.4000244140625,,-0.004697049634526884
2004-10-28,425.1000061035156,85.27999877929688,4.079999923706055,15.390000343322754,1127.43994140625,,0.0007060085308001618
2004-10-29,428.5,84.91000366210938,4.0289998054504395,16.270000457763672,1130.199951171875,,0.007966288315254921
2004-11-01,427.29998779296875,85.19999694824219,4.090000152587891,16.270000457763672,1130.510009765625,,-0.0028044239556797024
2004-11-02,420.0,85.47000122070312,4.074999809265137,16.18000030517578,1130.56005859375,,-0.01723160280474101
2004-11-03,424.6000061035156,84.69999694824219,4.070000171661377,14.039999961853027,1143.199951171875,,0.010892852366484185
2004-11-04,430.1000061035156,84.54000091552734,4.067999839782715,13.970000267028809,1161.6700439453125,,0.01287019033671477
2004-11-05,433.6000061035156,84.01000213623047,4.185999870300293,13.84000015258789,1166.1700439453125,,0.008104710221196854
2004-11-08,432.70001220703125,84.08999633789062,4.215000152587891,13.800000190734863,1164.8900146484375,,-0.002077788759667243
2004-11-09,435.70001220703125,84.29000091552734,4.2179999351501465,13.609999656677246,1164.0799560546875,,0.006909285698309731
2004-11-10,434.0,84.43000030517578,4.252999782562256,13.079999923706055,1162.9100341796875,,-0.003909427040047042
2004-11-11,434.8999938964844,84.37000274658203,4.252999782562256,13.039999961853027,1173.47998046875,,0.0020715714688908093
2004-11-12,437.8999938964844,83.69000244140625,4.197999954223633,13.329999923706055,1184.1700439453125,,0.006874454299906851
2004-11-15,437.0,84.0,4.190000057220459,13.380000114440918,1183.81005859375,,-0.0020573647736128464
2004-11-16,440.20001220703125,83.80000305175781,4.208000183105469,13.210000038146973,1175.4300537109375,,0.007296001727419288
2004-11-17,444.79998779296875,83.29000091552734,4.144000053405762,13.210000038146973,1181.93994140625,,0.010395518669497505
2004-11-18,442.6000061035156,83.69000244140625,4.117000102996826,12.979999542236328,1183.550048828125,44.380001068115234,-0.004958274085418601
2004-11-19,446.79998779296875,83.30999755859375,4.196000099182129,13.5,1170.3399658203125,44.779998779296875,0.009444598466938459
2004-11-22,448.79998779296875,83.19000244140625,4.164999961853027,12.970000267028809,1177.239990234375,44.95000076293945,0.0044662871351919264
2004-11-23,447.79998779296875,82.97000122070312,4.184000015258789,12.670000076293945,1176.93994140625,44.75,-0.0022306501045719074
2004-11-24,449.29998779296875,82.41000366210938,4.195000171661377,12.720000267028809,1181.760009765625,45.04999923706055,0.0033441120024679805
2004-11-29,453.70001220703125,81.93000030517578,4.329999923706055,13.300000190734863,1178.5699462890625,45.400001525878906,0.009745424668316183
2004-11-30,451.29998779296875,81.81999969482422,4.357999801635742,13.239999771118164,1173.8199462890625,45.119998931884766,-0.0053039337910716355
2004-12-01,454.0,81.55999755859375,4.375,12.970000267028809,1191.3699951171875,45.380001068115234,0.005964918256989193
2004-12-02,450.3999938964844,81.94999694824219,4.396999835968018,12.979999542236328,1190.3299560546875,44.95000076293945,-0.007961134767190181
2004-12-03,456.0,80.9800033569336,4.269999980926514,12.960000038146973,1191.1700439453125,45.599998474121094,0.012356746240228311
2004-12-06,454.20001220703125,81.27999877929688,4.239999771118164,13.1899995803833,1190.25,45.16999816894531,-0.003955152967034081
2004-12-07,452.0,81.23999786376953,4.2270002365112305,13.670000076293945,1177.0699462890625,45.11000061035156,-0.004855476715120766
2004-12-08,437.20001220703125,81.9000015258789,4.133999824523926,13.1899995803833,1182.81005859375,44.0099983215332,-0.03329139560891736
2004-12-09,435.79998779296875,82.02999877929688,4.160999774932861,12.880000114440918,1189.239990234375,43.779998779296875,-0.0032073897234221604
2004-12-10,433.8999938964844,82.55000305175781,4.156000137329102,12.760000228881836,1188.0,43.439998626708984,-0.004369315762228432
2004-12-13,438.8999938964844,82.0999984741211,4.151000022888184,12.539999961853027,1198.6800537109375,43.90999984741211,0.01145750405013235
2004-12-14,435.8999938964844,82.31999969482422,4.131999969482422,12.729999542236328,1203.3800048828125,43.54999923706055,-0.006858737545549332
2004-12-15,440.79998779296875,81.62999725341797,4.076000213623047,12.350000381469727,1205.719970703125,43.9900016784668,0.011178384903555383
2004-12-16,436.8999938964844,82.5,4.184999942779541,12.270000457763672,1203.2099609375,43.68000030517578,-0.008886908158463491
2004-12-17,441.6000061035156,82.16000366210938,4.206999778747559,11.949999809265137,1194.199951171875,44.189998626708984,0.010700186796913869
2004-12-20,442.3999938964844,81.66999816894531,4.198999881744385,11.829999923706055,1194.6500244140625,44.34000015258789,0.0018099276274989862
2004-12-21,441.79998779296875,81.94000244140625,4.168000221252441,11.550000190734863,1205.449951171875,44.220001220703125,-0.0013571730559549522
2004-12-22,440.29998779296875,81.93000030517578,4.201000213623047,11.449999809265137,1209.5699462890625,44.02000045776367,-0.0034009783184387743
2004-12-23,441.8999938964844,81.33999633789062,4.2179999351501465,11.229999542236328,1210.1300048828125,44.27000045776367,0.0036273132873523295
2004-12-27,445.20001220703125,80.72000122070312,4.290999889373779,12.140000343322754,1204.9200439453125,44.47999954223633,0.007440048495887197
2004-12-28,444.29998779296875,80.72000122070312,4.290999889373779,12.0,1213.5400390625,44.369998931884766,-0.0020236643534845555
2004-12-29,436.0,80.97000122070312,4.322000026702881,11.619999885559082,1213.449951171875,43.65999984741211,-0.01885773911807842
2004-12-30,437.5,80.52999877929688,4.263000011444092,12.5600004196167,1213.550048828125,43.83000183105469,0.0034344624486344344
2005-01-03,428.70001220703125,81.30000305175781,4.21999979019165,14.079999923706055,1202.0799560546875,43.02000045776367,-0.02031930371920687
2005-01-04,428.5,82.56999969482422,4.2829999923706055,13.979999542236328,1188.050048828125,42.7400016784668,-0.0004666640406272293
2005-01-05,426.6000061035156,82.54000091552734,4.2769999504089355,14.09000015258789,1183.739990234375,42.66999816894531,-0.004443917693234489
2005-01-06,421.0,83.1500015258789,4.271999835968018,13.579999923706055,1187.8900146484375,42.150001525878906,-0.013213986662218957
2005-01-07,418.8999938964844,83.61000061035156,4.284999847412109,13.489999771118164,1186.18994140625,41.84000015258789,-0.005000620299732361
2005-01-10,419.1000061035156,83.29000091552734,4.2779998779296875,13.229999542236328,1190.25,41.95000076293945,0.00047735611176413784
2005-01-11,421.8999938964844,83.0199966430664,4.24399995803833,13.1899995803833,1182.989990234375,42.209999084472656,0.006658735169144947
2005-01-12,426.1000061035156,82.13999938964844,4.236000061035156,12.5600004196167,1187.699951171875,42.599998474121094,0.00990577016644778
2005-01-13,424.5,82.51000213623047,4.186999797821045,12.84000015258789,1177.449951171875,42.599998474121094,-0.003762069078603325
2005-01-14,422.70001220703125,83.05999755859375,4.216000080108643,12.430000305175781,1184.52001953125,42.31999969482422,-0.0042492692999474
2005-01-18,423.20001220703125,83.36000061035156,4.195000171661377,12.470000267028809,1195.97998046875,42.31999969482422,0.0011821729372263334
2005-01-19,423.0,83.5999984741211,4.186999797821045,13.180000305175781,1184.6300048828125,42.2599983215332,-0.00047273034240369327
2005-01-20,422.3999938964844,83.83999633789062,4.164999961853027,13.829999923706055,1175.4100341796875,42.25,-0.0014194611038371718
2005-01-21,426.70001220703125,83.26000213623047,4.142000198364258,14.359999656677246,1167.8699951171875,42.7400016784668,0.010128500859507561
2005-01-24,426.8999938964844,83.23999786376953,4.122000217437744,14.649999618530273,1163.75,42.77000045776367,0.0004685606646726015
2005-01-25,422.0,83.98999786376953,4.189000129699707,14.0600004196167,1168.4100341796875,42.2400016784668,-0.011544465430608497
2005-01-26,426.8999938964844,83.30000305175781,4.191999912261963,13.4399995803833,1174.0699462890625,42.689998626708984,0.011544465430608497
2005-01-27,426.29998779296875,83.43000030517578,4.206999778747559,13.239999771118164,1174.550048828125,42.619998931884766,-0.0014064843302934449
2005-01-28,425.79998779296875,83.4800033569336,4.138000011444092,13.239999771118164,1171.3599853515625,42.689998626708984,-0.001173571345410629
2005-01-31,421.79998779296875,83.5999984741211,4.132999897003174,12.819999694824219,1181.27001953125,42.220001220703125,-0.009438484686572934
2005-02-01,420.79998779296875,83.44999694824219,4.136000156402588,12.029999732971191,1189.4100341796875,42.099998474121094,-0.00237360668994846
2005-02-02,421.1000061035156,83.5199966430664,4.139999866485596,11.65999984741211,1193.18994140625,42.15999984741211,0.0007127172477057186
2005-02-03,416.6000061035156,83.97000122070312,4.163000106811523,11.789999961853027,1189.8900146484375,41.68000030517578,-0.010743806184447813
2005-02-04,414.0,84.38999938964844,4.072999954223633,11.210000038146973,1203.030029296875,41.470001220703125,-0.006260569652338788
2005-02-07,413.6000061035156,85.04000091552734,4.052000045776367,11.729999542236328,1201.719970703125,41.27000045776367,-0.0009666358740458847
2005-02-08,412.6000061035156,85.0999984741211,4.0370001792907715,11.600000381469727,1202.300048828125,41.2599983215332,-0.0024207225213013217
2005-02-09,412.8999938964844,85.0199966430664,3.9769999980926514,12.0,1191.989990234375,41.310001373291016,0.0007268026800097971
2005-02-10,417.20001220703125,84.54000091552734,4.072999954223633,11.510000228881836,1197.010009765625,41.75,0.010360334276063199
2005-02-11,420.5,84.56999969482422,4.09499979019165,11.430000305175781,1205.300048828125,42.08000183105469,0.007878727026962906
2005-02-14,425.79998779296875,83.95999908447266,4.072999954223633,11.520000457763672,1206.1400146484375,42.54999923706055,0.01252524437791358
2005-02-15,425.8999938964844,83.58999633789062,4.0980000495910645,11.270000457763672,1210.1199951171875,42.58000183105469,0.0002348388073860619
2005-02-16,425.5,83.66999816894531,4.1579999923706055,11.100000381469727,1210.3399658203125,42.52000045776367,-0.0009396145848734605
2005-02-17,427.29998779296875,83.47000122070312,4.184999942779541,11.770000457763672,1200.75,42.72999954223633,0.004221366068725807
2005-02-18,427.1000061035156,83.48999786376953,4.260000228881836,11.180000305175781,1201.5899658203125,42.75,-0.00046812194413359265
2005-02-22,434.5,82.41000366210938,4.284999847412109,13.140000343322754,1184.1600341796875,43.56999969482422,0.017177752567425486
2005-02-23,434.8999938964844,82.68000030517578,4.26800012588501,12.390000343322754,1190.800048828125,43.41999816894531,0.0009201608638491621
2005-02-24,434.5,82.87999725341797,4.281000137329102,11.569999694824219,1200.199951171875,43.33000183105469,-0.0009201608638491621
2005-02-25,434.8999938964844,82.66000366210938,4.271999835968018,11.489999771118164,1211.3699951171875,43.5,0.0009201608638491621
2005-02-28,436.5,82.51000213623047,4.359000205993652,12.079999923706055,1203.5999755859375,43.529998779296875,0.0036722697103606095
2005-03-01,432.8999938964844,82.7699966430664,4.372000217437744,12.039999961853027,1210.4100341796875,43.220001220703125,-0.00828163493085654
2005-03-02,432.79998779296875,83.08000183105469,4.379000186920166,12.5,1210.0799560546875,43.25,-0.00023104102131465964
2005-03-03,429.8999938964844,83.27999877929688,4.382999897003174,12.930000305175781,1210.469970703125,42.970001220703125,-0.006723090022774159
2005-03-04,434.20001220703125,82.54000091552734,4.309999942779541,11.9399995803833,1222.1199951171875,43.380001068115234,0.009952676253324633
2005-03-07,435.0,82.79000091552734,4.303999900817871,12.260000228881836,1225.31005859375,43.470001220703125,0.001840745530648391
2005-03-08,440.29998779296875,81.9800033569336,4.375,12.399999618530273,1219.4300537109375,44.029998779296875,0.012110253948673488
2005-03-09,442.1000061035156,81.62999725341797,4.513999938964844,12.699999809265137,1207.010009765625,44.02000045776367,0.004079829600574847
2005-03-10,442.79998779296875,81.56999969482422,4.459000110626221,12.489999771118164,1209.25,44.20000076293945,0.0015820586287276228
2005-03-11,446.20001220703125,81.41999816894531,4.534999847412109,12.800000190734863,1200.0799560546875,44.43000030517578,0.007649136089528774
2005-03-14,441.1000061035156,81.97000122070312,4.515999794006348,12.390000343322754,1206.8299560546875,44.029998779296875,-0.011495688408261096
2005-03-15,440.8999938964844,82.12000274658203,4.541999816894531,13.149999618530273,1197.75,44.060001373291016,-0.00045354242734685357
2005-03-16,443.70001220703125,81.62000274658203,4.51800012588501,13.489999771118164,1188.0699462890625,44.310001373291016,0.006330607376185071
2005-03-17,438.70001220703125,81.83999633789062,4.46999979019165,13.289999961853027,1190.2099609375,43.81999969482422,-0.011332849899133635
2005-03-18,439.29998779296875,82.12999725341797,4.511000156402588,13.140000343322754,1189.6500244140625,43.88999938964844,0.0013666871966409033
2005-03-21,431.1000061035156,82.87999725341797,4.525000095367432,13.609999656677246,1183.780029296875,43.09000015258789,-0.01884242728318064
2005-03-22,431.29998779296875,83.36000061035156,4.610000133514404,14.270000457763672,1171.7099609375,42.650001525878906,0.0004637794398263395
2005-03-23,425.20001220703125,84.0,4.60699987411499,14.0600004196167,1172.530029296875,42.41999816894531,-0.014244200174210242
2005-03-24,424.70001220703125,84.12999725341797,4.591000080108643,13.420000076293945,1171.4200439453125,42.38999938964844,-0.0011766091147684676
2005-03-28,425.8999938964844,84.62000274658203,4.624000072479248,13.75,1174.280029296875,42.540000915527344,0.0028214965363622113
2005-03-29,426.0,84.31999969482422,4.591000080108643,14.489999771118164,1165.3599853515625,42.560001373291016,0.0002347836710683282
2005-03-31,428.70001220703125,84.05999755859375,4.495999813079834,14.020000457763672,1180.5899658203125,42.81999969482422,0.00631805580909095
2005-04-01,425.8999938964844,84.43000030517578,4.451000213623047,14.09000015258789,1172.9200439453125,42.619998931884766,-0.006552839480159278
2005-04-04,423.8999938964844,84.77999877929688,4.455999851226807,14.109999656677246,1176.1199951171875,42.400001525878906,-0.004706998638191351
2005-04-05,424.5,84.66000366210938,4.46999979019165,13.680000305175781,1181.3900146484375,42.45000076293945,0.0014144417912911322
2005-04-06,427.1000061035156,84.68000030517578,4.435999870300293,13.149999618530273,1184.0699462890625,42.630001068115234,0.0061061863866189725
2005-04-07,426.5,84.87000274658203,4.4720001220703125,12.329999923706055,1191.1400146484375,42.56999969482422,-0.0014058252062874033
2005-04-08,426.8999938964844,84.47000122070312,4.491000175476074,12.619999885559082,1181.199951171875,42.689998626708984,0.0009374125348866613
2005-04-11,428.6000061035156,84.16000366210938,4.445000171661377,11.979999542236328,1181.2099609375,42.779998779296875,0.003974317813443484
2005-04-12,427.6000061035156,84.41999816894531,4.360000133514404,11.300000190734863,1187.760009765625,42.84000015258789,-0.002335903855283483
2005-04-13,429.29998779296875,84.41999816894531,4.374000072479248,13.3100004196167,1173.7900390625,42.900001525878906,0.003967753371000526
2005-04-14,424.0,85.0,4.357999801635742,14.529999732971191,1162.050048828125,42.310001373291016,-0.012422491563823357
2005-04-15,424.8999938964844,84.55999755859375,4.270999908447266,17.739999771118164,1142.6199951171875,42.400001525878906,0.0021203775242151224
2005-04-18,427.5,84.0,4.249000072479248,16.559999465942383,1145.97998046875,42.689998626708984,0.006100455620641654
2005-04-19,432.8999938964844,83.76000213623047,4.203000068664551,14.960000038146973,1152.780029296875,43.279998779296875,0.012552451971985512
2005-04-20,435.29998779296875,83.5199966430664,4.210999965667725,16.920000076293945,1137.5,43.400001525878906,0.005528680166650091
2005-04-21,433.0,83.69999694824219,4.300000190734863,14.40999984741211,1159.949951171875,43.189998626708984,-0.005297692512960417
2005-04-22,434.29998779296875,83.5,4.255000114440918,15.380000114440918,1152.1199951171875,43.38999938964844,0.0029977834309153906
2005-04-25,434.6000061035156,83.81999969482422,4.250999927520752,14.619999885559082,1162.0999755859375,43.439998626708984,0.0006905704329085438
2005-04-26,437.8999938964844,83.95999908447266,4.267000198364258,14.90999984741211,1151.8299560546875,43.63999938964844,0.0075644780028891745
2005-04-27,433.0,84.12000274658203,4.236999988555908,14.869999885559082,1156.3800048828125,43.20000076293945,-0.011252831866713109
2005-04-29,435.0,84.43000030517578,4.201000213623047,15.3100004196167,1156.8499755859375,43.349998474121094,0.004608303086194532
2005-05-02,429.5,84.48999786376953,4.193999767303467,15.119999885559082,1162.1600341796875,42.880001068115234,-0.012724289664373778
2005-05-03,426.70001220703125,84.51000213623047,4.185999870300293,14.529999732971191,1161.1700439453125,42.7599983215332,-0.006540522622362488
2005-05-04,429.0,84.0,4.185999870300293,13.850000381469727,1175.6500244140625,42.900001525878906,0.005375700126069027
2005-05-05,429.79998779296875,83.94000244140625,4.1620001792907715,13.979999542236328,1172.6300048828125,42.90999984741211,0.0018630368787375673
2005-05-06,426.1000061035156,84.61000061035156,4.265999794006348,14.050000190734863,1171.3499755859375,42.52000045776367,-0.008645880976748899
2005-05-09,426.20001220703125,84.63999938964844,4.2779998779296875,13.75,1178.8399658203125,42.54999923706055,0.00023467347606676014
2005-05-10,427.20001220703125,84.44999694824219,4.2220001220703125,14.90999984741211,1166.219970703125,42.63999938964844,0.0023435679144236943
2005-05-11,427.20001220703125,84.94000244140625,4.202000141143799,14.449999809265137,1171.1099853515625,42.689998626708984,0.0
2005-05-12,421.6000061035156,85.48999786376953,4.184000015258789,16.1200008392334,1159.3599853515625,42.15999984741211,-0.01319530451631401
2005-05-13,420.20001220703125,86.0999984741211,4.120999813079834,16.31999969482422,1154.050048828125,41.95000076293945,-0.003326194242755598
2005-05-16,418.8999938964844,86.12000274658203,4.125,15.680000305175781,1165.68994140625,41.880001068115234,-0.0030986040787777114
2005-05-17,419.3999938964844,86.20999908447266,4.117000102996826,14.569999694824219,1173.800048828125,41.86000061035156,0.0011928905322005079
2005-05-18,421.5,85.81999969482422,4.067999839782715,13.630000114440918,1185.56005859375,42.04999923706055,0.004994673527060733
2005-05-19,420.5,86.08999633789062,4.107999801635742,13.319999694824219,1191.0799560546875,41.97999954223633,-0.0023752980289071246
2005-05-20,417.3999938964844,86.62999725341797,4.125,13.140000343322754,1189.280029296875,41.650001525878906,-0.007399499392604092
2005-05-23,416.6000061035156,86.4000015258789,4.072000026702881,12.949999809265137,1193.8599853515625,41.619998931884766,-0.001918436542745816
2005-05-24,417.5,86.37000274658203,4.0370001792907715,12.6899995803833,1194.0699462890625,41.72999954223633,0.0021580008132575657
2005-05-25,418.79998779296875,86.3499984741211,4.072000026702881,12.579999923706055,1190.010009765625,41.869998931884766,0.0031089055578314984
2005-05-26,418.0,86.8499984741211,4.080999851226807,12.239999771118164,1197.6199951171875,41.689998626708984,-0.0019120173239857152
2005-05-27,419.79998779296875,86.41999816894531,4.072999954223633,12.149999618530273,1198.780029296875,41.880001068115234,0.004296945783568873
2005-05-31,416.29998779296875,87.76000213623047,4.00600004196167,13.289999961853027,1191.5,41.650001525878906,-0.00837225343007475
2005-06-01,415.29998779296875,88.11000061035156,3.9070000648498535,12.359999656677246,1202.219970703125,41.529998779296875,-0.0024050036348279846
2005-06-02,422.70001220703125,87.75,3.890000104904175,11.84000015258789,1204.2900390625,42.099998474121094,0.017661615208032444
2005-06-03,423.70001220703125,88.04000091552734,3.9790000915527344,12.149999618530273,1196.02001953125,42.16999816894531,0.0023629499916113517
2005-06-06,426.5,87.5999984741211,3.9619998931884766,12.279999732971191,1197.510009765625,42.47999954223633,0.006586680488667618
2005-06-07,424.79998779296875,87.48999786376953,3.9110000133514404,12.390000343322754,1197.260009765625,42.380001068115234,-0.003993925739954385
2005-06-08,424.70001220703125,87.87999725341797,3.940000057220459,12.699999809265137,1194.6700439453125,42.34000015258789,-0.00023537512983917708
2005-06-09,424.20001220703125,88.06999969482422,3.9649999141693115,12.079999923706055,1200.9300537109375,42.27000045776367,-0.0011779951547641332
2005-06-10,427.3999938964844,88.69000244140625,4.046999931335449,11.960000038146973,1198.1099853515625,42.619998931884766,0.007515257697300548
2005-06-13,429.29998779296875,88.94999694824219,4.085999965667725,11.649999618530273,1200.8199462890625,42.779998779296875,0.004435618191304336
2005-06-14,427.5,89.26000213623047,4.126999855041504,11.789999961853027,1203.9100341796875,42.599998474121094,-0.004201658418966581
2005-06-15,429.1000061035156,88.6500015258789,4.114999771118164,11.460000038146973,1206.5799560546875,42.7400016784668,0.003735717844658204
2005-06-16,436.20001220703125,88.72000122070312,4.076000213623047,11.149999618530273,1210.9599609375,43.459999084472656,0.016410875530996627
2005-06-17,438.29998779296875,87.7300033569336,4.078000068664551,11.479999542236328,1216.9599609375,43.630001068115234,0.0048026978214350535
2005-06-20,438.3999938964844,88.48999786376953,4.103000164031982,11.470000267028809,1216.0999755859375,43.65999984741211,0.0002281421376482129
2005-06-21,438.8999938964844,88.18000030517578,4.048999786376953,11.079999923706055,1213.6099853515625,43.810001373291016,0.0011398610762434203
2005-06-22,438.1000061035156,88.55999755859375,3.944999933242798,11.050000190734863,1213.8800048828125,43.720001220703125,-0.0018243740361567617
2005-06-23,441.70001220703125,89.12000274658203,3.9590001106262207,12.130000114440918,1200.72998046875,44.02000045776367,0.008183737487316378
2005-06-24,440.5,88.77999877929688,3.9140000343322754,12.180000305175781,1191.5699462890625,43.900001525878906,-0.0027205008627211313
2005-06-27,440.29998779296875,88.44999694824219,3.9019999504089355,12.520000457763672,1190.68994140625,43.90999984741211,-0.00045416033887679674
2005-06-28,436.3999938964844,88.98999786376953,3.9760000705718994,11.579999923706055,1201.5699462890625,43.45000076293945,-0.008897045064499842
2005-06-30,435.8999938964844,89.11000061035156,3.944999933242798,12.039999961853027,1191.3299560546875,43.439998626708984,-0.0011463947306111777
2005-07-01,427.79998779296875,90.12999725341797,4.048999786376953,11.399999618530273,1194.43994140625,42.70000076293945,-0.018757077128376487
2005-07-05,422.8999938964844,90.44000244140625,4.098999977111816,11.680000305175781,1204.989990234375,42.279998779296875,-0.011520038067954097
2005-07-06,423.5,90.37999725341797,4.074999809265137,12.270000457763672,1194.93994140625,42.25,0.0014177840461933044
2005-07-07,423.29998779296875,90.27999877929688,4.031000137329102,12.489999771118164,1197.8699951171875,42.36000061035156,-0.0004723954030092514
2005-07-08,422.8999938964844,90.25,4.109000205993652,11.449999809265137,1211.8599853515625,42.2599983215332,-0.000945388643184053
2005-07-11,425.5,89.45999908447266,4.1020002365112305,11.279999732971191,1219.43994140625,42.540000915527344,0.006129217967512979
2005-07-12,426.29998779296875,88.41000366210938,4.140999794006348,10.949999809265137,1222.2099609375,42.63999938964844,0.0018783471228980275
2005-07-13,423.8999938964844,89.30999755859375,4.163000106811523,10.84000015258789,1223.2900390625,42.349998474121094,-0.005645731176215918
2005-07-14,419.6000061035156,89.4000015258789,4.179999828338623,10.8100004196167,1226.5,41.900001525878906,-0.010195672891935459
2005-07-15,420.70001220703125,89.72000122070312,4.175000190734863,10.329999923706055,1227.9200439453125,42.04999923706055,0.00261812854429877
2005-07-18,420.5,89.63999938964844,4.2230000495910645,10.770000457763672,1221.1300048828125,42.0099983215332,-0.0004755401994716024
2005-07-19,419.70001220703125,89.8499984741211,4.189000129699707,10.449999809265137,1229.3499755859375,41.88999938964844,-0.0019042799883228767
2005-07-20,421.70001220703125,89.33999633789062,4.177000045776367,10.229999542236328,1235.199951171875,42.20000076293945,0.004753990275026432
2005-07-21,425.3999938964844,88.93000030517578,4.2820000648498535,10.970000267028809,1227.0400390625,42.459999084472656,0.008735698718720819
2005-07-22,424.70001220703125,89.63999938964844,4.2230000495910645,10.520000457763672,1233.6800537109375,42.45000076293945,-0.0016468223564869433
2005-07-25,425.70001220703125,89.5999984741211,4.247000217437744,11.100000381469727,1229.030029296875,42.5099983215332,0.002351835447362838
2005-07-26,423.3999938964844,90.0,4.238999843597412,10.989999771118164,1231.1600341796875,42.25,-0.00541755722402204
2005-07-27,424.70001220703125,89.7300033569336,4.261000156402588,10.359999656677246,1236.7900390625,42.439998626708984,0.0030657217766592026
2005-07-28,427.29998779296875,89.33999633789062,4.196000099182129,10.520000457763672,1243.719970703125,42.75,0.006103248020214558
2005-07-29,429.8999938964844,89.3499984741211,4.285999774932861,11.569999694824219,1234.1800537109375,42.81999969482422,0.006066295222556306
2005-08-01,431.8999938964844,88.80000305175781,4.318999767303467,12.079999923706055,1235.3499755859375,43.130001068115234,0.004641456530164234
2005-08-02,431.8999938964844,88.76000213623047,4.335999965667725,11.75,1244.1199951171875,43.13999938964844,0.0
2005-08-03,436.8999938964844,87.98999786376953,4.300000190734863,11.829999923706055,1245.0400390625,43.529998779296875,0.01151025615246315
2005-08-04,437.8999938964844,87.80000305175781,4.318999767303467,12.520000457763672,1235.8599853515625,43.68000030517578,0.002286237881864217
2005-08-05,437.20001220703125,88.05999755859375,4.392000198364258,12.479999542236328,1226.4200439453125,43.599998474121094,-0.0015997756458885348
2005-08-08,434.70001220703125,87.91999816894531,4.419000148773193,13.210000038146973,1223.1300048828125,43.349998474121094,-0.005734618147060999
2005-08-09,434.20001220703125,87.88999938964844,4.394000053405762,12.399999618530273,1231.3800048828125,43.34000015258789,-0.0011508805182174342
2005-08-10,436.5,87.61000061035156,4.4039998054504395,12.380000114440918,1229.1300048828125,43.650001525878906,0.005283089721620726
2005-08-11,445.5,87.0999984741211,4.334000110626221,12.420000076293945,1237.81005859375,44.45000076293945,0.02040887163120786
2005-08-12,445.8999938964844,86.9800033569336,4.23799991607666,12.739999771118164,1230.3900146484375,44.4900016784668,0.0008974510344845754
2005-08-15,442.20001220703125,87.31999969482422,4.269999980926514,12.260000228881836,1233.8699951171875,44.130001068115234,-0.008332401916776533
2005-08-16,446.1000061035156,87.43000030517578,4.2270002365112305,13.520000457763672,1219.3399658203125,44.54999923706055,0.008780859787591133
2005-08-17,439.8999938964844,88.0,4.2729997634887695,13.300000190734863,1220.239990234375,43.90999984741211,-0.01399574133626924
2005-08-18,439.5,88.58999633789062,4.216000080108643,13.420000076293945,1219.02001953125,43.83000183105469,-0.0009096973546629528
2005-08-19,437.20001220703125,88.58000183105469,4.210999965667725,13.420000076293945,1219.7099609375,43.599998474121094,-0.005246932901917134
2005-08-22,438.1000061035156,88.13999938964844,4.218999862670898,13.420000076293945,1221.72998046875,43.70000076293945,0.002056424528324996
2005-08-23,439.3999938964844,88.08000183105469,4.186999797821045,13.34000015258789,1217.5899658203125,43.7599983215332,0.002962937308302216
2005-08-24,437.29998779296875,87.91000366210938,4.178999900817871,14.170000076293945,1209.5899658203125,43.59000015258789,-0.004790715555613723
2005-08-25,438.3999938964844,87.63999938964844,4.159999847412109,13.729999542236328,1212.3699951171875,43.72999954223633,0.0025122912072248482
2005-08-26,437.3999938964844,87.86000061035156,4.189000129699707,13.720000267028809,1205.0999755859375,43.61000061035156,-0.0022836274229671716
2005-08-29,437.0,88.25,4.172999858856201,13.520000457763672,1212.280029296875,43.56999969482422,-0.0009148991929954775
2005-08-30,431.20001220703125,88.3499984741211,4.090000152587891,13.649999618530273,1208.4100341796875,43.0099983215332,-0.013361147191361056
2005-08-31,433.79998779296875,87.58000183105469,4.019999980926514,12.600000381469727,1220.3299560546875,43.400001525878906,0.006011522348776666
2005-09-01,442.29998779296875,86.55000305175781,4.019000053405762,13.149999618530273,1221.5899658203125,44.220001220703125,0.01940478702228976
2005-09-02,444.20001220703125,86.30000305175781,4.0289998054504395,13.569999694824219,1218.02001953125,44.25,0.004286581665966516
2005-09-06,444.3999938964844,86.56999969482422,4.085000038146973,12.930000305175781,1233.3900146484375,44.27000045776367,0.0004501050899294867
2005-09-07,444.8999938964844,86.97000122070312,4.138000011444092,12.520000457763672,1236.3599853515625,44.33000183105469,0.0011244800619563122
2005-09-08,446.70001220703125,87.04000091552734,4.138999938964844,12.930000305175781,1231.6700439453125,44.599998474121094,0.004037731592060112
2005-09-09,449.0,86.88999938964844,4.123000144958496,11.979999542236328,1241.47998046875,44.84000015258789,0.005135632057046813
2005-09-12,449.70001220703125,87.70999908447266,4.169000148773193,11.649999618530273,1240.56005859375,44.88999938964844,0.0015578331792394096
2005-09-13,446.1000061035156,87.75,4.133999824523926,12.390000343322754,1231.199951171875,44.560001373291016,-0.00803756510533038
2005-09-14,449.79998779296875,87.66999816894531,4.168000221252441,12.90999984741211,1227.1600341796875,44.959999084472656,0.008259856570253632
2005-09-15,455.5,88.12999725341797,4.214000225067139,12.489999771118164,1227.72998046875,45.41999816894531,0.012592704313595604
2005-09-16,459.5,88.05000305175781,4.26200008392334,11.220000267028809,1237.9100341796875,45.81999969482422,0.008743225095728668
2005-09-19,466.70001220703125,88.44000244140625,4.247000217437744,12.140000343322754,1231.02001953125,46.25,0.015547737316083499
2005-09-20,466.20001220703125,88.5999984741211,4.243000030517578,12.640000343322754,1221.3399658203125,46.22999954223633,-0.0010719263260607903
2005-09-21,468.8999938964844,88.13999938964844,4.188000202178955,13.789999961853027,1210.199951171875,47.060001373291016,0.005774760293108194
2005-09-22,466.6000061035156,88.55999755859375,4.176000118255615,13.329999923706055,1214.6199951171875,46.36000061035156,-0.0049171404107122285
2005-09-23,463.5,89.20999908447266,4.248000144958496,12.960000038146973,1215.2900390625,46.279998779296875,-0.006665987662250572
2005-09-26,465.8999938964844,89.11000061035156,4.294000148773193,13.039999961853027,1215.6300048828125,46.56999969482422,0.005164620716357149
2005-09-27,462.6000061035156,89.5999984741211,4.301000118255615,12.760000228881836,1215.6600341796875,46.25,-0.007108242730990533
2005-09-28,469.70001220703125,89.47000122070312,4.26200008392334,12.630000114440918,1216.8900146484375,46.79999923706055,0.015231456030668333
2005-09-29,472.20001220703125,89.4000015258789,4.289000034332275,12.239999771118164,1227.6800537109375,47.099998474121094,0.0053084314808682365
2005-09-30,469.0,89.5199966430664,4.328000068664551,11.920000076293945,1228.81005859375,46.70000076293945,-0.0067998820565335905
2005-10-03,466.1000061035156,90.12999725341797,4.386000156402588,12.460000038146973,1226.699951171875,46.41999816894531,-0.006202551972720904
2005-10-04,466.1000061035156,90.0999984741211,4.375999927520752,13.199999809265137,1214.469970703125,46.45000076293945,0.0
2005-10-05,466.1000061035156,89.9800033569336,4.361000061035156,14.550000190734863,1196.3900146484375,46.36000061035156,0.0
2005-10-06,471.8999938964844,88.66000366210938,4.366000175476074,14.960000038146973,1191.489990234375,47.209999084472656,0.012366869324866414
2005-10-07,474.70001220703125,89.16999816894531,4.361000061035156,14.59000015258789,1195.9000244140625,47.36000061035156,0.005915965474101448
2005-10-10,475.1000061035156,89.45999908447266,4.361000061035156,15.550000190734863,1187.3299560546875,47.369998931884766,0.0008422697671512935
2005-10-11,477.1000061035156,89.97000122070312,4.383999824523926,15.630000114440918,1184.8699951171875,47.38999938964844,0.004200804275332537
2005-10-12,473.8999938964844,89.62999725341797,4.440999984741211,16.219999313354492,1177.6800537109375,46.849998474121094,-0.006729809220799687
2005-10-13,471.1000061035156,89.80999755859375,4.474999904632568,16.469999313354492,1176.8399658203125,47.02000045776367,-0.00592591743233406
2005-10-14,469.20001220703125,89.3499984741211,4.491000175476074,14.869999885559082,1186.5699462890625,46.79999923706055,-0.004041255865865345
2005-10-17,474.1000061035156,89.80000305175781,4.488999843597412,14.670000076293945,1190.0999755859375,47.2599983215332,0.010389139985960583
2005-10-18,472.1000061035156,90.29000091552734,4.480999946594238,15.329999923706055,1178.1400146484375,47.0,-0.004227442301292683
2005-10-19,463.5,89.98999786376953,4.4629998207092285,13.5,1195.760009765625,46.34000015258789,-0.01838445547476919
2005-10-20,461.0,89.91000366210938,4.459000110626221,16.110000610351562,1177.800048828125,45.97999954223633,-0.005408342009260991
2005-10-21,467.0,90.30999755859375,4.389999866485596,16.1299991607666,1179.5899658203125,46.52000045776367,0.012931214672248892
2005-10-24,465.0,90.11000061035156,4.446000099182129,14.739999771118164,1199.3800048828125,46.38999938964844,-0.004291852081541592
2005-10-25,472.79998779296875,89.23999786376953,4.507999897003174,14.529999732971191,1196.5400390625,47.060001373291016,0.01663503468593852
2005-10-26,471.20001220703125,89.48999786376953,4.591000080108643,14.59000015258789,1191.3800048828125,46.93000030517578,-0.0033897820296546755
2005-10-27,473.79998779296875,89.0999984741211,4.558000087738037,16.020000457763672,1178.9000244140625,47.18000030517578,0.005502607716943331
2005-10-28,473.0,89.58999633789062,4.566999912261963,14.25,1198.4100341796875,47.220001220703125,-0.001689877468650458
2005-10-31,465.1000061035156,90.06999969482422,4.559000015258789,15.319999694824219,1207.010009765625,46.400001525878906,-0.016842939138863144
2005-11-01,458.79998779296875,90.08000183105469,4.577000141143799,14.850000381469727,1202.760009765625,45.72999954223633,-0.01363809070428701
2005-11-02,462.79998779296875,89.72000122070312,4.610000133514404,13.479999542236328,1214.760009765625,46.130001068115234,0.0086806102942667
2005-11-03,460.1000061035156,90.44000244140625,4.644000053405762,13.0,1219.93994140625,45.959999084472656,-0.005851098515997855
2005-11-04,456.29998779296875,91.26000213623047,4.6570000648498535,13.170000076293945,1220.1400146484375,45.5099983215332,-0.008293409245900385
2005-11-07,459.0,91.29000091552734,4.638999938964844,13.100000381469727,1222.81005859375,45.77000045776367,0.005899748879394373
2005-11-08,460.8999938964844,91.37000274658203,4.565000057220459,13.079999923706055,1218.5899658203125,45.90999984741211,0.004130876423314334
2005-11-09,466.29998779296875,91.5,4.635000228881836,12.800000190734863,1220.6500244140625,46.560001373291016,0.011648091151922557
2005-11-10,466.6000061035156,92.08000183105469,4.564000129699707,11.899999618530273,1230.9599609375,46.47999954223633,0.0006431950323779745
2005-11-11,468.29998779296875,91.9800033569336,4.564000129699707,11.630000114440918,1234.719970703125,46.79999923706055,0.003636717454645222
2005-11-14,468.20001220703125,92.12999725341797,4.604000091552734,12.180000305175781,1233.760009765625,46.619998931884766,-0.00021350899373739907
2005-11-15,468.1000061035156,92.08999633789062,4.557000160217285,12.229999542236328,1229.010009765625,46.65999984741211,-0.00021361978412937077
2005-11-16,478.29998779296875,92.33000183105469,4.484000205993652,12.260000228881836,1231.2099609375,47.779998779296875,0.02155616381960801
2005-11-17,486.20001220703125,91.87999725341797,4.459000110626221,11.25,1242.800048828125,48.47999954223633,0.01638196182449203
2005-11-18,485.6000061035156,91.93000030517578,4.501999855041504,11.119999885559082,1248.27001953125,48.459999084472656,-0.0012348346747312888
2005-11-21,489.0,92.02999877929688,4.460999965667725,10.819999694824219,1254.8499755859375,48.9900016784668,0.006977237160564975
2005-11-22,492.6000061035156,91.5,4.427999973297119,10.600000381469727,1261.22998046875,49.31999969482422,0.0073350086019745575
2005-11-23,492.1000061035156,91.51000213623047,4.473999977111816,10.960000038146973,1265.6099853515625,49.150001525878906,-0.0010155378019156558
2005-11-28,498.29998779296875,90.9800033569336,4.406000137329102,11.84000015258789,1257.4599609375,49.7400016784668,0.012520320515073458
2005-11-29,499.1000061035156,91.62000274658203,4.48199987411499,11.890000343322754,1257.47998046875,49.79999923706055,0.0016042079146023625
2005-11-30,494.6000061035156,91.56999969482422,4.5,12.0600004196167,1249.47998046875,49.099998474121094,-0.009057121276984326
2005-12-01,502.5,91.81999969482422,4.520999908447266,11.239999771118164,1264.6700439453125,50.16999816894531,0.015846272505608106
2005-12-02,503.29998779296875,91.94999694824219,4.519000053405762,11.010000228881836,1265.0799560546875,50.31999969482422,0.0015907495950973072
2005-12-05,508.8999938964844,91.4800033569336,4.566999912261963,11.600000381469727,1262.0899658203125,50.779998779296875,0.011065132072912931
2005-12-06,510.20001220703125,91.44000244140625,4.49399995803833,11.520000457763672,1263.699951171875,50.88999938964844,0.002551308032442634
2005-12-07,514.2999877929688,91.88999938964844,4.517000198364258,12.180000305175781,1257.3699951171875,51.31999969482422,0.008003899411951565
2005-12-08,519.2999877929688,91.26000213623047,4.464000225067139,12.210000038146973,1255.8399658203125,51.900001525878906,0.009674998297933612
2005-12-09,527.0,91.25,4.5370001792907715,11.6899995803833,1259.3699951171875,52.400001525878906,0.014718821197793552
2005-12-12,528.4000244140625,90.3499984741211,4.546999931335449,11.470000267028809,1260.4300537109375,52.560001373291016,0.002653070310558725
2005-12-13,521.0,90.37999725341797,4.534999847412109,11.109999656677246,1267.4300537109375,51.650001525878906,-0.014103577098554254
2005-12-14,506.5,89.83000183105469,4.449999809265137,10.479999542236328,1272.739990234375,50.349998474121094,-0.028225718064629035
2005-12-15,503.8999938964844,90.0199966430664,4.4679999351501465,10.729999542236328,1270.93994140625,50.2400016784668,-0.005146500114738828
2005-12-16,503.3999938964844,89.69999694824219,4.447999954223633,10.680000305175781,1267.3199462890625,50.09000015258789,-0.000992752997367674
2005-12-19,503.6000061035156,89.87000274658203,4.441999912261963,11.380000114440918,1259.9200439453125,50.220001220703125,0.00039724371332994224
2005-12-20,494.6000061035156,90.77999877929688,4.466000080108643,11.1899995803833,1259.6199951171875,49.040000915527344,-0.018032946862338584
2005-12-21,493.0,90.94000244140625,4.486000061035156,10.8100004196167,1262.7900390625,49.369998931884766,-0.0032401933849328657
2005-12-22,502.70001220703125,90.72000122070312,4.433000087738037,10.289999961853027,1268.1199951171875,50.13999938964844,0.019484420938773894
2005-12-23,503.0,90.83999633789062,4.380000114440918,10.270000457763672,1268.6600341796875,50.119998931884766,0.0005965751182754886
2005-12-27,508.0,91.19000244140625,4.341000080108643,11.569999694824219,1256.5400390625,50.63999938964844,0.009891277478742744
2005-12-28,514.2000122070312,91.26000213623047,4.377999782562256,11.350000381469727,1258.1700439453125,51.470001220703125,0.012130870993157572
2005-12-29,515.7000122070312,91.0999984741211,4.375999927520752,11.609999656677246,1254.4200439453125,51.470001220703125,0.0029129061560730918
2005-12-30,517.0999755859375,91.16999816894531,4.394999980926514,12.069999694824219,1248.2900390625,51.58000183105469,0.002711007461035919
2006-01-03,530.7000122070312,89.83999633789062,4.369999885559082,11.140000343322754,1268.800048828125,53.119998931884766,0.02596068064685486
2006-01-04,533.9000244140625,89.13999938964844,4.355999946594238,11.369999885559082,1273.4599609375,53.29999923706055,0.006011688398317894
2006-01-05,526.2999877929688,89.33000183105469,4.355999946594238,11.3100004196167,1273.47998046875,52.34000015258789,-0.014337232068243111
2006-01-06,539.7000122070312,88.8499984741211,4.379000186920166,11.0,1285.449951171875,53.720001220703125,0.025142083077097865
2006-01-09,549.0999755859375,89.25,4.379000186920166,11.130000114440918,1290.1500244140625,54.599998474121094,0.017267077580089385
2006-01-10,544.2999877929688,89.33000183105469,4.427999973297119,10.859999656677246,1289.68994140625,54.060001373291016,-0.008779986809739349
2006-01-11,548.7999877929688,88.98999786376953,4.458000183105469,10.9399995803833,1294.1800537109375,54.529998779296875,0.008233511155416373
2006-01-12,548.2999877929688,89.44000244140625,4.409999847412109,11.199999809265137,1286.06005859375,54.43000030517578,-0.0009114940219561163
2006-01-13,556.0999755859375,88.88999938964844,4.349999904632568,11.229999542236328,1287.6099853515625,55.439998626708984,0.014125530144642795
2006-01-17,553.4000244140625,89.30000305175781,4.331999778747559,11.90999984741211,1282.9300537109375,55.2599983215332,-0.00486697882192022
2006-01-18,543.7000122070312,89.26000213623047,4.340000152587891,12.25,1277.9300537109375,54.06999969482422,-0.017683464865656973
2006-01-19,558.4000244140625,89.38999938964844,4.379000186920166,11.979999542236328,1285.0400390625,55.59000015258789,0.02667794856596828
2006-01-20,553.5,88.94999694824219,4.361000061035156,14.5600004196167,1261.489990234375,55.20000076293945,-0.00881384302092858
2006-01-23,558.2999877929688,87.94999694824219,4.35699987411499,13.930000305175781,1263.8199462890625,55.77000045776367,0.008634678302978038
2006-01-24,557.7000122070312,88.05999755859375,4.389999866485596,13.3100004196167,1266.8599853515625,55.72999954223633,-0.001075225167993743
2006-01-25,562.2000122070312,88.33000183105469,4.479000091552734,12.869999885559082,1264.6800537109375,56.13999938964844,0.008036474901724766
2006-01-26,559.7000122070312,88.62000274658203,4.5229997634887695,12.420000076293945,1273.8299560546875,55.880001068115234,-0.004456732478133496
2006-01-27,558.7000122070312,89.31999969482422,4.502999782562256,11.970000267028809,1283.719970703125,55.630001068115234,-0.0017882693931730032
2006-01-30,565.7999877929688,89.41999816894531,4.534999847412109,12.390000343322754,1285.18994140625,56.68000030517578,0.012627958978555398
2006-01-31,570.7999877929688,88.95999908447266,4.5269999504089355,12.949999809265137,1280.0799560546875,56.70000076293945,0.008798226924202623
2006-02-01,569.4000244140625,89.51000213623047,4.560999870300293,12.359999656677246,1282.4599609375,56.70000076293945,-0.0024556464960943103
2006-02-02,572.5,89.37000274658203,4.560999870300293,13.229999542236328,1270.8399658203125,56.97999954223633,0.00542951770763711
2006-02-03,567.4000244140625,89.88999938964844,4.5329999923706055,12.960000038146973,1264.030029296875,56.5,-0.008948170025688817
2006-02-06,570.2000122070312,90.29000091552734,4.545000076293945,13.039999961853027,1265.02001953125,56.720001220703125,0.004922632484197997
2006-02-07,551.0,90.23999786376953,4.566999912261963,13.59000015258789,1254.780029296875,54.599998474121094,-0.03425238873398939
2006-02-08,550.0999755859375,90.43000030517578,4.59499979019165,12.829999923706055,1265.6500244140625,54.83000183105469,-0.0016347736526389767
2006-02-09,564.5,90.29000091552734,4.540999889373779,13.119999885559082,1263.780029296875,56.18000030517578,0.025840348089440468
2006-02-10,550.2000122070312,90.55000305175781,4.580999851226807,12.869999885559082,1266.989990234375,54.790000915527344,-0.02565851291270782
2006-02-13,539.0,90.54000091552734,4.583000183105469,13.350000381469727,1262.8599853515625,53.720001220703125,-0.020566299768010943
2006-02-14,545.9000244140625,90.54000091552734,4.613999843597412,12.25,1275.530029296875,54.4900016784668,0.012720282601304866
2006-02-15,539.7000122070312,90.72000122070312,4.605999946594238,12.3100004196167,1280.0,53.7599983215332,-0.011422401267526361
2006-02-16,546.0,90.7300033569336,4.5960001945495605,11.479999542236328,1289.3800048828125,54.52000045776367,0.011605523502129067
2006-02-17,551.7999877929688,90.63999938964844,4.540999889373779,12.010000228881836,1287.239990234375,54.959999084472656,0.010566663916078411
2006-02-21,553.9000244140625,90.55000305175781,4.563000202178955,12.40999984741211,1283.030029296875,55.119998931884766,0.0037985694547346682
2006-02-22,553.9000244140625,90.66999816894531,4.531000137329102,11.880000114440918,1292.6700439453125,55.34000015258789,0.0
2006-02-23,548.4000244140625,90.38999938964844,4.566999912261963,11.869999885559082,1287.7900390625,54.63999938964844,-0.009979216908845956
2006-02-24,558.7999877929688,90.61000061035156,4.566999912261963,11.460000038146973,1289.4300537109375,55.63999938964844,0.018786613330853186
2006-02-27,554.7000122070312,90.62999725341797,4.590000152587891,11.59000015258789,1294.1199951171875,55.220001220703125,-0.007364156469990668
2006-02-28,561.5999755859375,90.11000061035156,4.546999931335449,12.34000015258789,1280.6600341796875,56.06999969482422,0.012362360171532139
2006-03-01,563.5,90.22000122070312,4.589000225067139,11.539999961853027,1291.239990234375,56.099998474121094,0.003377524240564256
2006-03-02,568.2000122070312,89.55999755859375,4.638000011444092,11.720000267028809,1289.1400146484375,56.7400016784668,0.008306157423943361
2006-03-03,566.0,89.66000366210938,4.684000015258789,11.960000038146973,1287.22998046875,56.279998779296875,-0.0038794127005914447
2006-03-06,554.9000244140625,89.88999938964844,4.73799991607666,12.739999771118164,1278.260009765625,55.22999954223633,-0.019806116874099722
2006-03-07,552.7000122070312,90.7699966430664,4.736000061035156,12.65999984741211,1275.8800048828125,54.95000076293945,-0.003972580403686976
2006-03-08,542.5,90.62000274658203,4.734000205993652,12.319999694824219,1278.469970703125,53.970001220703125,-0.018627295510781572
2006-03-09,545.5,90.75,4.730000019073486,12.680000305175781,1272.22998046875,54.2400016784668,0.005514719858510375
2006-03-10,539.9000244140625,90.8499984741211,4.755000114440918,11.850000381469727,1281.4200439453125,53.83000183105469,-0.010318822829283647
2006-03-13,546.0999755859375,90.54000091552734,4.775000095367432,11.369999885559082,1284.1300048828125,54.310001373291016,0.01141808200805361
2006-03-14,551.7000122070312,90.0,4.696000099182129,10.739999771118164,1297.47998046875,54.869998931884766,0.010202377952701625
2006-03-15,553.0999755859375,89.69999694824219,4.730999946594238,11.350000381469727,1303.02001953125,55.119998931884766,0.0025343304556217916
2006-03-16,554.4000244140625,89.06999969482422,4.645999908447266,11.979999542236328,1305.3299560546875,55.34000015258789,0.0023477190523832903
2006-03-17,554.0999755859375,88.91999816894531,4.673999786376953,12.119999885559082,1307.25,55.119998931884766,-0.0005413601000503476
2006-03-20,555.2000122070312,89.12999725341797,4.656000137329102,11.789999961853027,1305.0799560546875,55.16999816894531,0.0019832993667705523
2006-03-21,552.4000244140625,89.62000274658203,4.7170000076293945,11.619999885559082,1297.22998046875,54.83000183105469,-0.005055965447838595
2006-03-22,550.9000244140625,89.72000122070312,4.703000068664551,11.210000038146973,1305.0400390625,54.75,-0.0027191169361273637
2006-03-23,550.0999755859375,90.45999908447266,4.738999843597412,11.170000076293945,1301.6700439453125,54.70000076293945,-0.0014533132950802496
2006-03-24,560.0,90.06999969482422,4.675000190734863,11.1899995803833,1302.949951171875,55.709999084472656,0.017836748228918786
2006-03-27,567.0,90.06999969482422,4.701000213623047,11.460000038146973,1301.6099853515625,56.38999938964844,0.012422519998557036
2006-03-28,566.5999755859375,90.25,4.7779998779296875,11.579999923706055,1293.22998046875,56.060001373291016,-0.0007057594200450268
2006-03-29,573.0,90.25,4.809999942779541,10.949999809265137,1302.8900146484375,57.06999969482422,0.011232172407033225
2006-03-30,586.7000122070312,89.38999938964844,4.855000019073486,11.569999694824219,1300.25,58.599998474121094,0.023627920023331583
2006-03-31,581.7999877929688,89.7300033569336,4.853000164031982,11.390000343322754,1294.8699951171875,58.099998474121094,-0.008386911658461393
2006-04-03,589.4000244140625,89.62999725341797,4.874000072479248,11.569999694824219,1297.81005859375,58.470001220703125,0.012978386645873918
2006-04-04,586.0,88.83000183105469,4.872000217437744,11.140000343322754,1305.9300537109375,58.33000183105469,-0.005785322148471828
2006-04-05,587.9000244140625,88.62999725341797,4.839000225067139,11.130000114440918,1311.56005859375,58.65999984741211,0.0032371173587728563
2006-04-06,595.2000122070312,88.95999908447266,4.89300012588501,11.449999809265137,1309.0400390625,59.279998779296875,0.012340597092221905
2006-04-07,588.4000244140625,89.62999725341797,4.9629998207092285,12.260000228881836,1295.5,58.59000015258789,-0.011490473808437152
2006-04-10,597.5999755859375,89.72000122070312,4.9629998207092285,12.1899995803833,1296.6199951171875,59.599998474121094,0.0155145627455191
2006-04-11,595.2000122070312,89.44000244140625,4.932000160217285,13.0,1286.5699462890625,59.0099983215332,-0.004024088937081949
2006-04-12,597.5,89.62000274658203,4.97599983215332,12.760000228881836,1288.1199951171875,59.43000030517578,0.0038567797776591917
2006-04-13,596.5,89.62000274658203,5.035999774932861,12.380000114440918,1289.1199951171875,59.5,-0.001675042267695659
2006-04-17,615.4000244140625,88.63999938964844,5.006999969482422,12.579999923706055,1285.3299560546875,61.09000015258789,0.031193261021829954
2006-04-18,620.0,88.23999786376953,4.973999977111816,11.399999618530273,1307.280029296875,61.849998474121094,0.007446975479337148
2006-04-19,632.5999755859375,87.79000091552734,5.0279998779296875,11.319999694824219,1309.9300537109375,63.75,0.020118794239203375
2006-04-20,619.7999877929688,88.25,5.039000034332275,11.640000343322754,1311.4599609375,60.959999084472656,-0.020441446619806847
2006-04-21,632.2000122070312,88.05000305175781,5.01200008392334,11.59000015258789,1311.280029296875,63.20000076293945,0.019808993431795763
2006-04-24,620.5999755859375,87.44999694824219,4.985000133514404,11.75,1308.1099853515625,61.650001525878906,-0.018519106415500808
2006-04-25,631.0,87.31999969482422,5.071000099182129,11.75,1301.739990234375,62.779998779296875,0.016619149866383687
2006-04-26,638.7999877929688,87.22000122070312,5.105000019073486,11.760000228881836,1305.4100341796875,63.650001525878906,0.012285534690327893
2006-04-27,633.2999877929688,86.62999725341797,5.084000110626221,11.84000015258789,1309.719970703125,62.959999084472656,-0.008647172984430185
2006-04-28,651.7999877929688,86.11000061035156,5.068999767303467,11.59000015258789,1310.6099853515625,65.08999633789062,0.028793523428165102
2006-05-01,657.5,85.97000122070312,5.13100004196167,12.539999961853027,1305.18994140625,65.16000366210938,0.008707016376644283
2006-05-02,664.7000122070312,85.79000091552734,5.110000133514404,11.989999771118164,1313.2099609375,66.55000305175781,0.010891065360339347
2006-05-03,665.9000244140625,85.83999633789062,5.144000053405762,11.989999771118164,1308.1199951171875,66.45999908447266,0.0018037163675730383
2006-05-04,674.2000122070312,85.83999633789062,5.150000095367432,11.859999656677246,1312.25,67.4800033569336,0.012387275126077846
2006-05-05,682.2000122070312,85.12000274658203,5.107999801635742,11.619999885559082,1325.760009765625,67.98999786376953,0.0117960669722601
2006-05-08,677.7999877929688,85.2300033569336,5.11899995803833,12.0,1324.6600341796875,67.55999755859375,-0.006470646715002637
2006-05-09,699.4000244140625,84.83000183105469,5.125,11.989999771118164,1325.1400146484375,69.68000030517578,0.03137061837326005
2006-05-10,703.7000122070312,84.5,5.125,11.779999732971191,1322.8499755859375,70.37999725341797,0.006129286783000509
2006-05-11,719.7999877929688,84.2699966430664,5.15500020980835,12.489999771118164,1305.9200439453125,71.02999877929688,0.02262123236658109
2006-05-12,710.2999877929688,83.95999908447266,5.185999870300293,14.1899995803833,1291.239990234375,71.12000274658203,-0.013285979867985631
2006-05-15,683.5999755859375,84.54000091552734,5.1529998779296875,13.569999694824219,1294.5,67.41000366210938,-0.03831448329054776
2006-05-16,691.5,84.16999816894531,5.105000019073486,13.350000381469727,1292.0799560546875,68.61000061035156,0.011490235577337415
2006-05-17,690.5,84.8499984741211,5.1529998779296875,16.260000228881836,1270.3199462890625,68.1500015258789,-0.0014471782554661416
2006-05-18,679.5999755859375,84.51000213623047,5.072999954223633,16.989999771118164,1261.81005859375,67.45999908447266,-0.015911618975735564
2006-05-19,656.7000122070312,84.87999725341797,5.053999900817871,17.18000030517578,1267.030029296875,65.58000183105469,-0.03427704208824078
2006-05-22,657.0,84.3499984741211,5.035999774932861,17.719999313354492,1262.0699462890625,65.30000305175781,0.000456706699239362
2006-05-23,673.0,84.3499984741211,5.065999984741211,18.260000228881836,1256.5799560546875,66.37999725341797,0.024061311160117782
2006-05-24,637.0,84.94999694824219,5.033999919891357,17.360000610351562,1258.5699462890625,64.05999755859375,-0.05497567407256465
2006-05-25,648.4000244140625,84.6500015258789,5.073999881744385,15.5,1272.8800048828125,64.69999694824219,0.01773817194213745
2006-05-26,650.9000244140625,85.26000213623047,5.052000045776367,14.260000228881836,1280.1600341796875,65.0999984741211,0.0038482305722018495
2006-05-30,653.9000244140625,84.27999877929688,5.085999965667725,18.65999984741211,1259.8699951171875,65.11000061035156,0.004598413816807145
2006-05-31,642.5,84.72000122070312,5.11299991607666,16.440000534057617,1270.0899658203125,64.2300033569336,-0.017587655133934454
2006-06-01,627.5999755859375,84.79000091552734,5.107999801635742,14.520000457763672,1285.7099609375,62.560001373291016,-0.023463834811171758
2006-06-02,635.5,84.05000305175781,4.99399995803833,14.319999694824219,1288.219970703125,63.5,0.012509108671305391
2006-06-05,643.2000122070312,84.13999938964844,5.026000022888184,16.649999618530273,1265.2900390625,63.290000915527344,0.012043646213840908
2006-06-06,629.4000244140625,84.7300033569336,5.00600004196167,17.34000015258789,1263.8499755859375,62.54999923706055,-0.021688713423621664
2006-06-07,627.4000244140625,84.98999786376953,5.026000022888184,17.799999237060547,1256.1500244140625,62.279998779296875,-0.0031826887500772116
2006-06-08,609.0999755859375,85.91000366210938,4.992000102996826,18.350000381469727,1257.9300537109375,60.90999984741211,-0.029601916909403947
2006-06-09,608.2000122070312,85.72000122070312,4.980999946594238,18.1200008392334,1252.300048828125,60.45000076293945,-0.0014786224462310926
2006-06-12,606.7999877929688,85.8499984741211,4.986999988555908,20.959999084472656,1237.43994140625,60.029998779296875,-0.002304567956697312
2006-06-13,562.5,86.43000030517578,4.960999965667725,23.809999465942383,1223.68994140625,55.91999816894531,-0.07580809327874327
2006-06-14,562.2999877929688,86.13999938964844,5.050000190734863,21.459999084472656,1230.0400390625,55.619998931884766,-0.00035564048952707594
2006-06-15,566.5,86.0199966430664,5.0980000495910645,15.899999618530273,1256.1600341796875,57.31999969482422,0.0074415868790129736
2006-06-16,578.0,85.91999816894531,5.127999782562256,17.25,1251.5400390625,57.68000030517578,0.020096788204316596
2006-06-19,568.7999877929688,86.30999755859375,5.144999980926514,17.829999923706055,1240.1300048828125,56.36000061035156,-0.016045011644372664
2006-06-20,576.9000244140625,86.18000030517578,5.1570000648498535,16.690000534057617,1240.1199951171875,57.29999923706055,0.014140126554238464
2006-06-21,587.5,85.77999877929688,5.15500020980835,15.520000457763672,1252.199951171875,58.33000183105469,0.018207262436070515
2006-06-22,582.2000122070312,86.38999938964844,5.197999954223633,15.880000114440918,1245.5999755859375,57.72999954223633,-0.009062193739715951
2006-06-23,584.7999877929688,86.81999969482422,5.228000164031982,15.890000343322754,1244.5,57.9900016784668,0.004455835283113885
2006-06-26,584.7999877929688,86.48999786376953,5.238999843597412,15.619999885559082,1250.56005859375,58.279998779296875,0.0
2006-06-27,581.5999755859375,86.47000122070312,5.210000038146973,16.399999618530273,1239.199951171875,57.68000030517578,-0.005487003319815109
2006-06-28,578.2999877929688,86.62999725341797,5.244999885559082,15.789999961853027,1246.0,57.540000915527344,-0.0056901401861999545
2006-06-29,586.5,85.87000274658203,5.199999809265137,13.029999732971191,1272.8699951171875,59.52000045776367,0.014079924037833536
2006-06-30,613.5,85.22000122070312,5.138000011444092,13.079999923706055,1270.199951171875,61.22999954223633,0.04500759605743543
2006-07-05,627.2999877929688,85.5999984741211,5.2270002365112305,14.149999618530273,1270.9100341796875,62.5,0.022244611492093114
2006-07-06,634.0999755859375,85.3499984741211,5.184999942779541,13.649999618530273,1274.0799560546875,63.02000045776367,0.010781756561014433
2006-07-07,632.7999877929688,84.9800033569336,5.131999969482422,13.970000267028809,1265.47998046875,62.630001068115234,-0.002052235041134054
2006-07-10,624.0999755859375,85.5,5.130000114440918,14.020000457763672,1267.3399658203125,62.02000045776367,-0.013843824341774003
2006-07-11,641.2000122070312,85.36000061035156,5.099999904632568,13.140000343322754,1272.4300537109375,63.810001373291016,0.027030866952022947
2006-07-12,649.4000244140625,85.91000366210938,5.099999904632568,14.489999771118164,1258.5999755859375,64.91999816894531,0.012707457490355623
2006-07-13,652.9000244140625,85.79000091552734,5.071000099182129,17.790000915527344,1242.280029296875,65.55000305175781,0.005375118322307415
2006-07-14,666.5999755859375,86.08999633789062,5.059000015258789,18.049999237060547,1236.199951171875,65.8499984741211,0.02076611366303105
2006-07-17,650.5999755859375,86.95999908447266,5.068999767303467,18.639999389648438,1234.489990234375,63.95000076293945,-0.024295152735088976
2006-07-18,628.2999877929688,87.01000213623047,5.130000114440918,17.739999771118164,1236.8599853515625,62.900001525878906,-0.034877236533558786
2006-07-19,641.5999755859375,86.45999908447266,5.059000015258789,15.550000190734863,1259.81005859375,64.02999877929688,0.020947278520226043
2006-07-20,631.7000122070312,86.22000122070312,5.0279998779296875,16.209999084472656,1249.1300048828125,62.540000915527344,-0.015550401271710257
2006-07-21,619.5999755859375,85.93000030517578,5.045000076293945,17.399999618530273,1240.2900390625,61.709999084472656,-0.019340548088979226
2006-07-24,612.7000122070312,86.33999633789062,5.044000148773193,14.979999542236328,1260.9100341796875,61.13999938964844,-0.011198629484820977
2006-07-25,617.5999755859375,86.63999938964844,5.065000057220459,14.850000381469727,1268.8800048828125,61.54999923706055,0.007965519525074072
2006-07-26,621.5999755859375,85.93000030517578,5.035999774932861,14.619999885559082,1268.4000244140625,62.0,0.006455800597250594
2006-07-27,632.4000244140625,85.87000274658203,5.039999961853027,14.9399995803833,1263.199951171875,62.900001525878906,0.017225384163452873
2006-07-28,634.7999877929688,85.44000244140625,4.989999771118164,14.329999923706055,1278.550048828125,63.11000061035156,0.003787825481798457
2006-07-31,634.2000122070312,85.30000305175781,4.98799991607666,14.949999809265137,1276.6600341796875,63.15999984741211,-0.0009455880703592712
2006-08-01,646.2999877929688,85.05000305175781,4.982999801635742,15.050000190734863,1270.9200439453125,64.31999969482422,0.0188993920291205
2006-08-02,651.5999755859375,85.05000305175781,4.960999965667725,14.34000015258789,1277.4100341796875,64.75,0.008167065878734725
2006-08-03,644.9000244140625,85.0199966430664,4.951000213623047,14.460000038146973,1280.27001953125,64.12000274658203,-0.010335535386562178
2006-08-04,644.0,84.56999969482422,4.901000022888184,14.34000015258789,1279.3599853515625,64.27999877929688,-0.0013965777691060666
2006-08-07,647.7999877929688,84.75,4.921000003814697,15.229999542236328,1275.77001953125,64.5,0.005883261789048078
2006-08-08,645.7000122070312,84.66000366210938,4.922999858856201,15.229999542236328,1271.47998046875,63.970001220703125,-0.0032469693558683232
2006-08-09,650.5,84.70999908447266,4.936999797821045,15.199999809265137,1265.949951171875,64.62999725341797,0.007406279415026695
2006-08-10,634.9000244140625,85.08000183105469,4.927000045776367,14.460000038146973,1271.81005859375,63.25,-0.02427375332275883
2006-08-11,633.5,85.5199966430664,4.9670000076293945,14.300000190734863,1266.739990234375,62.709999084472656,-0.002207544868607414
2006-08-14,628.5,85.63999938964844,5.000999927520752,14.260000228881836,1268.2099609375,62.25,-0.007923971730892099
2006-08-15,622.5,85.22000122070312,4.931000232696533,13.420000076293945,1285.5799560546875,62.0099983215332,-0.009592399691439546
2006-08-16,628.7000122070312,84.87999725341797,4.870999813079834,12.40999984741211,1295.4300537109375,62.4900016784668,0.009910586466458149
2006-08-17,615.4000244140625,85.04000091552734,4.867000102996826,12.239999771118164,1297.47998046875,61.029998779296875,-0.021381712245520212
2006-08-18,612.0999755859375,85.08999633789062,4.835000038146973,11.640000343322754,1302.300048828125,61.040000915527344,-0.005376874588518987
2006-08-21,625.7000122070312,84.62999725341797,4.818999767303467,12.220000267028809,1297.52001953125,62.439998626708984,0.021975414542435345
2006-08-22,624.5999755859375,85.18000030517578,4.810999870300293,12.1899995803833,1298.8199462890625,62.04999923706055,-0.0017596367522552114
2006-08-23,623.7000122070312,85.12999725341797,4.818999767303467,12.399999618530273,1292.989990234375,61.83000183105469,-0.0014419026574250537
2006-08-24,619.5,85.27999877929688,4.802999973297119,12.399999618530273,1296.06005859375,61.75,-0.006756802034839637
2006-08-25,622.0,85.37999725341797,4.790999889373779,12.3100004196167,1295.0899658203125,61.77000045776367,0.00402739166998245
2006-08-28,615.2999877929688,85.2300033569336,4.796999931335449,12.180000305175781,1301.780029296875,61.0,-0.010830158831888426
2006-08-29,610.7000122070312,84.91000366210938,4.7829999923706055,12.279999732971191,1304.280029296875,60.939998626708984,-0.007504073689613477
2006-08-30,617.7000122070312,84.97000122070312,4.763000011444092,12.220000267028809,1305.3699951171875,61.41999816894531,0.011397062246246925
2006-08-31,625.9000244140625,85.05000305175781,4.73199987411499,12.3100004196167,1303.8199462890625,62.290000915527344,0.013187730473061876
2006-09-01,624.4000244140625,84.94000244140625,4.72599983215332,11.960000038146973,1311.010009765625,62.13999938964844,-0.002399425195673821
2006-09-04,624.4000244140625,84.94000244140625,4.72599983215332,11.960000038146973,1311.010009765625,62.13999938964844,0.0
2006-09-05,638.5,85.0,4.781000137329102,12.630000114440918,1313.25,63.36000061035156,0.022330447731281566
2006-09-06,633.5,85.0999984741211,4.801000118255615,13.739999771118164,1300.260009765625,62.86000061035156,-0.00786167571139984
2006-09-07,617.0,85.52999877929688,4.795000076293945,13.880000114440918,1294.02001953125,61.25,-0.026390975855806076
2006-09-08,609.5999755859375,85.94999694824219,4.770999908447266,13.15999984741211,1298.9200439453125,60.63999938964844,-0.01206605958226703
2006-09-11,590.0,85.91999816894531,4.798999786376953,12.989999771118164,1299.5400390625,58.5,-0.032680427423356306
2006-09-12,586.9000244140625,85.91999816894531,4.7729997634887695,11.920000076293945,1313.0,58.31999969482422,-0.00526804773714229
2006-09-13,589.0999755859375,85.87000274658203,4.764999866485596,11.180000305175781,1318.0699462890625,58.619998931884766,0.0037414179220336408
2006-09-14,579.2999877929688,85.66000366210938,4.793000221252441,11.550000190734863,1316.280029296875,57.189998626708984,-0.01677545005411485
2006-09-15,576.4000244140625,85.98999786376953,4.797999858856201,11.760000228881836,1319.6600341796875,57.400001525878906,-0.0050185505490638604
2006-09-18,586.2000122070312,85.80999755859375,4.809999942779541,11.779999732971191,1321.1800537109375,58.22999954223633,0.016859142619318312
2006-09-19,576.7999877929688,85.94000244140625,4.736999988555908,11.979999542236328,1317.6400146484375,56.91999816894531,-0.01616548429342579
2006-09-20,580.0,85.80999755859375,4.729000091552734,11.390000343322754,1325.1800537109375,57.2599983215332,0.005532538733095116
2006-09-21,582.2000122070312,85.18000030517578,4.6479997634887695,12.25,1318.030029296875,57.95000076293945,0.0037859487381330936
2006-09-22,589.4000244140625,85.19999694824219,4.5970001220703125,12.59000015258789,1314.780029296875,58.5,0.01229105944688591
2006-09-25,589.9000244140625,85.29000091552734,4.554999828338623,12.119999885559082,1326.3699951171875,58.5,0.000847960670326664
2006-09-26,591.2000122070312,85.62999725341797,4.585000038146973,11.529999732971191,1336.3499755859375,58.7400016784668,0.002201317886068921
2006-09-27,597.2999877929688,85.66000366210938,4.593999862670898,11.579999923706055,1336.5899658203125,59.810001373291016,0.010265089019362073
2006-09-28,605.0,85.72000122070312,4.625999927520752,11.720000267028809,1338.8800048828125,59.790000915527344,0.012808978729600184
2006-09-29,598.5999755859375,85.97000122070312,4.632999897003174,11.979999542236328,1335.8499755859375,59.470001220703125,-0.010634903397513717
2006-10-02,597.7000122070312,85.58999633789062,4.618000030517578,12.569999694824219,1331.3199462890625,59.150001525878906,-0.001504578379778465
2006-10-03,576.2999877929688,85.70999908447266,4.616000175476074,12.239999771118164,1334.1099853515625,57.11000061035156,-0.03646063899265961
2006-10-04,562.0,85.83999633789062,4.565000057220459,11.859999656677246,1350.199951171875,56.369998931884766,-0.025126487367199246
2006-10-05,571.0,85.91999816894531,4.607999801635742,11.979999542236328,1353.219970703125,56.91999816894531,0.015887359762319697
2006-10-06,572.4000244140625,86.44000244140625,4.696000099182129,11.5600004196167,1349.5899658203125,56.9900016784668,0.0024488806783855566
2006-10-09,578.4000244140625,86.5199966430664,4.696000099182129,11.680000305175781,1350.6600341796875,57.20000076293945,0.010427622719809904
2006-10-10,571.9000244140625,87.0199966430664,4.748000144958496,11.520000457763672,1353.4200439453125,57.0,-0.011301519443545516
2006-10-11,572.2999877929688,87.12000274658203,4.783999919891357,11.619999885559082,1349.949951171875,56.880001068115234,0.0006991144746191225
2006-10-12,576.2999877929688,86.91999816894531,4.7779998779296875,11.09000015258789,1362.8299560546875,57.4900016784668,0.006965029175610482
2006-10-13,588.7999877929688,87.12000274658203,4.806000232696533,10.75,1365.6199951171875,58.56999969482422,0.02145820942172616
2006-10-16,594.7000122070312,87.0,4.788000106811523,11.09000015258789,1369.06005859375,59.16999816894531,0.00997055055630014
2006-10-17,589.7000122070312,86.87000274658203,4.7779998779296875,11.729999542236328,1364.050048828125,58.650001525878906,-0.008443143532049113
2006-10-18,588.9000244140625,86.87999725341797,4.763999938964844,11.34000015258789,1365.800048828125,58.59000015258789,-0.0013575222992834313
2006-10-19,599.0,86.23999786376953,4.785999774932861,10.899999618530273,1366.9599609375,59.40999984741211,0.01700516670786545
2006-10-20,593.0,86.2699966430664,4.783999919891357,10.630000114440918,1368.5999755859375,58.779998779296875,-0.010067199117723469
2006-10-23,579.7000122070312,86.70999908447266,4.826000213623047,11.079999923706055,1377.02001953125,57.7599983215332,-0.0226836495945415
2006-10-24,584.4000244140625,86.62999725341797,4.823999881744385,10.779999732971191,1377.3800048828125,58.16999816894531,0.008074972249646706
2006-10-25,587.5999755859375,86.37999725341797,4.7729997634887695,10.65999984741211,1382.219970703125,58.7599983215332,0.005460681098111486
2006-10-26,596.7999877929688,85.88999938964844,4.7210001945495605,10.5600004196167,1389.0799560546875,59.290000915527344,0.015535625684467647
2006-10-27,598.2000122070312,85.55999755859375,4.675000190734863,10.800000190734863,1377.3399658203125,59.400001525878906,0.0023431381667080586
2006-10-30,604.7000122070312,85.58999633789062,4.672999858856201,11.199999809265137,1377.9300537109375,59.900001525878906,0.01080732086396985
2006-10-31,604.0999755859375,85.31999969482422,4.605999946594238,11.100000381469727,1377.93994140625,60.2400016784668,-0.0009927807353351525
2006-11-01,616.5999755859375,85.31999969482422,4.560999870300293,11.510000228881836,1367.81005859375,61.36000061035156,0.020480769126644205
2006-11-02,625.4000244140625,85.33999633789062,4.5960001945495605,11.420000076293945,1367.3399658203125,61.91999816894531,0.014171008203859081
2006-11-03,626.9000244140625,85.70999908447266,4.715000152587891,11.15999984741211,1364.300048828125,62.29999923706055,0.002395593162775711
2006-11-06,625.7999877929688,85.75,4.709000110626221,11.15999984741211,1379.780029296875,61.88999938964844,-0.0017562654955325385
2006-11-07,625.7000122070312,85.43000030517578,4.658999919891357,11.09000015258789,1382.8399658203125,62.040000915527344,-0.0001597692147825569
2006-11-08,616.4000244140625,85.41000366210938,4.632999897003174,10.75,1385.719970703125,61.11000061035156,-0.014974899460257873
2006-11-09,635.0,85.18000030517578,4.632999897003174,11.010000228881836,1378.3299560546875,62.95000076293945,0.029728855839232793
2006-11-10,628.4000244140625,85.05000305175781,4.585999965667725,10.789999961853027,1380.9000244140625,62.4900016784668,-0.010448053660076617
2006-11-13,624.2000122070312,85.36000061035156,4.605000019073486,10.859999656677246,1384.4200439453125,62.189998626708984,-0.0067060958396538695
2006-11-14,623.7999877929688,85.23999786376953,4.567999839782715,10.5,1393.219970703125,61.630001068115234,-0.0006410647880805698
2006-11-15,622.5,85.33999633789062,4.614999771118164,10.3100004196167,1396.5699462890625,61.84000015258789,-0.0020861562660181576
2006-11-16,620.5999755859375,85.5,4.65500020980835,10.15999984741211,1399.760009765625,61.310001373291016,-0.0030569156640334327
2006-11-17,621.5,85.37000274658203,4.60699987411499,10.050000190734863,1401.199951171875,61.779998779296875,0.0014491982759370359
2006-11-20,621.2000122070312,85.41999816894531,4.59499979019165,9.970000267028809,1400.5,61.77000045776367,-0.00048280002550793455
2006-11-21,628.2000122070312,85.23999786376953,4.578000068664551,9.899999618530273,1402.81005859375,62.27000045776367,0.011205495611046778
2006-11-22,628.7000122070312,84.6500015258789,4.567999839782715,10.140000343322754,1406.0899658203125,62.5,0.0007956082690157018
2006-11-24,628.7000122070312,83.70999908447266,4.547999858856201,10.729999542236328,1400.949951171875,63.5,0.0
2006-11-28,637.2000122070312,83.20999908447266,4.508999824523926,11.619999885559082,1386.719970703125,63.56999969482422,0.013429382387871946
2006-11-29,635.5,83.44000244140625,4.520999908447266,10.829999923706055,1399.47998046875,63.15999984741211,-0.0026715065636837565
2006-11-30,646.9000244140625,82.91999816894531,4.458000183105469,10.90999984741211,1400.6300048828125,64.38999938964844,0.01777967016051729
2006-12-01,644.7000122070312,82.4800033569336,4.425000190734863,11.65999984741211,1396.7099609375,64.12000274658203,-0.0034066495390154827
2006-12-04,645.2000122070312,82.48999786376953,4.433000087738037,11.229999542236328,1409.1199951171875,64.12000274658203,0.0007752539198060404
2006-12-05,642.2999877929688,82.44999694824219,4.441999912261963,11.270000457763672,1414.760009765625,63.810001373291016,-0.004504899912256555
2006-12-06,630.5,82.7699966430664,4.480999946594238,11.329999923706055,1412.9000244140625,62.689998626708984,-0.018542309853585515
2006-12-07,631.9000244140625,82.80000305175781,4.482999801635742,12.670000076293945,1407.2900390625,62.72999954223633,0.002218037010393026
2006-12-08,626.0999755859375,83.33000183105469,4.552000045776367,12.069999694824219,1409.8399658203125,62.04999923706055,-0.009221128657974198
2006-12-11,630.0,83.12000274658203,4.519999980926514,10.710000038146973,1413.0400390625,62.56999969482422,0.006209755628185043
2006-12-12,627.0,82.97000122070312,4.491000175476074,10.649999618530273,1411.56005859375,62.52000045776367,-0.004773278752657539
2006-12-13,627.9000244140625,82.97000122070312,4.577000141143799,10.180000305175781,1413.2099609375,62.47999954223633,0.0014344163692294742
2006-12-14,626.5999755859375,83.6500015258789,4.59499979019165,9.970000267028809,1425.489990234375,62.119998931884766,-0.002072617446815528
2006-12-15,615.0,84.05999755859375,4.5970001220703125,10.050000190734863,1427.0899658203125,61.0,-0.018686071748817312
2006-12-18,614.0,83.9800033569336,4.586999893188477,10.600000381469727,1422.47998046875,61.040000915527344,-0.0016273396593753375
2006-12-19,621.5999755859375,83.45999908447266,4.598999977111816,10.300000190734863,1425.550048828125,61.79999923706055,0.012301831630132654
2006-12-20,620.5999755859375,83.5199966430664,4.59499979019165,10.260000228881836,1423.530029296875,61.619998931884766,-0.001610047102445833
2006-12-21,618.2000122070312,83.56999969482422,4.548999786376953,10.529999732971191,1418.300048828125,61.380001068115234,-0.00387466323072605
2006-12-22,619.0999755859375,83.94000244140625,4.624000072479248,11.359999656677246,1410.760009765625,61.650001525878906,0.0014547216463185464
2006-12-26,623.7000122070312,84.06999969482422,4.603000164031982,11.260000228881836,1416.9000244140625,61.97999954223633,0.0074027320136149655
2006-12-27,627.2000122070312,83.94000244140625,4.6539998054504395,10.640000343322754,1426.8399658203125,62.220001220703125,0.0055959853949021365
2006-12-28,634.0999755859375,83.81999969482422,4.690000057220459,10.989999771118164,1424.72998046875,62.900001525878906,0.01094114370513477
2006-12-29,635.2000122070312,83.72000122070312,4.710000038146973,11.5600004196167,1418.300048828125,63.209999084472656,0.0017332969464707304
2007-01-02,635.2000122070312,83.19999694824219,4.710000038146973,11.5600004196167,1418.300048828125,63.209999084472656,0.0
2007-01-03,627.0999755859375,83.91999816894531,4.664000034332275,12.039999961853027,1416.5999755859375,62.279998779296875,-0.012833950533258864
2007-01-04,623.9000244140625,84.31999969482422,4.618000030517578,11.510000228881836,1418.3399658203125,61.650001525878906,-0.005115840369174229
2007-01-05,604.9000244140625,84.62999725341797,4.645999908447266,12.140000343322754,1409.7099609375,60.16999816894531,-0.030926942774749833
2007-01-08,607.5,84.5999984741211,4.659999847412109,12.0,1412.8399658203125,60.47999954223633,0.004288979741342125
2007-01-09,613.0999755859375,84.73999786376953,4.656000137329102,11.90999984741211,1412.1099853515625,60.849998474121094,0.009175839733252644
2007-01-10,611.5999755859375,85.08000183105469,4.682000160217285,11.470000267028809,1414.8499755859375,60.59000015258789,-0.0024495808113993434
2007-01-11,612.4000244140625,85.30999755859375,4.736999988555908,10.869999885559082,1423.8199462890625,60.630001068115234,0.0013072695131741696
2007-01-12,625.5,85.02999877929688,4.770999908447266,10.149999618530273,1430.72998046875,62.16999816894531,0.02116562625723528
2007-01-16,624.5999755859375,85.05000305175781,4.750999927520752,10.739999771118164,1431.9000244140625,61.970001220703125,-0.0014399241455045342
2007-01-17,632.0999755859375,84.9800033569336,4.7870001792907715,10.59000015258789,1430.6199951171875,62.63999938964844,0.011936165093056061
2007-01-18,627.0999755859375,84.91000366210938,4.750999927520752,10.850000381469727,1426.3699951171875,62.2599983215332,-0.007941592237232342
2007-01-19,635.5,84.86000061035156,4.7729997634887695,10.399999618530273,1430.5,63.0,0.013306112012223537
2007-01-22,633.2999877929688,85.0199966430664,4.758999824523926,10.770000457763672,1422.949951171875,62.720001220703125,-0.003467866382398377
2007-01-23,645.2000122070312,84.66999816894531,4.803999900817871,10.34000015258789,1427.989990234375,64.2300033569336,0.018616140923706226
2007-01-24,647.5999755859375,84.94000244140625,4.809999942779541,9.890000343322754,1440.1300048828125,64.33000183105469,0.0037128189333692774
2007-01-25,647.7999877929688,85.11000061035156,4.867000102996826,11.220000267028809,1423.9000244140625,64.05999755859375,0.00030880378921605
2007-01-26,644.5,85.27999877929688,4.879000186920166,11.130000114440918,1422.1800537109375,64.16999816894531,-0.00510716551416035
2007-01-29,643.0999755859375,85.0999984741211,4.892000198364258,11.449999809265137,1420.6199951171875,63.77000045776367,-0.0021746272015139567
2007-01-30,644.2000122070312,85.02999877929688,4.875,10.960000038146973,1428.8199462890625,64.22000122070312,0.0017090606685030707
2007-01-31,652.0,84.61000061035156,4.826000213623047,10.420000076293945,1438.239990234375,64.83000183105469,0.012035306080422359
2007-02-01,657.4000244140625,84.62999725341797,4.836999893188477,10.3100004196167,1445.93994140625,65.22000122070312,0.008248136440767162
2007-02-02,646.2000122070312,84.95999908447266,4.827000141143799,10.079999923706055,1448.3900146484375,64.27999877929688,-0.01718362608653745
2007-02-05,650.9000244140625,85.08000183105469,4.808000087738037,10.550000190734863,1446.989990234375,64.30999755859375,0.007246985805619666
2007-02-06,653.5999755859375,84.77999877929688,4.764999866485596,10.649999618530273,1448.0,64.79000091552734,0.004139448106073473
2007-02-07,652.2999877929688,84.75,4.744999885559082,10.319999694824219,1450.02001953125,64.62999725341797,-0.0019909461043559062
2007-02-08,658.0,84.69999694824219,4.730000019073486,10.4399995803833,1448.31005859375,65.5199966430664,0.008700371237097215
2007-02-09,667.5,84.87000274658203,4.783999919891357,11.100000381469727,1438.06005859375,66.12000274658203,0.01433445894908747
2007-02-12,662.5999755859375,85.1500015258789,4.803999900817871,11.609999656677246,1433.3699951171875,65.66999816894531,-0.007367937254463719
2007-02-13,663.9000244140625,84.7300033569336,4.814000129699707,10.34000015258789,1444.260009765625,65.83999633789062,0.001960119478876976
2007-02-14,667.4000244140625,84.19999694824219,4.730000019073486,10.229999542236328,1455.300048828125,66.37000274658203,0.005258030399310165
2007-02-15,667.2999877929688,84.01000213623047,4.705999851226807,10.220000267028809,1456.81005859375,66.41000366210938,-0.0001499012817358647
2007-02-16,668.7999877929688,84.08999633789062,4.690000057220459,10.020000457763672,1455.5400390625,66.36000061035156,0.0022453419019594634
2007-02-20,657.0999755859375,84.19000244140625,4.679999828338623,10.239999771118164,1459.6800537109375,65.30999755859375,-0.01764886676878774
2007-02-21,680.2000122070312,84.20999908447266,4.691999912261963,10.199999809265137,1457.6300048828125,67.3499984741211,0.034550713769768926
2007-02-22,679.4000244140625,84.31999969482422,4.730000019073486,10.180000305175781,1456.3800048828125,67.1500015258789,-0.0011767988581095068
2007-02-23,683.0999755859375,84.06999969482422,4.677999973297119,10.579999923706055,1451.18994140625,67.72000122070312,0.0054311343364794595
2007-02-26,686.5,83.93000030517578,4.63100004196167,11.149999618530273,1449.3699951171875,68.0999984741211,0.004964999210322674
2007-02-27,683.9000244140625,83.4800033569336,4.513000011444092,18.309999465942383,1399.0400390625,65.41000366210938,-0.003794481405683392
2007-02-28,669.4000244140625,83.56999969482422,4.550000190734863,15.420000076293945,1406.8199462890625,66.4800033569336,-0.02142991855355625
2007-03-01,662.2999877929688,83.68000030517578,4.556000232696533,15.819999694824219,1403.1700439453125,65.81999969482422,-0.010663218189123747
2007-03-02,641.5,83.73999786376953,4.514999866485596,18.610000610351562,1387.1700439453125,63.709999084472656,-0.03190942300397115
2007-03-05,636.7000122070312,84.1500015258789,4.51800012588501,19.6299991607666,1374.1199951171875,62.93000030517578,-0.007510577860367462
2007-03-06,643.7999877929688,84.06999969482422,4.5279998779296875,15.960000038146973,1395.4100341796875,64.1500015258789,0.011089493708477782
2007-03-07,650.5999755859375,83.77999877929688,4.497000217437744,15.239999771118164,1391.969970703125,64.30000305175781,0.010506876609992055
2007-03-08,653.4000244140625,84.0999984741211,4.508999824523926,14.289999961853027,1401.8900146484375,64.4800033569336,0.004294560017825688
2007-03-09,650.0,84.23999786376953,4.589000225067139,14.09000015258789,1402.8399658203125,64.25,-0.005217173641936412
2007-03-12,648.4000244140625,83.86000061035156,4.552999973297119,13.989999771118164,1406.5999755859375,64.37000274658203,-0.0024645353753820487
2007-03-13,647.5999755859375,83.7300033569336,4.494999885559082,18.1299991607666,1377.949951171875,63.720001220703125,-0.0012346434101146997
2007-03-14,640.9000244140625,83.61000061035156,4.521999835968018,17.270000457763672,1387.1700439453125,63.939998626708984,-0.010399707500601707
2007-03-15,645.7000122070312,83.68000030517578,4.535999774932861,16.43000030517578,1392.280029296875,63.97999954223633,0.007461541933949434
2007-03-16,652.5999755859375,83.2300033569336,4.545000076293945,16.790000915527344,1386.949951171875,64.62000274658203,0.010629328211231304
2007-03-19,653.0999755859375,83.38999938964844,4.571000099182129,14.59000015258789,1402.06005859375,64.73999786376953,0.000765872778032417
2007-03-20,657.9000244140625,83.11000061035156,4.546999931335449,13.270000457763672,1410.93994140625,65.2699966430664,0.007322761674232403
2007-03-21,659.0,82.7699966430664,4.51800012588501,12.1899995803833,1435.0400390625,65.81999969482422,0.0016705533014773621
2007-03-22,663.4000244140625,83.08999633789062,4.589000225067139,12.930000305175781,1434.5400390625,65.76000213623047,0.00665462881186496
2007-03-23,656.7000122070312,83.27999877929688,4.61299991607666,12.949999809265137,1436.1099853515625,65.1500015258789,-0.010150851529001415
2007-03-26,663.4000244140625,83.08000183105469,4.586999893188477,13.15999984741211,1437.5,65.83999633789062,0.010150851529001415
2007-03-27,662.0999755859375,83.01000213623047,4.611999988555908,13.479999542236328,1428.6099853515625,65.69999694824219,-0.0019615982572505075
2007-03-28,666.5,83.02999877929688,4.619999885559082,14.979999542236328,1417.22998046875,66.05000305175781,0.006623574561642087
2007-03-29,661.5,83.08999633789062,4.631999969482422,15.140000343322754,1422.530029296875,65.6500015258789,-0.0075301560637530685
2007-03-30,663.0,82.93000030517578,4.6479997634887695,14.640000343322754,1420.8599853515625,65.73999786376953,0.002265006630851829
2007-04-02,665.7000122070312,82.87000274658203,4.642000198364258,14.529999732971191,1424.550048828125,65.8499984741211,0.004064146757930764
2007-04-03,664.0,83.1500015258789,4.664000034332275,13.460000038146973,1437.77001953125,65.83000183105469,-0.0025569874673596615
2007-04-04,672.0999755859375,82.95999908447266,4.6519999504089355,13.239999771118164,1439.3699951171875,66.80999755859375,0.012124953174441622
2007-04-05,674.2000122070312,82.68000030517578,4.673999786376953,13.229999542236328,1443.760009765625,66.86000061035156,0.0031197182550348757
2007-04-09,671.9000244140625,83.0999984741211,4.744999885559082,13.140000343322754,1444.6099853515625,66.52999877929688,-0.0034172646439492027
2007-04-10,676.5,82.69999694824219,4.723999977111816,12.680000305175781,1448.3900146484375,67.16000366210938,0.006822891348881477
2007-04-11,676.7999877929688,82.66999816894531,4.738999843597412,13.489999771118164,1438.8699951171875,67.08000183105469,0.0004433426447771893
2007-04-12,675.0999755859375,82.37000274658203,4.736999988555908,12.710000038146973,1447.800048828125,66.98999786376953,-0.002514998371418997
2007-04-13,685.4000244140625,82.12999725341797,4.761000156402588,12.199999809265137,1452.8499755859375,67.83999633789062,0.015141853176474207
2007-04-16,690.0999755859375,82.06999969482422,4.735000133514404,11.979999542236328,1468.3299560546875,68.4000015258789,0.006833834188308963
2007-04-17,688.2000122070312,81.83000183105469,4.688000202178955,12.140000343322754,1471.47998046875,68.0,-0.0027569681479819863
2007-04-18,689.0999755859375,81.73999786376953,4.6539998054504395,12.420000076293945,1472.5,68.37999725341797,0.0013068518332488566
2007-04-19,684.2999877929688,81.63999938964844,4.670000076293945,12.539999961853027,1470.72998046875,67.52999877929688,-0.0069899628145115855
2007-04-20,692.0,81.63999938964844,4.671999931335449,12.069999694824219,1484.3499755859375,68.69999694824219,0.011189555497930215
2007-04-23,690.5999755859375,81.73999786376953,4.650000095367432,13.039999961853027,1480.9300537109375,68.26000213623047,-0.002025206013736458
2007-04-24,684.2000122070312,81.55000305175781,4.622000217437744,13.119999885559082,1480.4100341796875,67.7300033569336,-0.009310459219108225
2007-04-25,684.0999755859375,81.43000030517578,4.645999908447266,13.210000038146973,1495.4200439453125,67.88999938964844,-0.00014622030572919442
2007-04-26,674.9000244140625,81.75,4.684000015258789,12.789999961853027,1494.25,66.87000274658203,-0.013539502155394345
2007-04-27,678.7000122070312,81.52999877929688,4.697999954223633,12.449999809265137,1494.0699462890625,67.55999755859375,0.005614653771912614
2007-04-30,680.5,81.44999694824219,4.630000114440918,14.220000267028809,1482.3699951171875,67.08999633789062,0.002648600395906975
2007-05-01,674.4000244140625,81.5999984741211,4.642000198364258,13.510000228881836,1486.300048828125,66.69000244140625,-0.009004379202715462
2007-05-02,672.2999877929688,81.73999786376953,4.645999908447266,13.079999923706055,1495.9200439453125,66.66000366210938,-0.0031187915709338654
2007-05-03,681.7999877929688,81.94999694824219,4.673999786376953,13.09000015258789,1502.3900146484375,67.48999786376953,0.014031690481807857
2007-05-04,687.2000122070312,81.73999786376953,4.639999866485596,12.90999984741211,1505.6199951171875,68.19000244140625,0.007889046633799524
2007-05-07,688.0,81.68000030517578,4.636000156402588,13.149999618530273,1509.47998046875,68.25,0.0011634494998649103
2007-05-08,685.0999755859375,81.94000244140625,4.633999824523926,13.210000038146973,1507.719970703125,67.87999725341797,-0.0042240605602552606
2007-05-09,680.2999877929688,82.0199966430664,4.668000221252441,12.880000114440918,1512.5799560546875,67.44999694824219,-0.0070309179656735665
2007-05-10,665.0999755859375,82.29000091552734,4.6479997634887695,13.600000381469727,1491.469970703125,66.0,-0.022596490824396298
2007-05-11,670.5999755859375,82.12000274658203,4.670000076293945,12.949999809265137,1505.8499755859375,66.44999694824219,0.008235429042812825
2007-05-14,668.5,82.06999969482422,4.690000057220459,13.960000038146973,1503.1500244140625,66.27999877929688,-0.0031364010838332845
2007-05-15,673.0,81.75,4.711999893188477,14.010000228881836,1501.18994140625,66.54000091552734,0.006708933102729908
2007-05-16,660.2000122070312,82.16000366210938,4.708000183105469,13.5,1514.1400146484375,65.5999984741211,-0.019202491735736515
2007-05-17,656.2000122070312,82.31999969482422,4.75600004196167,13.510000228881836,1512.75,65.05999755859375,-0.00607719877938262
2007-05-18,661.0,82.19999694824219,4.803999900817871,12.760000228881836,1522.75,65.5199966430664,0.007288200722077143
2007-05-21,662.9000244140625,82.36000061035156,4.788000106811523,13.300000190734863,1525.0999755859375,65.66999816894531,0.0028703462248378386
2007-05-22,659.0999755859375,82.38999938964844,4.830999851226807,13.0600004196167,1524.1199951171875,65.19999694824219,-0.005748955059365457
2007-05-23,661.9000244140625,82.30999755859375,4.859000205993652,13.239999771118164,1522.280029296875,65.54000091552734,0.004239292992538779
2007-05-24,653.0,82.41000366210938,4.85699987411499,14.079999923706055,1507.510009765625,64.75,-0.013537394733265984
2007-05-25,655.0999755859375,82.33000183105469,4.861000061035156,13.34000015258789,1515.72998046875,64.94000244140625,0.003210729193710904
2007-05-29,657.0999755859375,82.30999755859375,4.881999969482422,13.529999732971191,1518.1099853515625,65.06999969482422,0.003048318279422091
2007-05-30,653.0999755859375,82.43000030517578,4.877999782562256,12.829999923706055,1530.22998046875,64.72000122070312,-0.006105957222766634
2007-05-31,661.0,82.30000305175781,4.889999866485596,13.050000190734863,1530.6199951171875,65.54000091552734,0.012023620324888462
2007-06-01,671.2000122070312,82.31999969482422,4.955999851226807,12.779999732971191,1536.3399658203125,66.44000244140625,0.01531333348818631
2007-06-04,670.7000122070312,82.05999755859375,4.928999900817871,13.289999961853027,1539.1800537109375,66.54000091552734,-0.0007452120337463342
2007-06-05,669.5999755859375,81.88999938964844,4.97599983215332,13.630000114440918,1530.949951171875,66.37000274658203,-0.0016414785915275232
2007-06-06,669.2999877929688,81.9000015258789,4.96999979019165,14.869999885559082,1517.3800048828125,66.41000366210938,-0.0004481108465066441
2007-06-07,660.0999755859375,82.29000091552734,5.098999977111816,17.059999465942383,1490.719970703125,65.26000213623047,-0.01384107015876701
2007-06-08,645.5,82.69000244140625,5.118000030517578,14.84000015258789,1507.6700439453125,64.22000122070312,-0.022366091422627576
2007-06-11,654.2999877929688,82.70999908447266,5.13700008392334,14.710000038146973,1509.1199951171875,64.69999694824219,0.013540732932368904
2007-06-12,648.5,82.88999938964844,5.248000144958496,16.670000076293945,1493.0,64.0999984741211,-0.0089039394625674
2007-06-13,648.2000122070312,83.04000091552734,5.199999809265137,14.729999542236328,1515.6700439453125,64.52999877929688,-0.0004626942168526327
2007-06-14,651.5999755859375,83.12999725341797,5.2170000076293945,13.640000343322754,1522.969970703125,64.5999984741211,0.005231529720376216
2007-06-15,654.5,82.8499984741211,5.171000003814697,13.9399995803833,1532.9100341796875,64.8499984741211,0.004440746089932723
2007-06-18,655.7999877929688,82.70999908447266,5.142000198364258,13.420000076293945,1531.050048828125,64.94999694824219,0.001984260446638686
2007-06-19,660.7000122070312,82.54000091552734,5.085999965667725,12.850000381469727,1533.699951171875,65.4800033569336,0.007444051715152611
2007-06-20,656.0999755859375,82.5199966430664,5.123000144958496,14.670000076293945,1512.8399658203125,64.70999908447266,-0.006986718371801537
2007-06-21,650.5999755859375,82.7300033569336,5.163000106811523,14.210000038146973,1522.18994140625,64.55999755859375,-0.008418202626151228
2007-06-22,653.5,82.33999633789062,5.138000011444092,15.75,1502.56005859375,64.77999877929688,0.004447556550482901
2007-06-25,651.2999877929688,82.31999969482422,5.078000068664551,16.649999618530273,1497.739990234375,64.43000030517578,-0.0033721862544835446
2007-06-26,642.0999755859375,82.29000091552734,5.10099983215332,18.889999389648438,1492.8900146484375,63.619998931884766,-0.014226330032003354
2007-06-27,641.7000122070312,82.31999969482422,5.070000171661377,15.529999732971191,1506.3399658203125,63.66999816894531,-0.0006230929983637168
2007-06-28,647.5,82.33000183105469,5.118000030517578,15.539999961853027,1505.7099609375,64.26000213623047,0.008997869794266755
2007-06-29,648.0999755859375,81.91999816894531,5.0329999923706055,16.229999542236328,1503.3499755859375,64.2699966430664,0.0009261741897681475
2007-07-02,656.5,81.38999938964844,4.998000144958496,15.399999618530273,1519.4300537109375,65.0199966430664,0.012877725979389965
2007-07-03,652.9000244140625,81.43000030517578,5.050000190734863,14.920000076293945,1524.8699951171875,64.73999786376953,-0.005498678156999226
2007-07-05,648.4000244140625,81.54000091552734,5.144000053405762,15.479999542236328,1525.4000244140625,64.41999816894531,-0.0069161880715507
2007-07-06,652.7000122070312,81.45999908447266,5.195000171661377,14.720000267028809,1530.43994140625,64.95999908447266,0.0066097968292320175
2007-07-09,660.5,81.43000030517578,5.158999919891357,15.15999984741211,1531.8499755859375,65.37999725341797,0.011879499618847156
2007-07-10,662.5,80.86000061035156,5.038000106811523,17.56999969482422,1510.1199951171875,65.61000061035156,0.0030234338979973074
2007-07-11,660.2999877929688,80.7300033569336,5.079999923706055,16.639999389648438,1518.760009765625,65.44000244140625,-0.0033262991469502623
2007-07-12,666.7000122070312,80.63999938964844,5.116000175476074,15.539999961853027,1547.699951171875,66.0199966430664,0.009645929220218896
2007-07-13,665.7999877929688,80.58000183105469,5.10699987411499,15.149999618530273,1552.5,66.02999877929688,-0.0013508811271032428
2007-07-16,665.0,80.5199966430664,5.040999889373779,15.59000015258789,1549.52001953125,65.81999969482422,-0.0012022661506883026
2007-07-17,664.7000122070312,80.54000091552734,5.078000068664551,15.630000114440918,1549.3699951171875,65.75,-0.00045121124359503995
2007-07-18,672.5999755859375,80.41999816894531,5.010000228881836,16.0,1546.1700439453125,66.62000274658203,0.011814933595868382
2007-07-19,677.2000122070312,80.41999816894531,5.0279998779296875,15.229999542236328,1553.0799560546875,67.01000213623047,0.006815905276592815
2007-07-20,683.9000244140625,80.29000091552734,4.955999851226807,16.950000762939453,1534.0999755859375,67.58000183105469,0.009845075517621815
2007-07-23,680.7999877929688,80.3499984741211,4.964000225067139,16.809999465942383,1541.5699462890625,67.47000122070312,-0.004543184473599915
2007-07-24,684.2000122070312,80.08000183105469,4.943999767303467,18.549999237060547,1511.0400390625,67.47000122070312,0.004981731056082239
2007-07-25,673.2999877929688,80.6500015258789,4.9039998054504395,18.100000381469727,1518.0899658203125,66.9000015258789,-0.016059312963741412
2007-07-26,662.5,80.44999694824219,4.7769999504089355,20.739999771118164,1482.6600341796875,65.6500015258789,-0.016170419560705973
2007-07-27,660.0,80.94999694824219,4.788000106811523,24.170000076293945,1458.949951171875,65.41000366210938,-0.0037807228399060477
2007-07-30,664.0999755859375,80.8499984741211,4.803999900817871,20.8700008392334,1473.9100341796875,65.7699966430664,0.006192868763566395
2007-07-31,666.9000244140625,80.7699966430664,4.770999908447266,23.520000457763672,1455.27001953125,65.79000091552734,0.004207442462503153
2007-08-01,663.5999755859375,80.87000274658203,4.758999824523926,23.670000076293945,1465.81005859375,65.93000030517578,-0.0049606247205815635
2007-08-02,664.5999755859375,80.70999908447266,4.752999782562256,21.219999313354492,1472.199951171875,65.88999938964844,0.001505797659562269
2007-08-03,672.5,80.18000030517578,4.699999809265137,25.15999984741211,1433.06005859375,66.69000244140625,0.011816792290472833
2007-08-06,671.5,80.25,4.730999946594238,22.940000534057617,1467.6700439453125,66.5199966430664,-0.0014880955127019035
2007-08-07,670.5999755859375,80.4800033569336,4.743000030517578,21.559999465942383,1476.7099609375,66.4800033569336,-0.0013412183374610365
2007-08-08,674.5,80.33999633789062,4.860000133514404,21.450000762939453,1497.489990234375,66.7699966430664,0.0057988780219790925
2007-08-09,661.4000244140625,80.73999786376953,4.789999961853027,26.479999542236328,1453.0899658203125,65.45999908447266,-0.019612838187414106
2007-08-10,670.2999877929688,80.68000030517578,4.776000022888184,28.299999237060547,1453.6400146484375,66.56999969482422,0.013366517692220192
2007-08-13,669.7000122070312,81.05000305175781,4.7779998779296875,26.56999969482422,1452.9200439453125,66.26000213623047,-0.000895486009000912
2007-08-14,668.5999755859375,81.48999786376953,4.73199987411499,27.68000030517578,1426.5400390625,66.29000091552734,-0.0016439316728176223
2007-08-15,668.9000244140625,81.81999969482422,4.705999851226807,30.670000076293945,1406.699951171875,66.12999725341797,0.0004486711523865594
2007-08-16,648.2999877929688,81.7300033569336,4.599999904632568,30.829999923706055,1411.27001953125,64.68000030517578,-0.03128107527152846
2007-08-17,656.9000244140625,81.43000030517578,4.672999858856201,29.989999771118164,1445.93994140625,65.01000213623047,0.013178303712339634
2007-08-20,656.7000122070312,81.4000015258789,4.633999824523926,26.329999923706055,1445.550048828125,65.12000274658203,-0.00030452527862490086
2007-08-21,656.7000122070312,81.48999786376953,4.590000152587891,25.25,1447.1199951171875,65.06999969482422,0.0
2007-08-22,659.0999755859375,81.25,4.619999885559082,22.889999389648438,1464.0699462890625,65.4000015258789,0.003647919231787533
2007-08-23,658.9000244140625,81.13999938964844,4.618000030517578,22.6200008392334,1462.5,65.30999755859375,-0.0003034160446260259
2007-08-24,668.0,80.66999816894531,4.632999897003174,20.719999313354492,1479.3699951171875,66.11000061035156,0.01371635856411313
2007-08-27,666.7999877929688,80.73999786376953,4.5960001945495605,22.719999313354492,1466.7900390625,65.9800033569336,-0.0017980409668920672
2007-08-28,664.4000244140625,80.76000213623047,4.53000020980835,26.299999237060547,1432.3599853515625,65.58999633789062,-0.0036057180845840975
2007-08-29,666.2999877929688,80.69999694824219,4.552999973297119,23.809999465942383,1463.760009765625,66.06999969482422,0.002855586762699147
2007-08-30,665.0,80.79000091552734,4.501999855041504,25.059999465942383,1457.6400146484375,65.80000305175781,-0.001952960592014108
2007-08-31,673.0,80.79000091552734,4.5370001792907715,23.3799991607666,1473.989990234375,66.5199966430664,0.011958288988873633
2007-09-04,682.5,80.87999725341797,4.558000087738037,22.780000686645508,1489.4200439453125,67.44000244140625,0.014017197414387006
2007-09-05,681.7000122070312,80.62000274658203,4.4730000495910645,24.579999923706055,1472.2900390625,67.55999755859375,-0.0011728307836254004
2007-09-06,695.5999755859375,80.47000122070312,4.5,23.989999771118164,1478.550048828125,68.86000061035156,0.020185051106790475
2007-09-07,700.7999877929688,79.95999908447266,4.368000030517578,26.229999542236328,1453.550048828125,69.38999938964844,0.007447774821192965
2007-09-10,703.2999877929688,79.81999969482422,4.323999881744385,27.3799991607666,1451.699951171875,69.62000274658203,0.0035610037537079364
2007-09-11,712.2000122070312,79.69999694824219,4.363999843597412,25.270000457763672,1471.489990234375,70.5199966430664,0.012575262026389034
2007-09-12,711.9000244140625,79.36000061035156,4.4079999923706055,24.959999084472656,1471.56005859375,70.45999908447266,-0.00042130157951270064
2007-09-13,709.5,79.51000213623047,4.48199987411499,24.760000228881836,1483.949951171875,70.08000183105469,-0.003376989803959951
2007-09-14,709.5999755859375,79.62000274658203,4.461999893188477,24.920000076293945,1484.25,69.98999786376953,0.0001408999898853125
2007-09-17,715.7999877929688,79.72000122070312,4.46999979019165,26.479999542236328,1476.6500244140625,70.97000122070312,0.00869938468825282
2007-09-18,715.7999877929688,79.20999908447266,4.480000019073486,20.350000381469727,1519.780029296875,71.69999694824219,0.0
2007-09-19,722.0,79.30000305175781,4.52400016784668,20.030000686645508,1529.030029296875,71.43000030517578,0.008624357614590572
2007-09-20,732.4000244140625,78.58000183105469,4.671999931335449,20.450000762939453,1518.75,72.72000122070312,0.01430170724185853
2007-09-21,731.4000244140625,78.5999984741211,4.631999969482422,19.0,1525.75,72.33999633789062,-0.0013663070394995813
2007-09-24,732.0999755859375,78.52999877929688,4.624000072479248,19.3700008392334,1517.72998046875,72.27999877929688,0.000956544209422816
2007-09-25,731.5999755859375,78.30999755859375,4.613999843597412,18.600000381469727,1517.2099609375,72.33000183105469,-0.0006832001586776215
2007-09-26,728.2999877929688,78.48999786376953,4.619999885559082,17.6299991607666,1525.4200439453125,72.0,-0.004520848683053913
2007-09-27,732.7000122070312,78.33999633789062,4.572999954223633,17.0,1531.3800048828125,72.69999694824219,0.0060233233633821825
2007-09-28,742.7999877929688,77.72000122070312,4.578999996185303,18.0,1526.75,73.51000213623047,0.013690455218486441
2007-10-01,747.2000122070312,77.9000015258789,4.557000160217285,17.84000015258789,1547.0400390625,73.9000015258789,0.005906090206921455
2007-10-02,729.7999877929688,78.30000305175781,4.5289998054504395,18.489999771118164,1546.6300048828125,72.3499984741211,-0.02356239597586196
2007-10-03,729.2999877929688,78.56999969482422,4.543000221252441,18.799999237060547,1539.5899658203125,71.9000015258789,-0.0006853540236280153
2007-10-04,737.7999877929688,78.4800033569336,4.5229997634887695,18.440000534057617,1542.8399658203125,72.87000274658203,0.011587615365222348
2007-10-05,741.2999877929688,78.30999755859375,4.639999866485596,16.90999984741211,1557.5899658203125,73.4000015258789,0.004732616578215776
2007-10-08,732.7999877929688,78.66999816894531,4.638000011444092,17.459999084472656,1552.5799560546875,72.52999877929688,-0.011532588493760265
2007-10-09,737.4000244140625,78.52999877929688,4.651000022888184,16.1200008392334,1565.1500244140625,73.08999633789062,0.006257722206492566
2007-10-10,740.4000244140625,78.37999725341797,4.646999835968018,16.670000076293945,1562.469970703125,73.36000061035156,0.0040600947651476815
2007-10-11,751.2999877929688,78.08000183105469,4.658999919891357,18.8799991607666,1554.4100341796875,73.91000366210938,0.014614409453741928
2007-10-12,748.7000122070312,78.22000122070312,4.686999797821045,17.729999542236328,1561.800048828125,74.58999633789062,-0.0034666375862943966
2007-10-15,757.0999755859375,78.08999633789062,4.672999858856201,19.25,1548.7099609375,75.13999938964844,0.01115692732150464
2007-10-16,757.0,78.25,4.65500020980835,20.020000457763672,1538.530029296875,75.12000274658203,-0.00013205942499805445
2007-10-17,757.5,78.12000274658203,4.546000003814697,18.540000915527344,1541.239990234375,74.5,0.000660283946075424
2007-10-18,764.0999755859375,77.58999633789062,4.502999782562256,18.5,1540.0799560546875,76.0,0.008675101318599943
2007-10-19,764.0,77.41000366210938,4.401000022888184,22.959999084472656,1500.6300048828125,75.69999694824219,-0.00013084953560316137
2007-10-22,755.7999877929688,78.05999755859375,4.39300012588501,21.639999389648438,1506.3299560546875,74.5999984741211,-0.010791014402271593
2007-10-23,759.0,77.58999633789062,4.40500020980835,20.40999984741211,1519.5899658203125,75.2300033569336,0.004225002631381258
2007-10-24,761.5999755859375,77.55000305175781,4.330999851226807,20.799999237060547,1515.8800048828125,75.5199966430664,0.003419674025245456
2007-10-25,767.2999877929688,77.27999877929688,4.3520002365112305,21.170000076293945,1514.4000244140625,76.02999877929688,0.00745639185367164
2007-10-26,783.9000244140625,77.02999877929688,4.388999938964844,19.559999465942383,1535.280029296875,77.69000244140625,0.021403649064486885
2007-10-29,789.0999755859375,76.83999633789062,4.382999897003174,19.8700008392334,1540.97998046875,78.12000274658203,0.006611532248831153
2007-10-30,784.2999877929688,76.7699966430664,4.382999897003174,21.06999969482422,1531.02001953125,77.3499984741211,-0.006101439933481778
2007-10-31,792.0,76.4800033569336,4.474999904632568,18.530000686645508,1549.3800048828125,78.62000274658203,0.009769807160042276
2007-11-01,790.7000122070312,76.58999633789062,4.361000061035156,23.209999084472656,1508.43994140625,77.93000030517578,-0.0016427472992859293
2007-11-02,805.7000122070312,76.33999633789062,4.290999889373779,23.010000228881836,1509.6500244140625,79.83000183105469,0.01879283541884913
2007-11-05,808.0999755859375,76.43000030517578,4.317999839782715,24.309999465942383,1502.1700439453125,79.75,0.002974303093727926
2007-11-06,820.7999877929688,76.04000091552734,4.35699987411499,21.389999389648438,1520.27001953125,81.43000030517578,0.01559367651667376
2007-11-07,831.0,75.41000366210938,4.334000110626221,26.489999771118164,1475.6199951171875,82.23999786376953,0.01235033531105767
2007-11-08,835.2000122070312,75.45999908447266,4.2729997634887695,26.15999984741211,1474.77001953125,82.2300033569336,0.00504143688862424
2007-11-09,832.5,75.4000015258789,4.224999904632568,28.5,1453.699951171875,82.18000030517578,-0.0032380098894737586
2007-11-12,805.7999877929688,75.9000015258789,4.210999965667725,31.09000015258789,1439.1800537109375,78.30000305175781,-0.032597664246311275
2007-11-13,797.2000122070312,75.87999725341797,4.25600004196167,24.100000381469727,1481.050048828125,79.12000274658203,-0.010729953957265614
2007-11-14,813.0,75.80999755859375,4.269000053405762,25.940000534057617,1470.5799560546875,80.27999877929688,0.01962550589678802
2007-11-15,785.9000244140625,76.06999969482422,4.158999919891357,28.059999465942383,1451.1500244140625,77.94999694824219,-0.033901520610580604
2007-11-16,785.7000122070312,75.83000183105469,4.150000095367432,25.489999771118164,1458.739990234375,77.75,-0.0002545332189498595
2007-11-19,776.7999877929688,75.77999877929688,4.078999996185303,26.010000228881836,1433.27001953125,77.23999786376953,-0.011392154455674763
2007-11-20,790.2999877929688,75.20999908447266,4.053999900817871,24.8799991607666,1439.699951171875,79.47000122070312,0.017229703502251503
2007-11-21,797.5999755859375,75.06999969482422,4.02400016784668,26.84000015258789,1416.77001953125,79.36000061035156,0.00919458327336553
2007-11-23,824.0,75.05000305175781,4.01200008392334,25.610000610351562,1440.699951171875,81.25,0.032563341871250095
2007-11-26,826.0,74.86000061035156,3.8469998836517334,28.90999984741211,1407.219970703125,81.30000305175781,0.0024242436115056165
2007-11-27,813.7000122070312,75.0999984741211,3.944000005722046,26.280000686645508,1428.22998046875,80.0999984741211,-0.015003010816484696
2007-11-28,800.0999755859375,75.08000183105469,4.025000095367432,24.110000610351562,1469.02001953125,79.56999969482422,-0.016855073362179063
2007-11-29,795.2999877929688,75.58999633789062,3.940000057220459,23.969999313354492,1469.719970703125,78.27999877929688,-0.006017302728189122
2007-11-30,782.2000122070312,76.1500015258789,3.9719998836517334,22.8700008392334,1481.1400146484375,77.31999969482422,-0.016608908686688295
2007-12-03,788.2999877929688,75.93000030517578,3.8949999809265137,23.610000610351562,1472.4200439453125,78.27999877929688,0.007768234653164896
2007-12-04,801.2999877929688,75.69000244140625,3.8889999389648438,23.790000915527344,1462.7900390625,79.4000015258789,0.01635668096938936
2007-12-05,797.5,76.41000366210938,3.9110000133514404,22.530000686645508,1485.010009765625,78.62999725341797,-0.004753558890991272
2007-12-06,801.2000122070312,76.37999725341797,3.997999906539917,20.959999084472656,1507.3399658203125,79.37000274658203,0.004628784368598815
2007-12-07,794.4000244140625,76.29000091552734,4.119999885559082,20.850000381469727,1504.6600341796875,78.5999984741211,-0.008523475563928962
2007-12-10,807.7000122070312,76.05999755859375,4.14900016784668,20.739999771118164,1515.9599609375,80.0,0.01660357409790425
2007-12-11,811.4000244140625,76.22000122070312,3.990000009536743,23.59000015258789,1477.6500244140625,78.83999633789062,0.004570463299585548
2007-12-12,813.5,76.13999938964844,4.076000213623047,22.469999313354492,1486.5899658203125,80.48999786376953,0.00258474579793333
2007-12-13,799.0,76.55999755859375,4.170000076293945,22.559999465942383,1488.4100341796875,78.5,-0.01798498089281786
2007-12-14,793.2999877929688,77.44000244140625,4.23199987411499,23.270000457763672,1467.949951171875,78.5199966430664,-0.007159500845978606
2007-12-17,794.7999877929688,77.4000015258789,4.192999839782715,24.520000457763672,1445.9000244140625,78.12999725341797,0.0018890503987458729
2007-12-18,803.0,77.41000366210938,4.119999885559082,22.639999389648438,1454.97998046875,79.25,0.010264218627719757
2007-12-19,801.0999755859375,77.58999633789062,4.070000171661377,21.68000030517578,1453.0,79.23999786376953,-0.002368961201365316
2007-12-20,799.2000122070312,77.79000091552734,4.026000022888184,20.579999923706055,1460.1199951171875,78.66999816894531,-0.002374510136989194
2007-12-21,811.5999755859375,77.72000122070312,4.168000221252441,18.469999313354492,1484.4599609375,80.0999984741211,0.015396335261854688
2007-12-24,812.7999877929688,77.56999969482422,4.211999893188477,18.600000381469727,1496.449951171875,80.13999938964844,0.0014774839354627645
2007-12-26,826.0,77.1500015258789,4.281000137329102,18.65999984741211,1497.6600341796875,81.5199966430664,0.016109711715253106
2007-12-27,828.5999755859375,76.61000061035156,4.198999881744385,20.260000228881836,1476.27001953125,81.55999755859375,0.003142726658091455
2007-12-28,839.5999755859375,76.22000122070312,4.0960001945495605,20.739999771118164,1478.489990234375,83.0,0.013188058689201476
2007-12-31,834.9000244140625,76.69999694824219,4.034999847412109,22.5,1468.3599853515625,82.45999908447266,-0.005613572426415914
2008-01-02,857.0,75.97000122070312,3.9010000228881836,23.170000076293945,1447.1600341796875,84.86000061035156,0.02612593215592529
2008-01-03,866.4000244140625,75.88999938964844,3.9010000228881836,22.489999771118164,1447.1600341796875,85.56999969482422,0.01090880526774285
2008-01-04,863.0999755859375,75.79000091552734,3.8540000915527344,23.940000534057617,1411.6300048828125,85.12999725341797,-0.003816192926393569
2008-01-07,859.5999755859375,76.16999816894531,3.8389999866485596,23.790000915527344,1416.1800537109375,84.7699966430664,-0.004063394572429324
2008-01-08,878.0,76.11000061035156,3.8399999141693115,25.43000030517578,1390.18994140625,86.77999877929688,0.021179457268416968
2008-01-09,879.5,76.41999816894531,3.7909998893737793,24.1200008392334,1409.1300048828125,86.55000305175781,0.0017069705424956894
2008-01-10,891.7000122070312,75.93000030517578,3.88700008392334,23.450000762939453,1420.3299560546875,88.25,0.013776202652837632
2008-01-11,896.0999755859375,75.9800033569336,3.809999942779541,23.68000030517578,1401.02001953125,88.58000183105469,0.00492221981492591
2008-01-14,901.5999755859375,75.61000061035156,3.7929999828338623,22.899999618530273,1416.25,89.54000091552734,0.006118949001593599
2008-01-15,901.0,75.56999969482422,3.7009999752044678,23.34000015258789,1380.949951171875,87.98999786376953,-0.0006656780386320449
2008-01-16,880.5999755859375,76.26000213623047,3.7119998931884766,24.3799991607666,1373.199951171875,86.69999694824219,-0.022901792011034594
2008-01-17,879.5,76.16999816894531,3.640000104904175,28.459999084472656,1333.25,86.5,-0.0012499014196905023
2008-01-18,880.7999877929688,76.37999725341797,3.6480000019073486,27.18000030517578,1325.18994140625,87.41999816894531,0.001477007371830652
2008-01-22,889.5999755859375,76.3499984741211,3.4839999675750732,31.010000228881836,1310.5,88.16999816894531,0.009941324503008886
2008-01-23,882.5,76.4000015258789,3.4260001182556152,29.020000457763672,1338.5999755859375,87.88999938964844,-0.008013107245000484
2008-01-24,905.5,75.69000244140625,3.640000104904175,27.780000686645508,1352.0699462890625,90.08000183105469,0.025728488516016057
2008-01-25,910.5,75.97000122070312,3.5840001106262207,29.079999923706055,1330.6099853515625,90.30000305175781,0.005506621844195259
2008-01-28,927.0999755859375,75.58000183105469,3.5859999656677246,27.780000686645508,1353.9599609375,91.75,0.01806750911147681
2008-01-29,925.0999755859375,75.54000091552734,3.6579999923706055,27.31999969482422,1362.300048828125,91.1500015258789,-0.002159594892595429
2008-01-30,920.5999755859375,75.02999877929688,3.7330000400543213,27.6200008392334,1355.81005859375,92.05999755859375,-0.004876208523132419
2008-01-31,922.7000122070312,75.18000030517578,3.6389999389648438,26.200000762939453,1378.550048828125,91.4000015258789,0.002278562950784213
2008-02-01,908.7000122070312,75.44999694824219,3.5999999046325684,24.020000457763672,1395.4200439453125,89.3499984741211,-0.015289147679384385
2008-02-04,904.9000244140625,75.37000274658203,3.6429998874664307,25.989999771118164,1380.8199462890625,89.0999984741211,-0.004190552797878944
2008-02-05,885.9000244140625,76.12000274658203,3.5869998931884766,28.239999771118164,1336.6400146484375,87.68000030517578,-0.02122036236046121
2008-02-06,900.7000122070312,76.13999938964844,3.614000082015991,28.969999313354492,1326.449951171875,88.94999694824219,0.016568147366052166
2008-02-07,906.0999755859375,76.94000244140625,3.7360000610351562,27.65999984741211,1336.9100341796875,89.8499984741211,0.005977395941376251
2008-02-08,918.4000244140625,76.66999816894531,3.6540000438690186,28.010000228881836,1331.2900390625,91.0,0.013483403864658072
2008-02-11,922.9000244140625,76.58000183105469,3.618000030517578,27.600000381469727,1339.1300048828125,91.33000183105469,0.004887860576610947
2008-02-12,907.4000244140625,76.31999969482422,3.678999900817871,26.329999923706055,1348.8599853515625,89.33000183105469,-0.016937518589792866
2008-02-13,906.5,76.4000015258789,3.694000005722046,24.8799991607666,1367.2099609375,89.44000244140625,-0.000992363940470753
2008-02-14,907.4000244140625,76.1500015258789,3.818000078201294,25.540000915527344,1348.8599853515625,89.70999908447266,0.000992363940470753
2008-02-15,902.7999877929688,76.0999984741211,3.7799999713897705,25.020000457763672,1349.989990234375,89.1500015258789,-0.005082362713297428
2008-02-19,926.5999755859375,76.0,3.875,25.59000015258789,1348.780029296875,91.58000183105469,0.02602091521246308
2008-02-20,934.5999755859375,76.12000274658203,3.9170000553131104,24.399999618530273,1360.030029296875,93.23999786376953,0.008596657509311711
2008-02-21,946.0999755859375,75.5999984741211,3.7839999198913574,25.1200008392334,1342.530029296875,93.25,0.012229641761595467
2008-02-22,944.7000122070312,75.5199966430664,3.7899999618530273,24.059999465942383,1353.1099853515625,93.38999938964844,-0.0014808162087653898
2008-02-25,937.5999755859375,75.52999877929688,3.9019999504089355,23.030000686645508,1371.800048828125,92.73999786376953,-0.007544036912825014
2008-02-26,946.0999755859375,74.76000213623047,3.859999895095825,21.899999618530273,1381.2900390625,93.70999908447266,0.009024853121590404
2008-02-27,958.2000122070312,74.20999908447266,3.8499999046325684,22.690000534057617,1380.02001953125,94.77999877929688,0.01270829128311668
2008-02-28,964.5,73.72000122070312,3.7149999141693115,23.530000686645508,1367.6800537109375,95.98999786376953,0.006553295157218031
2008-02-29,972.0999755859375,73.70999908447266,3.5339999198913574,26.540000915527344,1330.6300048828125,96.18000030517578,0.00784882236647455
2008-03-03,981.5,73.69999694824219,3.5339999198913574,26.280000686645508,1331.3399658203125,97.23999786376953,0.009623359004257814
2008-03-04,963.9000244140625,73.66000366210938,3.5789999961853027,25.520000457763672,1326.75,95.18000030517578,-0.01809443359817564
2008-03-05,986.2000122070312,73.4800033569336,3.693000078201294,24.600000381469727,1333.699951171875,97.72000122070312,0.022871606049530868
2008-03-06,975.0,73.0,3.621999979019165,27.549999237060547,1304.3399658203125,96.5,-0.011421715170023994
2008-03-07,972.2000122070312,73.02999877929688,3.5409998893737793,27.489999771118164,1293.3699951171875,96.08999633789062,-0.002875913830401977
2008-03-10,969.9000244140625,72.98999786376953,3.437999963760376,29.3799991607666,1273.3699951171875,95.87000274658203,-0.0023685585962169853
2008-03-11,974.2000122070312,73.27999877929688,3.5959999561309814,26.360000610351562,1320.6500244140625,95.98999786376953,0.004423635331527009
2008-03-12,978.7999877929688,72.4000015258789,3.4830000400543213,27.219999313354492,1308.77001953125,97.01000213623047,0.004710685194335262
2008-03-13,992.2999877929688,72.06999969482422,3.5339999198913574,27.290000915527344,1315.47998046875,98.33999633789062,0.013698149521350622
2008-03-14,998.2000122070312,71.66000366210938,3.4210000038146973,31.15999984741211,1288.1400146484375,98.70999908447266,0.005928200646111215
2008-03-17,1001.4000244140625,71.45999908447266,3.313999891281128,32.2400016784668,1276.5999755859375,99.16999816894531,0.003200655011221798
2008-03-18,1003.2000122070312,71.56999969482422,3.4509999752044678,25.790000915527344,1330.739990234375,96.5,0.001795857770975573
2008-03-19,944.7000122070312,72.13999938964844,3.361999988555908,29.84000015258789,1298.4200439453125,93.04000091552734,-0.060082752350066215
2008-03-20,919.5999755859375,72.75,3.328000068664551,26.6200008392334,1329.510009765625,89.91000366210938,-0.026928663356224902
2008-03-24,918.2999877929688,72.94999694824219,3.5220000743865967,25.729999542236328,1349.8800048828125,90.0999984741211,-0.0014146450140577471
2008-03-25,934.5999755859375,72.27999877929688,3.492000102996826,25.719999313354492,1352.989990234375,92.7300033569336,0.017594482817452572
2008-03-26,949.0,71.51000213623047,3.49399995803833,26.079999923706055,1341.1300048828125,93.80000305175781,0.015290194466074603
2008-03-27,948.7999877929688,71.66000366210938,3.5339999198913574,25.8799991607666,1325.760009765625,93.45999908447266,-0.00021078323222489814
2008-03-28,930.5999755859375,71.68000030517578,3.4660000801086426,25.709999084472656,1315.219970703125,91.87999725341797,-0.01936850220191033
2008-03-31,916.2000122070312,71.80000305175781,3.431999921798706,25.610000610351562,1322.699951171875,90.41000366210938,-0.015594818399606858
2008-04-01,882.9000244140625,72.55999755859375,3.5450000762939453,22.68000030517578,1370.1800537109375,86.86000061035156,-0.037022723216523445
2008-04-02,895.2000122070312,72.26000213623047,3.5829999446868896,23.43000030517578,1367.530029296875,89.2699966430664,0.013835199074146765
2008-04-03,905.0,72.22000122070312,3.5910000801086426,23.209999084472656,1369.31005859375,89.41999816894531,0.010887773066116324
2008-04-04,909.0,72.0199966430664,3.4809999465942383,22.450000762939453,1370.4000244140625,90.25,0.00441015047755311
2008-04-07,922.7000122070312,72.19999694824219,3.555999994277954,22.420000076293945,1372.5400390625,91.16999816894531,0.014959073636717335
2008-04-08,914.0,72.2300033569336,3.558000087738037,22.360000610351562,1365.5400390625,90.3499984741211,-0.009473596360046521
2008-04-09,933.5999755859375,71.83000183105469,3.4660000801086426,22.809999465942383,1354.489990234375,92.29000091552734,0.021217483367744094
2008-04-10,928.2999877929688,72.12000274658203,3.5320000648498535,21.979999542236328,1360.550048828125,91.7699966430664,-0.005693111565884479
2008-04-11,923.5999755859375,71.80999755859375,3.4709999561309814,23.459999084472656,1332.8299560546875,91.30000305175781,-0.005075892209258193
2008-04-14,925.4000244140625,71.87999725341797,3.503000020980835,23.81999969482422,1328.3199462890625,91.11000061035156,0.0019470518083206656
2008-04-15,928.7000122070312,72.0199966430664,3.569999933242798,22.780000686645508,1334.4300537109375,91.66000366210938,0.0035596690711043877
2008-04-16,945.0999755859375,71.41000366210938,3.696000099182129,20.530000686645508,1364.7099609375,93.2699966430664,0.017504944242580756
2008-04-17,939.7999877929688,71.68000030517578,3.7290000915527344,20.3700008392334,1365.56005859375,92.55999755859375,-0.005623642489008596
2008-04-18,912.2000122070312,72.01000213623047,3.743000030517578,20.1299991607666,1390.3299560546875,90.62000274658203,-0.029807796020180355
2008-04-21,914.7000122070312,71.6500015258789,3.7119998931884766,20.5,1388.1700439453125,90.25,0.0027368783481440673
2008-04-22,922.2999877929688,71.33000183105469,3.7200000286102295,20.8700008392334,1375.93994140625,90.2699966430664,0.008274380998537723
2008-04-23,906.2000122070312,71.81999969482422,3.7300000190734863,20.260000228881836,1379.9300537109375,89.22000122070312,-0.017610491302641584
2008-04-24,886.7999877929688,72.54000091552734,3.8269999027252197,20.059999465942383,1388.8199462890625,87.22000122070312,-0.021640581726710018
2008-04-25,887.2000122070312,72.79000091552734,3.865999937057495,19.59000015258789,1397.8399658203125,87.2699966430664,0.00045098581831126694
2008-04-28,892.9000244140625,72.79000091552734,3.8350000381469727,19.639999389648438,1396.3699951171875,87.69000244140625,0.006404170070398507
2008-04-29,874.2000122070312,72.88999938964844,3.825000047683716,20.239999771118164,1390.93994140625,85.80999755859375,-0.02116542347273409
2008-04-30,862.7999877929688,72.51000213623047,3.759000062942505,20.790000915527344,1385.5899658203125,86.6500015258789,-0.013126296026030992
2008-05-01,848.9000244140625,73.27999877929688,3.749000072479248,18.8799991607666,1409.3399658203125,83.98999786376953,-0.01624147786327601
2008-05-02,856.0999755859375,73.5,3.8450000286102295,18.18000030517578,1413.9000244140625,84.58000183105469,0.00844574072710369
2008-05-05,872.2999877929688,73.19000244140625,3.8450000286102295,18.899999618530273,1407.489990234375,86.2699966430664,0.01874622421442762
2008-05-06,876.0,73.0,3.8929998874664307,18.209999084472656,1418.260009765625,86.62999725341797,0.004232703491293677
2008-05-07,869.5999755859375,73.51000213623047,3.867000102996826,19.729999542236328,1392.5699462890625,85.81999969482422,-0.00733278320444164
2008-05-08,880.5999755859375,73.4800033569336,3.805000066757202,19.399999618530273,1397.6800537109375,87.23999786376953,0.012570157865352982
2008-05-09,884.5,73.05000305175781,3.7669999599456787,19.40999984741211,1388.280029296875,87.41999816894531,0.004419048002536563
2008-05-12,883.7000122070312,72.94999694824219,3.7750000953674316,17.790000915527344,1403.5799560546875,86.98999786376953,-0.0009048612623345775
2008-05-13,868.5,73.2699966430664,3.9089999198913574,17.979999542236328,1403.0400390625,85.38999938964844,-0.017350066656345753
2008-05-14,865.4000244140625,73.4000015258789,3.937999963760376,17.65999984741211,1408.6600341796875,85.19999694824219,-0.003575729679071493
2008-05-15,879.0,73.3499984741211,3.8429999351501465,16.299999237060547,1423.5699462890625,87.0,0.015593041683088948
2008-05-16,899.0,72.83999633789062,3.8499999046325684,16.469999313354492,1425.3499755859375,89.0999984741211,0.02249813678644319
2008-05-19,905.0,73.04000091552734,3.8389999866485596,17.010000228881836,1426.6300048828125,89.38999938964844,0.006651909228305719
2008-05-20,919.5,72.4000015258789,3.7760000228881836,17.579999923706055,1413.4000244140625,90.9000015258789,0.01589510034445052
2008-05-21,928.0,71.94000244140625,3.822000026702881,18.59000015258789,1390.7099609375,91.95999908447266,0.009201688741824476
2008-05-22,917.9000244140625,72.27999877929688,3.9210000038146973,18.049999237060547,1394.3499755859375,90.9800033569336,-0.01094325396341933
2008-05-23,925.5999755859375,71.88999938964844,3.8310000896453857,19.549999237060547,1375.9300537109375,91.2300033569336,0.008353670680213199
2008-05-27,907.7000122070312,72.33999633789062,3.9210000038146973,19.639999389648438,1385.3499755859375,89.36000061035156,-0.019528208522102908
2008-05-28,900.5,72.55000305175781,4.008999824523926,19.06999969482422,1390.8399658203125,89.13999938964844,-0.007963776364880992
2008-05-29,877.2000122070312,73.0199966430664,4.078999996185303,18.139999389648438,1398.260009765625,86.51000213623047,-0.026215134156373665
2008-05-30,887.2999877929688,72.87999725341797,4.046000003814697,17.829999923706055,1400.3800048828125,87.44999694824219,0.011448099624153052
2008-06-02,892.9000244140625,72.93000030517578,3.9709999561309814,19.829999923706055,1385.6700439453125,87.95999908447266,0.006291489781817816
2008-06-03,881.5999755859375,73.23999786376953,3.8980000019073486,20.239999771118164,1377.6500244140625,86.87999725341797,-0.012736209159860401
2008-06-04,879.9000244140625,73.41999816894531,3.940000057220459,20.799999237060547,1377.199951171875,86.6500015258789,-0.0019301183078272999
2008-06-05,871.7999877929688,73.04000091552734,4.025000095367432,18.6299991607666,1404.050048828125,86.44999694824219,-0.009248266595728971
2008-06-06,895.4000244140625,72.38999938964844,3.937999963760376,23.559999465942383,1360.6800537109375,89.05999755859375,0.026710547270769602
2008-06-09,894.7000122070312,72.8499984741211,3.992000102996826,23.1200008392334,1361.760009765625,87.98999786376953,-0.0007820928756965273
2008-06-10,867.9000244140625,73.69999694824219,4.098999977111816,23.18000030517578,1358.43994140625,85.55000305175781,-0.03041195141702424
2008-06-11,879.7000122070312,73.20999908447266,4.072999954223633,24.1200008392334,1335.489990234375,87.0199966430664,0.013504425354745386
2008-06-12,869.2000122070312,73.86000061035156,4.204999923706055,23.329999923706055,1339.8699951171875,85.5999984741211,-0.012007691708726398
2008-06-13,870.2999877929688,74.1500015258789,4.261000156402588,21.219999313354492,1360.030029296875,85.83000183105469,0.0012647033429749044
2008-06-16,883.5999755859375,73.61000061035156,4.244999885559082,20.950000762939453,1360.1400146484375,87.01000213623047,0.015166478146507956
2008-06-17,884.2999877929688,73.51000213623047,4.224999904632568,21.1299991607666,1350.9300537109375,87.25,0.0007919138617733523
2008-06-18,890.9000244140625,73.44000244140625,4.1539998054504395,22.239999771118164,1337.81005859375,88.27999877929688,0.0074358573529016425
2008-06-19,901.7000122070312,73.4800033569336,4.198999881744385,21.579999923706055,1342.8299560546875,88.41999816894531,0.012049668913240552
2008-06-20,901.2999877929688,73.02999877929688,4.13700008392334,22.8700008392334,1317.9300537109375,88.94999694824219,-0.00044373202509806475
2008-06-23,884.7999877929688,73.43000030517578,4.168000221252441,22.639999389648438,1318.0,87.08999633789062,-0.01847653504686253
2008-06-24,889.2000122070312,73.23999786376953,4.105000019073486,22.420000076293945,1314.2900390625,87.47000122070312,0.004960578846449515
2008-06-25,880.0,72.93000030517578,4.114999771118164,21.139999389648438,1321.969970703125,87.41999816894531,-0.01040028834589446
2008-06-26,913.0999755859375,72.48999786376953,4.0329999923706055,23.93000030517578,1283.1500244140625,90.61000061035156,0.036923469412486476
2008-06-27,929.2999877929688,72.36000061035156,3.990000009536743,23.440000534057617,1278.3800048828125,91.47000122070312,0.017586224542828433
2008-06-30,926.2000122070312,72.45999908447266,3.9790000915527344,23.950000762939453,1280.0,91.4000015258789,-0.0033413942012225917
2008-07-01,942.5,72.37000274658203,3.992000102996826,23.649999618530273,1284.9100341796875,92.66000366210938,0.017445712095821797
2008-07-02,944.7999877929688,72.02999877929688,3.9590001106262207,25.920000076293945,1261.52001953125,93.16999816894531,0.00243733264075896
2008-07-03,931.9000244140625,72.73999786376953,3.9730000495910645,24.780000686645508,1262.9000244140625,92.05999755859375,-0.013747712973158244
2008-07-07,927.2999877929688,72.66999816894531,3.930000066757202,25.780000686645508,1252.31005859375,91.2300033569336,-0.004948414347644814
2008-07-08,921.9000244140625,73.01000213623047,3.880000114440918,23.149999618530273,1273.699951171875,90.86000061035156,-0.005840340355240947
2008-07-09,927.2999877929688,72.58000183105469,3.8340001106262207,25.229999542236328,1244.68994140625,91.5,0.005840340355240947
2008-07-10,940.9000244140625,72.48999786376953,3.811000108718872,25.59000015258789,1253.3900146484375,93.52999877929688,0.014559765318161055
2008-07-11,959.5,72.0999984741211,3.940000057220459,27.489999771118164,1239.489990234375,95.16000366210938,0.0195754254874716
2008-07-14,972.7000122070312,71.91999816894531,3.880000114440918,28.479999542236328,1228.300048828125,95.91000366210938,0.013663406977276082
2008-07-15,977.7000122070312,71.87000274658203,3.8440001010894775,28.540000915527344,1214.9100341796875,96.16999816894531,0.005127164572051868
2008-07-16,961.7999877929688,72.05999755859375,3.934000015258789,25.100000381469727,1245.3599853515625,94.44000244140625,-0.01639637084538048
2008-07-17,970.0,72.23999786376953,4.038000106811523,25.010000228881836,1260.3199462890625,94.22000122070312,0.008489555345726707
2008-07-18,957.2999877929688,72.19000244140625,4.080999851226807,24.049999237060547,1260.6800537109375,94.16999816894531,-0.013179262296642236
2008-07-21,963.0999755859375,71.98999786376953,4.066999912261963,23.049999237060547,1260.0,95.12000274658203,0.0060404140165744025
2008-07-22,948.0,72.44999694824219,4.0970001220703125,21.18000030517578,1277.0,93.05999755859375,-0.015802720962339478
2008-07-23,922.4000244140625,72.80999755859375,4.1479997634887695,21.309999465942383,1282.18994140625,90.56999969482422,-0.02737550683219503
2008-07-24,922.0,72.93000030517578,4.015999794006348,23.440000534057617,1252.5400390625,91.33000183105469,-0.00043377186623239083
2008-07-25,926.5999755859375,72.86000061035156,4.111000061035156,22.90999984741211,1257.760009765625,91.69000244140625,0.004976723077947831
2008-07-28,927.5999755859375,72.6500015258789,4.01800012588501,24.229999542236328,1234.3699951171875,91.7300033569336,0.0010786324272329395
2008-07-29,916.4000244140625,73.30999755859375,4.044000148773193,22.030000686645508,1263.199951171875,90.58999633789062,-0.012147601841161482
2008-07-30,902.9000244140625,73.31999969482422,4.047999858856201,21.209999084472656,1284.260009765625,89.5199966430664,-0.01484114486757182
2008-07-31,913.9000244140625,73.2300033569336,3.9790000915527344,22.940000534057617,1267.3800048828125,90.08000183105469,0.012109350639264882
2008-08-01,909.0,73.41999816894531,3.947999954223633,22.56999969482422,1260.31005859375,89.56999969482422,-0.00537608881482754
2008-08-04,900.0999755859375,73.45999908447266,3.9719998836517334,23.489999771118164,1249.010009765625,88.13999938964844,-0.009839253038162354
2008-08-05,878.5999755859375,73.87999725341797,4.006999969482422,21.139999389648438,1284.8800048828125,86.08000183105469,-0.024176137385097718
2008-08-06,875.5999755859375,74.23999786376953,4.047999858856201,20.229999542236328,1289.18994140625,86.63999938964844,-0.0034203659881777426
2008-08-07,870.7000122070312,74.55000305175781,3.934999942779541,21.149999618530273,1266.0699462890625,86.08999633789062,-0.0056118379116814054
2008-08-08,857.7999877929688,75.8499984741211,3.950000047683716,20.65999984741211,1296.3199462890625,84.43000030517578,-0.014926542002205778
2008-08-11,821.5,76.12999725341797,4.001999855041504,20.1200008392334,1305.3199462890625,81.12999725341797,-0.043239020374831405
2008-08-12,808.2000122070312,76.1500015258789,3.9179999828338623,21.170000076293945,1289.5899658203125,80.5199966430664,-0.01632236972897605
2008-08-13,825.0,76.20999908447266,3.947000026702881,21.549999237060547,1285.8299560546875,81.55999755859375,0.020573818586334447
2008-08-14,808.2000122070312,76.66999816894531,3.8919999599456787,20.34000015258789,1292.9300537109375,79.3499984741211,-0.020573818586334447
2008-08-15,786.0,77.18000030517578,3.8519999980926514,19.579999923706055,1298.199951171875,77.62999725341797,-0.027852775319139766
2008-08-18,799.7000122070312,77.12000274658203,3.815999984741211,20.979999542236328,1278.5999755859375,78.80000305175781,0.01727988017315063
2008-08-19,811.0999755859375,76.83999633789062,3.8420000076293945,21.280000686645508,1266.68994140625,80.43000030517578,0.014154648374000267
2008-08-20,810.2999877929688,76.95999908447266,3.7990000247955322,20.420000076293945,1274.5400390625,80.05999755859375,-0.0009867865745070148
2008-08-21,833.0,76.19999694824219,3.8380000591278076,19.81999969482422,1277.719970703125,82.30000305175781,0.02762910776499261
2008-08-22,827.4000244140625,76.80999755859375,3.867000102996826,18.809999465942383,1292.199951171875,81.08000183105469,-0.006745358632567644
2008-08-25,819.7999877929688,76.79000091552734,3.7909998893737793,20.969999313354492,1266.8399658203125,80.93000030517578,-0.0092278903542935
2008-08-26,822.2000122070312,77.25,3.7839999198913574,20.489999771118164,1271.510009765625,81.2300033569336,0.0029232961305867278
2008-08-27,828.0999755859375,77.05000305175781,3.7720000743865967,19.760000228881836,1281.6600341796875,81.36000061035156,0.007150201247062782
2008-08-28,830.9000244140625,77.1500015258789,3.7950000762939453,19.43000030517578,1300.6800537109375,82.18000030517578,0.0033755894959766053
2008-08-29,829.2999877929688,77.37999725341797,3.812999963760376,20.649999618530273,1282.8299560546875,81.70999908447266,-0.0019275233161311078
2008-09-02,805.0,78.05999755859375,3.746000051498413,21.989999771118164,1277.5799560546875,79.19999694824219,-0.029739679318913304
2008-09-03,802.7000122070312,78.08999633789062,3.697000026702881,21.43000030517578,1274.97998046875,78.88999938964844,-0.0028612170735691222
2008-09-04,797.9000244140625,78.61000061035156,3.6429998874664307,24.030000686645508,1236.8299560546875,78.38999938964844,-0.0059977534328616855
2008-09-05,797.5999755859375,78.93000030517578,3.6600000858306885,23.059999465942383,1242.31005859375,78.9800033569336,-0.00037611887391086896
2008-09-08,797.5,79.58999633789062,3.6649999618530273,22.639999389648438,1267.7900390625,78.86000061035156,-0.00012535337922248146
2008-09-09,787.0999755859375,79.25,3.5959999561309814,25.469999313354492,1224.510009765625,76.48999786376953,-0.013126560528334608
2008-09-10,757.9000244140625,79.8499984741211,3.6410000324249268,24.520000457763672,1232.0400390625,74.22000122070312,-0.037803791099906725
2008-09-11,741.2999877929688,80.1500015258789,3.621999979019165,24.389999389648438,1249.050048828125,73.08000183105469,-0.022146097835143763
2008-09-12,760.2999877929688,78.97000122070312,3.7300000190734863,25.65999984741211,1251.699951171875,75.55000305175781,0.025307690983231268
2008-09-15,783.0999755859375,78.91000366210938,3.4830000400543213,31.700000762939453,1192.699951171875,77.55999755859375,0.02954729440187087
2008-09-16,776.5,79.06999969482422,3.490999937057495,30.299999237060547,1213.5999755859375,76.79000091552734,-0.008463727991975034
2008-09-17,846.5999755859375,78.0999984741211,3.4100000858306885,36.220001220703125,1156.3900146484375,85.45999908447266,0.08643165666030406
2008-09-18,892.7000122070312,78.0199966430664,3.437000036239624,33.099998474121094,1206.510009765625,82.80000305175781,0.053022292610552135
2008-09-19,860.5999755859375,77.68000030517578,3.7690000534057617,32.06999969482422,1255.0799560546875,85.9800033569336,-0.03662079982375133
2008-09-22,903.9000244140625,76.1500015258789,3.8259999752044678,33.849998474121094,1207.0899658203125,89.18000030517578,0.04908896977821264
2008-09-23,885.5,76.47000122070312,3.8410000801086426,35.720001220703125,1188.219970703125,88.31999969482422,-0.020566304591170592
2008-09-24,889.0,76.79000091552734,3.7709999084472656,35.189998626708984,1185.8699951171875,86.70999908447266,0.003944778291016249
2008-09-25,877.7000122070312,76.98999786376953,3.861999988555908,32.81999969482422,1209.1800537109375,86.44999694824219,-0.012792372007855768
2008-09-26,882.9000244140625,76.94999694824219,3.8269999027252197,34.7400016784668,1213.27001953125,86.63999938964844,0.005907108053613719
2008-09-29,888.2000122070312,77.47000122070312,3.631999969482422,46.720001220703125,1106.4200439453125,89.56999969482422,0.005984985041900259
2008-09-30,874.2000122070312,79.44999694824219,3.8269999027252197,39.38999938964844,1166.3599853515625,85.06999969482422,-0.015887760208689095
2008-10-01,880.7000122070312,79.45999908447266,3.7679998874664307,39.810001373291016,1161.06005859375,85.97000122070312,0.007407863279141225
2008-10-02,839.0,80.44000244140625,3.6459999084472656,45.2599983215332,1114.280029296875,82.33000183105469,-0.048506353204809116
2008-10-03,828.9000244140625,80.30999755859375,3.6440000534057617,45.13999938964844,1099.22998046875,82.58999633789062,-0.012111156416157343
2008-10-06,862.7000122070312,81.68000030517578,3.4260001182556152,52.04999923706055,1056.8900146484375,84.27999877929688,0.039967470181283105
2008-10-07,878.4000244140625,80.97000122070312,3.50600004196167,53.68000030517578,996.22998046875,87.2699966430664,0.018035078316721354
2008-10-08,903.0999755859375,80.91000366210938,3.7149999141693115,57.529998779296875,984.9400024414062,89.41999816894531,0.027731163674079795
2008-10-09,883.0999755859375,81.16000366210938,3.8340001106262207,63.91999816894531,909.9199829101562,89.9000015258789,-0.022394845394240193
2008-10-10,855.4000244140625,83.0,3.8610000610351562,69.94999694824219,899.219970703125,83.22000122070312,-0.03186919249497855
2008-10-13,838.9000244140625,81.87999725341797,3.8610000610351562,54.9900016784668,1003.3499755859375,81.98999786376953,-0.019477685379195364
2008-10-14,836.2999877929688,81.36000061035156,4.0229997634887695,55.130001068115234,998.010009765625,82.19999694824219,-0.0031041531637123754
2008-10-15,835.5,82.05000305175781,4.011000156402588,69.25,907.8400268554688,83.30999755859375,-0.000957037755558332
2008-10-16,801.5,82.45999908447266,3.936000108718872,67.61000061035156,946.4299926757812,79.29000091552734,-0.04154537598583996
2008-10-17,785.0999755859375,82.41000366210938,3.937999963760376,70.33000183105469,940.5499877929688,77.20999908447266,-0.020673904942153598
2008-10-20,787.5999755859375,83.0999984741211,3.885999917984009,52.970001220703125,985.4000244140625,78.5,0.003179248659467504
2008-10-21,766.0999755859375,83.98999786376953,3.703000068664551,53.11000061035156,955.0499877929688,76.02999877929688,-0.027677638112130865
2008-10-22,733.2999877929688,85.37000274658203,3.618000030517578,69.6500015258789,896.780029296875,71.70999908447266,-0.04375779920174594
2008-10-23,713.2999877929688,85.36000061035156,3.5339999198913574,67.80000305175781,908.1099853515625,70.6500015258789,-0.02765280628251343
2008-10-24,729.0999755859375,86.44000244140625,3.697000026702881,79.12999725341797,876.77001953125,72.20999908447266,0.021908791156648455
2008-10-27,741.7000122070312,86.93000030517578,3.7290000915527344,80.05999755859375,848.9199829101562,72.18000030517578,0.017134001873510663
2008-10-28,739.2999877929688,87.02999877929688,3.819999933242798,66.95999908447266,940.510009765625,73.79000091552734,-0.0032410891492435923
2008-10-29,752.7999877929688,85.06999969482422,3.874000072479248,69.95999908447266,930.0900268554688,74.0,0.018095796004218734
2008-10-30,737.2000122070312,84.55999755859375,3.938999891281128,62.900001525878906,954.0900268554688,72.70999908447266,-0.02094032970135551
2008-10-31,716.7999877929688,85.62999725341797,3.9700000286102295,59.88999938964844,968.75,71.33999633789062,-0.028062397723488175
2008-11-03,725.4000244140625,86.3499984741211,3.9040000438690186,53.68000030517578,966.2999877929688,71.0999984741211,0.011926415873979579
2008-11-04,756.0,84.77999877929688,3.765000104904175,47.72999954223633,1005.75,75.4800033569336,0.04131811567473154
2008-11-05,741.2999877929688,84.61000061035156,3.694000005722046,54.560001373291016,952.77001953125,72.80000305175781,-0.019635990983918994
2008-11-06,731.2000122070312,85.88999938964844,3.7070000171661377,63.68000030517578,904.8800048828125,72.22000122070312,-0.013718348361156707
2008-11-07,733.2000122070312,85.91000366210938,3.7799999713897705,56.099998474121094,930.989990234375,72.5,0.002731495780071036
2008-11-10,745.5999755859375,85.91000366210938,3.759999990463257,59.97999954223633,919.2100219726562,73.58000183105469,0.01677069801267006
2008-11-11,732.0,87.06999969482422,3.755000114440918,61.439998626708984,898.9500122070312,72.05000305175781,-0.018408716665887503
2008-11-12,717.7000122070312,87.47000122070312,3.6649999618530273,66.45999908447266,852.2999877929688,70.0,-0.01972884251674234
2008-11-13,704.9000244140625,86.94000244140625,3.818000078201294,59.83000183105469,911.2899780273438,72.1500015258789,-0.017995688029951218
2008-11-14,742.4000244140625,86.36000061035156,3.75,66.30999755859375,873.2899780273438,73.30000305175781,0.051832230942693513
2008-11-17,741.9000244140625,86.80999755859375,3.684000015258789,69.1500015258789,850.75,72.6500015258789,-0.0006737182543474773
2008-11-18,732.5999755859375,87.37000274658203,3.5350000858306885,67.63999938964844,859.1199951171875,72.51000213623047,-0.012614679083479352
2008-11-19,735.9000244140625,87.30999755859375,3.3910000324249268,74.26000213623047,806.5800170898438,72.26000213623047,0.00449445608885668
2008-11-20,748.5999755859375,87.97000122070312,3.1440000534057617,80.86000061035156,752.4400024414062,73.44999694824219,0.01711048974902596
2008-11-21,791.7000122070312,88.19000244140625,3.1670000553131104,72.66999816894531,800.030029296875,78.8499984741211,0.055977784738779235
2008-11-24,819.4000244140625,86.08000183105469,3.3399999141693115,64.69999694824219,851.8099975585938,80.91000366210938,0.034389847311672384
2008-11-25,818.4000244140625,85.0,3.0920000076293945,60.900001525878906,857.3900146484375,80.87000274658203,-0.0012211504389476602
2008-11-26,808.5,85.66999816894531,3.000999927520752,54.91999816894531,887.6799926757812,80.37999725341797,-0.012170565451709692
2008-11-28,816.2000122070312,86.5199966430664,2.9570000171661377,55.279998779296875,896.239990234375,80.30999755859375,0.009478758910475449
2008-12-01,774.5999755859375,86.72000122070312,2.7190001010894775,68.51000213623047,816.2100219726562,75.6500015258789,-0.05231270236526875
2008-12-02,781.2999877929688,86.69999694824219,2.693000078201294,62.97999954223633,848.8099975585938,76.94999694824219,0.008612447816330082
2008-12-03,768.7999877929688,87.02999877929688,2.6760001182556152,60.720001220703125,870.739990234375,76.18000030517578,-0.016128341600647467
2008-12-04,763.7999877929688,86.44000244140625,2.569999933242798,63.63999938964844,845.219970703125,75.5,-0.006524882968608203
2008-12-05,750.5,87.12000274658203,2.6570000648498535,59.93000030517578,876.0700073242188,74.5199966430664,-0.017566307735926046
2008-12-08,767.4000244140625,85.55999755859375,2.7339999675750732,58.4900016784668,909.7000122070312,76.19999694824219,0.02226855855333376
2008-12-09,772.4000244140625,85.83999633789062,2.6689999103546143,58.90999984741211,888.6699829101562,76.33000183105469,0.006494372535565063
2008-12-10,807.0999755859375,85.4800033569336,2.684000015258789,55.72999954223633,899.239990234375,79.75,0.043944963918793434
2008-12-11,824.9000244140625,83.83000183105469,2.6480000019073486,55.779998779296875,873.5900268554688,80.6500015258789,0.021814650381867473
2008-12-12,818.9000244140625,83.63999938964844,2.5889999866485596,54.279998779296875,879.72998046875,80.80999755859375,-0.00730019037369356
2008-12-15,835.4000244140625,82.2699966430664,2.5329999923706055,56.7599983215332,868.5700073242188,82.5999984741211,0.019948675198090626
2008-12-16,841.7000122070312,80.68000030517578,2.36299991607666,52.369998931884766,913.1799926757812,84.45999908447266,0.00751298943288603
2008-12-17,867.5,78.91000366210938,2.190000057220459,49.84000015258789,904.4199829101562,85.43000030517578,0.030191841100655203
2008-12-18,859.5999755859375,79.47000122070312,2.0739998817443848,47.34000015258789,885.280029296875,83.87000274658203,-0.009148375454314461
2008-12-19,836.4000244140625,81.30000305175781,2.13100004196167,44.93000030517578,887.8800048828125,82.62999725341797,-0.027360139622763846
2008-12-22,846.2000122070312,81.08999633789062,2.1410000324249268,44.560001373291016,871.6300048828125,83.45999908447266,0.011648755967735624
2008-12-23,837.2000122070312,81.23999786376953,2.1630001068115234,45.02000045776367,863.1599731445312,82.62999725341797,-0.01069274755904459
2008-12-24,847.0999755859375,81.20999908447266,2.178999900817871,44.209999084472656,868.1500244140625,83.45999908447266,0.011755717464121851
2008-12-26,870.4000244140625,80.88999938964844,2.13700008392334,43.380001068115234,872.7999877929688,85.5999984741211,0.027134181534173685
2008-12-29,874.5999755859375,80.68000030517578,2.0959999561309814,43.900001525878906,869.4199829101562,86.3499984741211,0.0048137069133504795
2008-12-30,869.2999877929688,80.9000015258789,2.0869998931884766,41.630001068115234,890.6400146484375,85.9000015258789,-0.00607833502162336
2008-12-31,883.5999755859375,81.30999755859375,2.24399995803833,40.0,903.25,86.5199966430664,0.01631616787309209
2009-01-02,878.7999877929688,81.83999633789062,2.4159998893737793,39.189998626708984,931.7999877929688,86.2300033569336,-0.0054471172958550085
2009-01-05,857.2000122070312,82.63999938964844,2.48799991607666,39.08000183105469,927.4500122070312,84.4800033569336,-0.024886048779878323
2009-01-06,865.4000244140625,82.8499984741211,2.505000114440918,38.560001373291016,934.7000122070312,85.12999725341797,0.009520578162079296
2009-01-07,841.0999755859375,82.27999877929688,2.49399995803833,43.38999938964844,906.6500244140625,82.75,-0.02848132606004583
2009-01-08,853.9000244140625,81.54000091552734,2.444999933242798,42.560001373291016,909.72998046875,84.45999908447266,0.015103589562761144
2009-01-09,854.2999877929688,82.66000366210938,2.4070000648498535,42.81999969482422,890.3499755859375,83.91999816894531,0.00046828636384166344
2009-01-12,820.2999877929688,83.0199966430664,2.309000015258789,45.84000015258789,870.260009765625,80.76000213623047,-0.04061229374111974
2009-01-13,820.0999755859375,84.2699966430664,2.296999931335449,43.27000045776367,871.7899780273438,80.87999725341797,-0.00024385785477676336
2009-01-14,808.2000122070312,84.41999816894531,2.2130000591278076,49.13999938964844,842.6199951171875,79.79000091552734,-0.014616686524401956
2009-01-15,806.7000122070312,84.44000244140625,2.2009999752044678,51.0,843.739990234375,80.38999938964844,-0.0018577006733595525
2009-01-16,839.2999877929688,84.20999908447266,2.303999900817871,46.11000061035156,850.1199951171875,82.70999908447266,0.03961632946949489
2009-01-20,854.5999755859375,86.22000122070312,2.3450000286102295,56.650001525878906,805.219970703125,84.5199966430664,0.018065298097618587
2009-01-21,849.5999755859375,85.81999969482422,2.5260000228881836,46.41999816894531,840.239990234375,84.1500015258789,-0.005867872890375381
2009-01-22,858.2000122070312,85.5199966430664,2.5940001010894775,47.290000915527344,827.5,84.58000183105469,0.010071565029693197
2009-01-23,895.2999877929688,85.61000061035156,2.621999979019165,47.27000045776367,831.9500122070312,88.52999877929688,0.04232165722412162
2009-01-26,908.5,84.7300033569336,2.6429998874664307,45.689998626708984,836.5700073242188,88.94999694824219,0.014636043830686063
2009-01-27,899.2000122070312,84.43000030517578,2.5190000534057617,42.25,845.7100219726562,88.37999725341797,-0.010289395121364286
2009-01-28,888.0999755859375,84.66999816894531,2.6559998989105225,39.65999984741211,874.0900268554688,87.41999816894531,-0.012421170940621451
2009-01-29,905.0999755859375,85.27999877929688,2.815000057220459,42.630001068115234,845.1400146484375,89.5,0.018961086085000467
2009-01-30,927.2999877929688,86.0,2.8440001010894775,44.84000015258789,825.8800048828125,91.30999755859375,0.024231716782881385
2009-02-02,906.7000122070312,86.06999969482422,2.7190001010894775,45.52000045776367,825.4400024414062,88.83999633789062,-0.022465476526969397
2009-02-03,892.0,85.05000305175781,2.8420000076293945,43.060001373291016,838.510009765625,88.47000122070312,-0.01634551553514285
2009-02-04,901.5999755859375,85.69999694824219,2.9140000343322754,43.849998474121094,832.22998046875,89.18000030517578,0.010704803066960089
2009-02-05,913.5999755859375,86.05999755859375,2.9000000953674316,43.72999954223633,845.8499755859375,90.12000274658203,0.013221876531853027
2009-02-06,913.9000244140625,85.3499984741211,2.9790000915527344,43.369998931884766,868.5999755859375,89.58999633789062,0.00032837081348358055
2009-02-09,892.4000244140625,84.79000091552734,3.0269999504089355,43.63999938964844,869.8900146484375,88.31999969482422,-0.023806693076172003
2009-02-10,913.7000122070312,85.80999755859375,2.8469998836517334,46.66999816894531,827.1599731445312,90.20999908447266,0.0235878134484393
2009-02-11,943.7999877929688,85.77999877929688,2.76200008392334,44.529998779296875,833.739990234375,92.29000091552734,0.03241196299379645
2009-02-12,948.5,86.55000305175781,2.7269999980926514,41.25,835.1900024414062,93.16999816894531,0.004967523016699005
2009-02-13,941.5,86.04000091552734,2.881999969482422,42.93000030517578,826.8400268554688,92.55000305175781,-0.00740744127786197
2009-02-17,967.0,87.58000183105469,2.6619999408721924,48.65999984741211,789.1699829101562,95.44999694824219,0.02672414735608708
2009-02-18,977.7000122070312,88.01000213623047,2.7279999256134033,48.459999084472656,788.4199829101562,96.91000366210938,0.011004391543788294
2009-02-19,976.0999755859375,87.44000244140625,2.8570001125335693,47.08000183105469,778.9400024414062,95.7699966430664,-0.0016378718280085636
2009-02-20,1001.7999877929688,86.48999786376953,2.7720000743865967,49.29999923706055,770.0499877929688,97.80000305175781,0.025988633569344444
2009-02-23,994.5999755859375,87.23999786376953,2.7769999504089355,52.619998931884766,743.3300170898438,97.7300033569336,-0.007213027004394412
2009-02-24,969.0999755859375,86.88999938964844,2.7990000247955322,45.4900016784668,773.1400146484375,94.7300033569336,-0.02597284118603138
2009-02-25,965.7000122070312,87.91000366210938,2.944999933242798,44.66999816894531,764.9000244140625,93.1500015258789,-0.003514540934516752
2009-02-26,941.7999877929688,87.7300033569336,2.9779999256134033,44.65999984741211,752.8300170898438,93.05999755859375,-0.0250603147654056
2009-02-27,941.5,88.01000213623047,3.0409998893737793,46.349998474121094,735.0900268554688,92.62999725341797,-0.00031857675086310877
2009-03-02,939.0,88.94000244140625,2.9189999103546143,52.650001525878906,700.8200073242188,90.93000030517578,-0.002658868888944177
2009-03-03,912.9000244140625,88.91000366210938,2.937999963760376,50.93000030517578,696.3300170898438,90.04000091552734,-0.028189106893814042
2009-03-04,906.0,88.58000183105469,3.010999917984009,47.560001373291016,712.8699951171875,88.98999786376953,-0.007587066271469212
2009-03-05,927.0,89.11000061035156,2.819000005722046,50.16999816894531,682.5499877929688,91.98999786376953,0.02291425952287529
2009-03-06,942.0999755859375,88.51000213623047,2.828000068664551,49.33000183105469,683.3800048828125,92.29000091552734,0.016157834574253904
2009-03-09,917.7000122070312,89.01000213623047,2.885999917984009,49.68000030517578,676.530029296875,90.56999969482422,-0.02624084701337459
2009-03-10,895.5999755859375,88.93000030517578,2.9820001125335693,44.369998931884766,719.5999755859375,88.13999938964844,-0.02437669566214229
2009-03-11,910.4000244140625,87.87000274658203,2.9159998893737793,43.61000061035156,721.3599853515625,89.22000122070312,0.01639023272432638
2009-03-12,923.7000122070312,87.66000366210938,2.8919999599456787,41.18000030517578,750.739990234375,91.0999984741211,0.014503266625009559
2009-03-13,929.7999877929688,87.43000030517578,2.884999990463257,42.36000061035156,756.5499877929688,91.30000305175781,0.006582139313892732
2009-03-16,921.5999755859375,86.94999694824219,2.9509999752044678,43.7400016784668,753.8900146484375,90.80000305175781,-0.008858232677147804
2009-03-17,916.4000244140625,86.93000030517578,3.003000020980835,40.79999923706055,778.1199951171875,90.04000091552734,-0.005658286230059595
2009-03-18,888.7000122070312,84.5999984741211,2.5329999923706055,40.060001373291016,794.3499755859375,93.08999633789062,-0.03069324274035523
2009-03-19,958.2999877929688,83.12999725341797,2.5969998836517334,43.68000030517578,784.0399780273438,94.3499984741211,0.07540113413124327
2009-03-20,955.7999877929688,83.83999633789062,2.625,45.88999938964844,768.5399780273438,93.58999633789062,-0.002612195238976156
2009-03-23,952.0999755859375,83.43000030517578,2.6600000858306885,43.22999954223633,822.9199829101562,92.08000183105469,-0.003878627723209682
2009-03-24,923.2999877929688,83.86000061035156,2.6540000438690186,42.93000030517578,806.1199951171875,90.94999694824219,-0.03071585009182254
2009-03-25,935.4000244140625,83.80999755859375,2.7720000743865967,42.25,813.8800048828125,91.9800033569336,0.013020075834423217
2009-03-26,939.5999755859375,84.16999816894531,2.7330000400543213,40.36000061035156,832.8599853515625,91.93000030517578,0.00447995540937729
2009-03-27,923.0,85.11000061035156,2.760999917984009,41.040000915527344,815.9400024414062,90.69000244140625,-0.0178249922984417
2009-03-30,915.5,85.87000274658203,2.7139999866485596,45.540000915527344,787.530029296875,89.9800033569336,-0.008158870388286665
2009-03-31,922.5999755859375,85.43000030517578,2.684999942779541,44.13999938964844,797.8699951171875,90.27999877929688,0.007725380546914629
2009-04-01,926.0999755859375,85.5,2.6579999923706055,42.279998779296875,811.0800170898438,91.02999877929688,0.003786449152511473
2009-04-02,907.4000244140625,84.44999694824219,2.752000093460083,42.040000915527344,834.3800048828125,88.80000305175781,-0.02039879967861502
2009-04-03,895.5999755859375,84.16999816894531,2.9070000648498535,39.70000076293945,842.5,87.58999633789062,-0.013089536670784163
2009-04-06,871.5,84.56999969482422,2.938999891281128,40.93000030517578,835.47998046875,85.2699966430664,-0.02727799250451657
2009-04-07,882.2000122070312,85.29000091552734,2.9089999198913574,40.38999938964844,815.5499877929688,86.73999786376953,0.012202936547797805
2009-04-08,884.7999877929688,85.36000061035156,2.8469998836517334,38.849998474121094,825.1599731445312,86.61000061035156,0.002942815463823578
2009-04-09,882.2000122070312,85.79000091552734,2.9260001182556152,36.529998779296875,856.5599975585938,86.30999755859375,-0.002942815463823578
2009-04-13,894.7000122070312,84.63999938964844,2.8450000286102295,37.810001373291016,858.72998046875,87.87999725341797,0.014069678689391019
2009-04-14,890.9000244140625,84.63999938964844,2.7860000133514404,37.66999816894531,841.5,87.37000274658203,-0.004256265066847398
2009-04-15,892.7999877929688,85.08000183105469,2.759000062942505,36.16999816894531,852.0599975585938,87.5,0.0021303628238795724
2009-04-16,879.2999877929688,85.2300033569336,2.8299999237060547,35.790000915527344,865.2999877929688,85.80999755859375,-0.015236455452009245
2009-04-17,867.4000244140625,85.9800033569336,2.930000066757202,33.939998626708984,869.5999755859375,85.22000122070312,-0.013625862954765644
2009-04-20,887.0,86.63999938964844,2.8429999351501465,39.18000030517578,832.3900146484375,86.94999694824219,0.02234472276205768
2009-04-21,882.0999755859375,86.58000183105469,2.9019999504089355,37.13999938964844,850.0800170898438,86.88999938964844,-0.005539581722063147
2009-04-22,891.7999877929688,86.19000244140625,2.9639999866485596,38.099998474121094,843.5499877929688,87.37999725341797,0.010936477917778298
2009-04-23,905.9000244140625,85.5199966430664,2.927000045776367,37.150001525878906,851.9199829101562,88.80000305175781,0.015687073120011163
2009-04-24,913.5999755859375,84.70999908447266,2.996000051498413,36.81999969482422,866.22998046875,89.72000122070312,0.008463860553517222
2009-04-27,907.4000244140625,85.69999694824219,2.9210000038146973,38.31999969482422,857.510009765625,89.01000213623047,-0.006809418043446591
2009-04-28,892.7999877929688,85.16000366210938,3.002000093460083,37.95000076293945,855.1599731445312,87.75,-0.016220816181079734
2009-04-29,899.7999877929688,84.47000122070312,3.0959999561309814,36.08000183105469,873.6400146484375,88.33000183105469,0.0078099248863923165
2009-04-30,890.7000122070312,84.61000061035156,3.124000072479248,36.5,872.8099975585938,87.2699966430664,-0.010164818697878886
2009-05-01,887.5999755859375,84.55000305175781,3.1740000247955322,35.29999923706055,877.52001953125,86.94999694824219,-0.0034865205900747043
2009-05-04,901.5999755859375,83.97000122070312,3.1570000648498535,34.529998779296875,907.239990234375,88.63999938964844,0.01564977209423457
2009-05-05,903.7000122070312,84.16000366210938,3.1570000648498535,33.36000061035156,903.7999877929688,88.25,0.0023265247687760393
2009-05-06,910.5,83.80000305175781,3.1519999504089355,32.45000076293945,919.530029296875,89.54000091552734,0.007496438751917189
2009-05-07,915.0,83.94000244140625,3.2950000762939453,33.439998626708984,907.3900146484375,89.44000244140625,0.004930166107858014
2009-05-08,914.4000244140625,82.52999877929688,3.2929999828338623,32.04999923706055,929.22998046875,89.9800033569336,-0.000655926095377346
2009-05-11,913.0,82.68000030517578,3.180000066757202,32.869998931884766,909.239990234375,89.69000244140625,-0.0015322585851755832
2009-05-12,923.5,82.30999755859375,3.174999952316284,31.799999237060547,908.3499755859375,90.69999694824219,0.011434919044326364
2009-05-13,925.5,82.5,3.1050000190734863,33.650001525878906,883.9199829101562,91.08999633789062,0.002163332374257365
2009-05-14,928.0,82.27999877929688,3.1070001125335693,31.3700008392334,893.0700073242188,91.02999877929688,0.0026976007726489115
2009-05-15,930.9000244140625,83.0199966430664,3.122999906539917,33.119998931884766,882.8800048828125,91.55000305175781,0.0031201535625431376
2009-05-18,921.2999877929688,82.66999816894531,3.2109999656677246,30.239999771118164,909.7100219726562,90.36000061035156,-0.010366183483647262
2009-05-19,926.2999877929688,81.9800033569336,3.243000030517578,28.799999237060547,908.1300048828125,90.95999908447266,0.005412440216615799
2009-05-20,937.0,80.98999786376953,3.2019999027252197,29.030000686645508,903.469970703125,92.25,0.011485139156709678
2009-05-21,950.7999877929688,80.55999755859375,3.3529999256134033,31.350000381469727,888.3300170898438,93.8499984741211,0.014620440408921631
2009-05-22,958.5,79.95999908447266,3.447999954223633,32.630001068115234,887.0,94.1500015258789,0.008065839838355515
2009-05-26,953.0999755859375,80.12999725341797,3.493000030517578,30.6200008392334,910.3300170898438,93.76000213623047,-0.005649758157545648
2009-05-27,953.2000122070312,80.33000183105469,3.694999933242798,32.36000061035156,893.0599975585938,93.44999694824219,0.00010495370280239058
2009-05-28,961.5,80.43000030517578,3.671999931335449,31.670000076293945,906.8300170898438,94.23999786376953,0.00866980699787856
2009-05-29,978.7999877929688,80.43000030517578,3.4649999141693115,28.920000076293945,919.1400146484375,96.19999694824219,0.01783275406825613
2009-06-01,978.5999755859375,79.16999816894531,3.7149999141693115,30.040000915527344,942.8699951171875,95.7300033569336,-0.0002043651900160981
2009-06-02,983.2000122070312,78.4000015258789,3.6440000534057617,29.6299991607666,944.739990234375,96.36000061035156,0.004689616760363613
2009-06-03,964.5,79.5,3.5510001182556152,31.020000457763672,931.760009765625,94.41000366210938,-0.019202738321654422
2009-06-04,981.2000122070312,79.41000366210938,3.7160000801086426,30.18000030517578,942.4600219726562,96.2300033569336,0.017166492479470996
2009-06-05,961.7000122070312,80.66999816894531,3.861999988555908,29.6200008392334,940.0900268554688,93.70999908447266,-0.02007376041363873
2009-06-08,951.7000122070312,80.91000366210938,3.8889999389648438,29.770000457763672,939.1400146484375,93.55999755859375,-0.010452692506764727
2009-06-09,954.0,79.79000091552734,3.8580000400543213,28.270000457763672,942.4299926757812,93.83000183105469,0.0024137995434356796
2009-06-10,954.0,80.33000183105469,3.936000108718872,28.459999084472656,939.1500244140625,93.86000061035156,0.0
2009-06-11,961.2999877929688,79.41000366210938,3.861999988555908,28.110000610351562,944.8900146484375,93.69999694824219,0.007622850925021574
2009-06-12,940.0999755859375,80.13999938964844,3.7880001068115234,28.149999618530273,946.2100219726562,92.16999816894531,-0.022300295758447497
2009-06-15,926.9000244140625,81.13999938964844,3.7130000591278076,30.809999465942383,923.719970703125,91.0999984741211,-0.01414051539359562
2009-06-16,931.5999755859375,80.70999908447266,3.6740000247955322,32.68000030517578,911.969970703125,91.93000030517578,0.0050578005823265215
2009-06-17,935.4000244140625,80.16999816894531,3.6470000743865967,31.540000915527344,910.7100219726562,92.3499984741211,0.0040707595883242575
2009-06-18,934.0,80.61000061035156,3.8340001106262207,30.030000686645508,918.3699951171875,91.61000061035156,-0.001497833163073281
2009-06-19,935.5999755859375,80.26000213623047,3.7890000343322754,27.989999771118164,921.22998046875,91.9000015258789,0.0017115703866288356
2009-06-22,920.5999755859375,80.77999877929688,3.693000078201294,31.170000076293945,893.0399780273438,90.54000091552734,-0.016162403752059795
2009-06-23,923.9000244140625,79.83999633789062,3.640000104904175,30.579999923706055,895.0999755859375,90.91999816894531,0.0035782622382924956
2009-06-24,934.0999755859375,80.55999755859375,3.684999942779541,29.049999237060547,900.9400024414062,91.44999694824219,0.010979605640643264
2009-06-25,939.0999755859375,80.4000015258789,3.5460000038146973,26.360000610351562,920.260009765625,92.30999755859375,0.005338471070921891
2009-06-26,940.7000122070312,79.87999725341797,3.50600004196167,25.93000030517578,918.9000244140625,92.29000091552734,0.001702348141176202
2009-06-29,940.4000244140625,79.83999633789062,3.492000102996826,25.350000381469727,927.22998046875,92.04000091552734,-0.0003189493271724686
2009-06-30,927.0999755859375,80.12999725341797,3.5230000019073486,26.350000381469727,919.3200073242188,91.18000030517578,-0.014243934348133536
2009-07-01,941.0,79.62999725341797,3.5439999103546143,26.219999313354492,923.3300170898438,92.38999938964844,0.014881731306239487
2009-07-02,930.7000122070312,80.1500015258789,3.494999885559082,27.950000762939453,896.4199829101562,91.25,-0.01100613527774641
2009-07-06,924.0,80.44999694824219,3.50600004196167,29.0,898.719970703125,90.76000213623047,-0.007224932665948813
2009-07-07,928.7999877929688,80.62000274658203,3.4600000381469727,30.850000381469727,881.030029296875,90.70999908447266,0.005181345599199361
2009-07-08,909.0,80.7699966430664,3.2890000343322754,31.299999237060547,879.5599975585938,89.2699966430664,-0.021548323063404595
2009-07-09,915.9000244140625,79.86000061035156,3.4130001068115234,29.780000686645508,882.6799926757812,89.51000213623047,0.007562120887279811
2009-07-10,912.2000122070312,80.2300033569336,3.2950000762939453,29.020000457763672,879.1300048828125,89.58000183105469,-0.004047937405190716
2009-07-13,922.2000122070312,80.12999725341797,3.3459999561309814,26.309999465942383,901.0499877929688,90.19000244140625,0.010902855349896434
2009-07-14,922.5,80.18000030517578,3.447000026702881,25.020000457763672,905.8400268554688,90.80999755859375,0.0003252429052178485
2009-07-15,939.0999755859375,79.31999969482422,3.5959999561309814,25.889999389648438,932.6799926757812,92.23999786376953,0.017834567898587395
2009-07-16,935.0999755859375,79.22000122070312,3.556999921798706,25.420000076293945,940.739990234375,91.9800033569336,-0.004268494480373697
2009-07-17,937.2000122070312,79.3499984741211,3.6510000228881836,24.34000015258789,940.3800048828125,91.93000030517578,0.002243270325745783
2009-07-20,948.5,78.91000366210938,3.5850000381469727,24.399999618530273,951.1300048828125,93.27999877929688,0.011985069716427432
2009-07-21,946.5999755859375,78.93000030517578,3.4769999980926514,23.8700008392334,954.5800170898438,93.12999725341797,-0.002005197694241012
2009-07-22,953.0,78.70999908447266,3.553999900817871,23.469999313354492,954.0700073242188,93.44000244140625,0.006738311973373712
2009-07-23,954.5,78.80000305175781,3.7090001106262207,23.43000030517578,976.2899780273438,93.26000213623047,0.0015727395116007514
2009-07-24,952.7999877929688,78.75,3.6700000762939453,23.09000015258789,979.260009765625,93.41000366210938,-0.0017826379364578315
2009-07-27,953.2999877929688,78.62999725341797,3.7130000591278076,24.280000686645508,982.1799926757812,93.70999908447266,0.0005246314651614625
2009-07-28,939.0,78.8499984741211,3.687999963760376,25.010000228881836,979.6199951171875,92.11000061035156,-0.01511415748624323
2009-07-29,927.2000122070312,79.62999725341797,3.6640000343322754,25.610000610351562,975.1500244140625,91.19999694824219,-0.012646174017243439
2009-07-30,934.9000244140625,79.29000091552734,3.6410000324249268,25.399999618530273,986.75,91.62000274658203,0.008270292620339958
2009-07-31,953.7000122070312,78.3499984741211,3.500999927520752,25.920000076293945,987.47998046875,93.3499984741211,0.01990957157316231
2009-08-03,956.5999755859375,77.63999938964844,3.6389999389648438,25.559999465942383,1002.6300048828125,93.87000274658203,0.0030361363399702412
2009-08-04,967.5,77.7699966430664,3.678999900817871,24.889999389648438,1005.6500244140625,94.68000030517578,0.011330119179445042
2009-08-05,964.2000122070312,77.5199966430664,3.7639999389648438,24.899999618530273,1002.719970703125,94.77999877929688,-0.00341667027214676
2009-08-06,960.7000122070312,78.06999969482422,3.746000051498413,25.670000076293945,997.0800170898438,94.5999984741211,-0.00363655650970518
2009-08-07,957.2999877929688,78.97000122070312,3.8540000915527344,24.760000228881836,1010.47998046875,93.75,-0.003545388921298631
2009-08-10,945.0,79.26000213623047,3.7709999084472656,24.989999771118164,1007.0999755859375,92.93000030517578,-0.012931881707043402
2009-08-11,945.7999877929688,79.18000030517578,3.693000078201294,25.989999771118164,994.3499755859375,92.79000091552734,0.0008461898094651588
2009-08-12,950.7000122070312,78.79000091552734,3.7009999752044678,25.450000762939453,1005.8099975585938,92.94999694824219,0.005167450901821802
2009-08-13,954.7000122070312,78.48999786376953,3.5910000801086426,24.709999084472656,1012.72998046875,93.72000122070312,0.004198599585206075
2009-08-14,947.0,78.88999938964844,3.558000087738037,24.270000457763672,1004.0900268554688,93.0,-0.008098074604157901
2009-08-17,934.2999877929688,79.29000091552734,3.490999937057495,27.889999389648438,979.72998046875,91.61000061035156,-0.013501520452598115
2009-08-18,937.7000122070312,78.94000244140625,3.5260000228881836,26.18000030517578,989.6699829101562,92.05999755859375,0.003632508710155413
2009-08-19,943.2999877929688,78.47000122070312,3.4630000591278076,26.260000228881836,996.4600219726562,92.52999877929688,0.005954271271399136
2009-08-20,940.2999877929688,78.37999725341797,3.434999942779541,25.09000015258789,1007.3699951171875,92.2699966430664,-0.0031853924140641254
2009-08-21,953.2000122070312,78.04000091552734,3.555999994277954,25.010000228881836,1026.1300048828125,93.6500015258789,0.0136257977299854
2009-08-24,942.2999877929688,78.2699966430664,3.49399995803833,25.139999389648438,1025.5699462890625,92.33999633789062,-0.011501075772751612
2009-08-25,944.5,78.23999786376953,3.450000047683716,24.920000076293945,1028.0,92.76000213623047,0.002332004683360367
2009-08-26,944.2999877929688,78.66000366210938,3.437999963760376,24.950000762939453,1028.1199951171875,92.79000091552734,-0.00021178759961060223
2009-08-27,945.5,78.01000213623047,3.4619998931884766,24.68000030517578,1030.97998046875,93.19000244140625,0.0012699887565581491
2009-08-28,957.0,78.37000274658203,3.4509999752044678,24.760000228881836,1028.9300537109375,93.87000274658203,0.012089503354442144
2009-08-31,951.7000122070312,78.16999816894531,3.4010000228881836,26.010000228881836,1020.6199951171875,93.4000015258789,-0.005553519548103125
2009-09-01,954.7000122070312,78.76000213623047,3.375,29.149999618530273,998.0399780273438,93.9000015258789,0.003147295885384871
2009-09-02,976.5999755859375,78.37999725341797,3.2950000762939453,28.899999618530273,994.75,96.19000244140625,0.022679958838283554
2009-09-03,995.7999877929688,78.45999908447266,3.328000068664551,27.100000381469727,1003.239990234375,97.45999908447266,0.0194692953210458
2009-09-04,994.9000244140625,78.13999938964844,3.441999912261963,25.260000228881836,1016.4000244140625,97.52999877929688,-0.0009041678150394361
2009-09-08,997.9000244140625,77.31999969482422,3.4690001010894775,25.6200008392334,1025.3900146484375,97.43000030517578,0.003010841221180449
2009-09-09,995.2999877929688,77.08999633789062,3.4790000915527344,24.31999969482422,1033.3699951171875,97.08000183105469,-0.002608908368364027
2009-09-10,995.4000244140625,76.81999969482422,3.3420000076293945,23.549999237060547,1044.1400146484375,97.69999694824219,0.00010050396399741146
2009-09-11,1004.9000244140625,76.61000061035156,3.3429999351501465,24.149999618530273,1042.72998046875,98.77999877929688,0.00949864639858955
2009-09-14,999.9000244140625,76.69999694824219,3.4059998989105225,23.860000610351562,1049.3399658203125,97.95999908447266,-0.004988038951621476
2009-09-15,1005.0,76.54000091552734,3.4519999027252197,23.420000076293945,1052.6300048828125,98.9000015258789,0.005087522094868291
2009-09-16,1018.9000244140625,76.23999786376953,3.4709999561309814,23.690000534057617,1068.760009765625,99.91000366210938,0.013736096448258905
2009-09-17,1012.2999877929688,76.19000244140625,3.3980000019073486,23.649999618530273,1065.489990234375,99.33999633789062,-0.006498680395438328
2009-09-18,1009.2000122070312,76.43000030517578,3.4739999771118164,23.920000076293945,1068.300048828125,98.66999816894531,-0.003067007683343448
2009-09-21,1003.7000122070312,76.77999877929688,3.486999988555908,24.059999465942383,1064.6600341796875,98.36000061035156,-0.005464765880867084
2009-09-22,1014.2000122070312,76.12000274658203,3.4560000896453857,23.079999923706055,1071.6600341796875,99.66999816894531,0.010406952415250359
2009-09-23,1013.0,76.05000305175781,3.4179999828338623,23.489999771118164,1060.8699951171875,98.83000183105469,-0.001183911148353367
2009-09-24,997.5,76.9000015258789,3.38100004196167,24.950000762939453,1050.780029296875,97.55000305175781,-0.015419355484664443
2009-09-25,990.2000122070312,76.80999755859375,3.3289999961853027,25.610000610351562,1044.3800048828125,97.0,-0.007345193508852432
2009-09-28,992.5,77.05000305175781,3.302000045776367,24.8799991607666,1062.97998046875,97.05000305175781,0.002320057306179457
2009-09-29,993.0999755859375,77.12000274658203,3.2920000553131104,25.190000534057617,1060.6099853515625,97.43000030517578,0.0006043267642770189
2009-09-30,1008.0,76.6500015258789,3.306999921798706,25.610000610351562,1057.0799560546875,98.8499984741211,0.014892109305691292
2009-10-01,999.5,77.19000244140625,3.194000005722046,28.270000457763672,1029.8499755859375,97.88999938964844,-0.008468294690858968
2009-10-02,1003.2000122070312,77.0,3.2209999561309814,28.68000030517578,1025.2099609375,98.37000274658203,0.003695028106294629
2009-10-05,1016.7000122070312,76.63999938964844,3.2239999771118164,26.84000015258789,1040.4599609375,99.81999969482422,0.013367197240888196
2009-10-06,1038.5999755859375,76.33999633789062,3.247999906539917,25.700000762939453,1054.719970703125,102.27999877929688,0.021311528615876263
2009-10-07,1043.300048828125,76.48999786376953,3.174999952316284,24.68000030517578,1057.5799560546875,102.36000061035156,0.004515184372023029
2009-10-08,1055.4000244140625,75.97000122070312,3.255000114440918,24.18000030517578,1065.47998046875,103.63999938964844,0.011531051828550964
2009-10-09,1047.800048828125,76.43000030517578,3.384000062942505,23.1200008392334,1071.489990234375,102.83999633789062,-0.007227090529354108
2009-10-12,1056.699951171875,76.12999725341797,3.380000114440918,23.010000228881836,1076.18994140625,103.55999755859375,0.008458023664125847
2009-10-13,1064.199951171875,75.9800033569336,3.312000036239624,22.989999771118164,1073.18994140625,104.26000213623047,0.00707249904093743
2009-10-14,1063.9000244140625,75.55000305175781,3.4230000972747803,22.860000610351562,1092.02001953125,104.18000030517578,-0.00028187280977309825
2009-10-15,1049.800048828125,75.4800033569336,3.4700000286102295,21.719999313354492,1096.56005859375,102.86000061035156,-0.013341708139990693
2009-10-16,1050.699951171875,75.5999984741211,3.4170000553131104,21.43000030517578,1087.6800537109375,103.18000030517578,0.0008568458926996314
2009-10-19,1057.300048828125,75.51000213623047,3.3949999809265137,21.489999771118164,1097.9100341796875,104.2300033569336,0.006261972697648943
2009-10-20,1057.800048828125,75.56999969482422,3.3369998931884766,20.899999618530273,1091.06005859375,103.41999816894531,0.00047279087156937294
2009-10-21,1063.699951171875,74.97000122070312,3.4110000133514404,22.219999313354492,1081.4000244140625,103.75,0.005562024561628576
2009-10-22,1057.800048828125,75.08999633789062,3.4210000038146973,20.690000534057617,1092.9100341796875,103.91999816894531,-0.005562024561628576
2009-10-23,1055.5999755859375,75.47000122070312,3.4749999046325684,22.270000457763672,1079.5999755859375,103.48999786376953,-0.002082023290920887
2009-10-26,1042.0999755859375,76.05999755859375,3.553999900817871,24.309999465942383,1066.949951171875,101.86000061035156,-0.012871417930402806
2009-10-27,1034.699951171875,76.13999938964844,3.4619998931884766,24.829999923706055,1063.4100341796875,101.8499984741211,-0.007126402150334776
2009-10-28,1029.9000244140625,76.43000030517578,3.4110000133514404,27.90999984741211,1042.6300048828125,100.7300033569336,-0.004649748583262614
2009-10-29,1046.4000244140625,75.91999816894531,3.500999927520752,24.760000228881836,1066.1099853515625,102.69000244140625,0.01589399119738477
2009-10-30,1039.699951171875,76.30000305175781,3.3919999599456787,30.690000534057617,1036.18994140625,102.52999877929688,-0.006423562014159501
2009-11-02,1053.4000244140625,76.29000091552734,3.421999931335449,29.780000686645508,1042.8800048828125,103.94999694824219,0.01309088820547366
2009-11-03,1084.300048828125,76.38999938964844,3.4730000495910645,28.809999465942383,1045.4100341796875,106.45999908447266,0.028911611284338612
2009-11-04,1086.699951171875,75.63999938964844,3.5460000038146973,27.719999313354492,1046.5,107.0999984741211,0.0022108736262573814
2009-11-05,1088.699951171875,75.73999786376953,3.5329999923706055,25.43000030517578,1066.6300048828125,106.9800033569336,0.001838742900872603
2009-11-06,1095.0999755859375,75.81999969482422,3.503000020980835,24.190000534057617,1069.300048828125,107.43000030517578,0.005861381950603928
2009-11-09,1100.800048828125,75.02999877929688,3.4860000610351562,23.149999618530273,1093.0799560546875,108.19000244140625,0.005191571548221141
2009-11-10,1101.9000244140625,75.0199966430664,3.4820001125335693,22.84000015258789,1093.010009765625,108.38999938964844,0.0009987521140404354
2009-11-11,1114.0,75.16000366210938,3.4739999771118164,23.040000915527344,1098.510009765625,109.5999984741211,0.010921156837166102
2009-11-12,1106.0,75.5999984741211,3.446000099182129,24.239999771118164,1087.239990234375,108.20999908447266,-0.007207238404949301
2009-11-13,1116.0999755859375,75.33000183105469,3.428999900817871,23.360000610351562,1093.47998046875,109.73999786376953,0.009090540704948857
2009-11-16,1138.5999755859375,74.91000366210938,3.3310000896453857,22.889999389648438,1109.300048828125,111.62999725341797,0.019958972287575705
2009-11-17,1138.800048828125,75.37000274658203,3.319000005722046,22.40999984741211,1110.3199462890625,111.97000122070312,0.00017570320589843647
2009-11-18,1140.699951171875,75.18000030517578,3.365999937057495,21.6299991607666,1109.800048828125,112.25,0.0016669469477434973
2009-11-19,1141.4000244140625,75.29000091552734,3.3489999771118164,22.6299991607666,1094.9000244140625,112.30000305175781,0.0006135342637367813
2009-11-20,1146.4000244140625,75.66000366210938,3.3559999465942383,22.190000534057617,1091.3800048828125,112.94000244140625,0.004371018318064301
2009-11-23,1164.300048828125,75.08999633789062,3.364000082015991,21.15999984741211,1106.239990234375,114.29000091552734,0.015493471170473505
2009-11-24,1165.5,75.06999969482422,3.316999912261963,20.469999313354492,1105.6500244140625,114.7300033569336,0.001030089495090536
2009-11-25,1186.9000244140625,74.2699966430664,3.2790000438690186,20.479999542236328,1110.6300048828125,116.62000274658203,0.018194707156251155
2009-11-27,1174.199951171875,75.0,3.2309999465942383,24.739999771118164,1091.489990234375,115.05999755859375,-0.010757863586142058
2009-11-30,1181.0999755859375,74.87999725341797,3.2009999752044678,24.510000228881836,1095.6300048828125,115.63999938964844,0.005859163901265951
2009-12-01,1199.0999755859375,74.36000061035156,3.2750000953674316,21.920000076293945,1108.8599853515625,117.37999725341797,0.015125068077877835
2009-12-02,1212.0,74.66999816894531,3.322999954223633,21.1200008392334,1109.239990234375,119.18000030517578,0.010700632604194737
2009-12-03,1217.4000244140625,74.62999725341797,3.380000114440918,22.459999084472656,1099.9200439453125,118.69999694824219,0.004445569484829548
2009-12-04,1168.800048828125,75.91000366210938,3.4830000400543213,21.25,1105.97998046875,113.75,-0.04073983390131275
2009-12-07,1163.4000244140625,75.7699966430664,3.447999954223633,22.100000381469727,1103.25,113.11000061035156,-0.004630849751017685
2009-12-08,1142.800048828125,76.30999755859375,3.3919999599456787,23.690000534057617,1091.93994140625,110.94999694824219,-0.017865339378396072
2009-12-09,1120.4000244140625,76.04000091552734,3.4230000972747803,22.65999984741211,1095.949951171875,110.83999633789062,-0.019795647906921232
2009-12-10,1125.699951171875,76.04000091552734,3.4820001125335693,22.31999969482422,1102.3499755859375,110.81999969482422,0.004719234808527872
2009-12-11,1119.4000244140625,76.56999969482422,3.5399999618530273,21.59000015258789,1106.4100341796875,109.31999969482422,-0.005612171717756631
2009-12-14,1123.300048828125,76.3499984741211,3.5460000038146973,21.149999618530273,1114.1099853515625,110.23999786376953,0.003477975848773518
2009-12-15,1122.4000244140625,76.95999908447266,3.6029999256134033,21.489999771118164,1107.9300537109375,110.20999908447266,-0.0008015535760756975
2009-12-16,1135.5,77.0,3.5959999561309814,20.540000915527344,1109.1800537109375,111.58999633789062,0.011603811005702624
2009-12-17,1106.800048828125,77.69000244140625,3.486999988555908,22.510000228881836,1096.0799560546875,107.33999633789062,-0.025600069516358737
2009-12-18,1110.800048828125,77.81999969482422,3.5460000038146973,21.68000030517578,1102.469970703125,108.94999694824219,0.0036075073610097874
2009-12-21,1095.4000244140625,78.04000091552734,3.681999921798706,20.489999771118164,1114.050048828125,106.94999694824219,-0.013960904752837955
2009-12-22,1086.0,78.25,3.74399995803833,19.540000915527344,1118.02001953125,106.16999816894531,-0.008618394143545594
2009-12-23,1093.300048828125,77.9000015258789,3.747999906539917,19.709999084472656,1120.5899658203125,106.55000305175781,0.00669946860778925
2009-12-24,1104.0999755859375,77.83999633789062,3.806999921798706,19.469999313354492,1126.47998046875,108.36000061035156,0.009829811231236718
2009-12-28,1107.199951171875,77.62999725341797,3.8420000076293945,19.93000030517578,1127.780029296875,108.55000305175781,0.0028037604299511187
2009-12-29,1097.0,77.83000183105469,3.809000015258789,20.010000228881836,1126.199951171875,107.47000122070312,-0.009255080487627687
2009-12-30,1091.5,77.91000366210938,3.7839999198913574,19.959999084472656,1126.4200439453125,106.93000030517578,-0.005026284285231775
2009-12-31,1095.199951171875,77.86000061035156,3.8429999351501465,21.68000030517578,1115.0999755859375,107.30999755859375,0.003384053400488085
2010-01-04,1117.699951171875,77.52999877929688,3.8410000801086426,20.040000915527344,1132.989990234375,109.80000305175781,0.020336008314825627
2010-01-05,1118.0999755859375,77.62000274658203,3.755000114440918,19.350000381469727,1136.52001953125,109.69999694824219,0.00035783561269830955
2010-01-06,1135.9000244140625,77.48999786376953,3.808000087738037,19.15999984741211,1137.1400146484375,111.51000213623047,0.015794515412509647
2010-01-07,1133.0999755859375,77.91000366210938,3.822000026702881,19.059999465942383,1141.68994140625,110.81999969482422,-0.0024680918902548754
2010-01-08,1138.199951171875,77.47000122070312,3.808000087738037,18.1299991607666,1144.97998046875,111.37000274658203,0.00449080642933275
2010-01-11,1150.699951171875,77.0,3.818000078201294,17.549999237060547,1146.97998046875,112.8499984741211,0.010922386126404504
2010-01-12,1128.9000244140625,76.94999694824219,3.7190001010894775,18.25,1136.219970703125,110.48999786376953,-0.019126681502084075
2010-01-13,1136.4000244140625,76.8499984741211,3.7829999923706055,17.850000381469727,1145.6800537109375,111.54000091552734,0.006621663569801761
2010-01-14,1142.5999755859375,76.7300033569336,3.7339999675750732,17.6299991607666,1148.4599609375,112.02999877929688,0.005440953459530107
2010-01-15,1130.0999755859375,77.31999969482422,3.6760001182556152,17.90999984741211,1136.030029296875,110.86000061035156,-0.011000243160598444
2010-01-19,1139.699951171875,77.5,3.7070000171661377,17.579999923706055,1150.22998046875,111.5199966430664,0.008458924256074418
2010-01-20,1112.300048828125,78.33999633789062,3.6589999198913574,18.68000030517578,1138.0400390625,108.94000244140625,-0.024335039522402013
2010-01-21,1102.699951171875,78.31999969482422,3.6110000610351562,22.270000457763672,1116.47998046875,107.37000274658203,-0.008668314012208356
2010-01-22,1089.199951171875,78.27999877929688,3.5980000495910645,27.309999465942383,1091.760009765625,107.16999816894531,-0.01231823651385966
2010-01-25,1095.199951171875,78.19000244140625,3.630000114440918,25.40999984741211,1096.780029296875,107.4800033569336,0.0054935134202303
2010-01-26,1097.9000244140625,78.43000030517578,3.630000114440918,24.549999237060547,1092.1700439453125,107.55999755859375,0.0024623360872553235
2010-01-27,1084.4000244140625,78.68000030517578,3.6440000534057617,23.139999389648438,1097.5,106.52999877929688,-0.012372425339341575
2010-01-28,1083.5999755859375,78.9000015258789,3.6579999923706055,23.729999542236328,1084.530029296875,106.4800033569336,-0.0007380524579723158
2010-01-29,1083.0,79.45999908447266,3.6089999675750732,24.6200008392334,1073.8699951171875,105.95999908447266,-0.0005538406794372008
2010-02-01,1104.300048828125,79.23999786376953,3.6540000438690186,22.59000015258789,1089.18994140625,108.3499984741211,0.019476726268452538
2010-02-02,1117.4000244140625,79.01000213623047,3.634999990463257,21.479999542236328,1103.3199462890625,109.12999725341797,0.011792885604595682
2010-02-03,1111.4000244140625,79.37000274658203,3.703000068664551,21.600000381469727,1097.280029296875,108.69999694824219,-0.005384076061273113
2010-02-04,1062.4000244140625,79.91999816894531,3.609999895095825,26.079999923706055,1063.1099853515625,104.37000274658203,-0.04508998111049234
2010-02-05,1052.199951171875,80.44000244140625,3.5460000038146973,26.110000610351562,1066.18994140625,104.68000030517578,-0.009647358811312401
2010-02-08,1065.699951171875,80.30000305175781,3.5920000076293945,26.510000228881836,1056.739990234375,104.04000091552734,0.01274865051805918
2010-02-09,1076.699951171875,79.86000061035156,3.632999897003174,26.0,1070.52001953125,105.41000366210938,0.010268948062854832
2010-02-10,1075.800048828125,80.02999877929688,3.694000005722046,25.399999618530273,1068.1300048828125,105.12000274658203,-0.0008361462449988366
2010-02-11,1094.199951171875,79.98999786376953,3.7330000400543213,23.959999084472656,1078.469970703125,107.12999725341797,0.01695884177835083
2010-02-12,1089.5,80.31999969482422,3.693000078201294,22.729999542236328,1075.510009765625,107.04000091552734,-0.004304582620552111
2010-02-16,1119.300048828125,79.69999694824219,3.6640000343322754,22.25,1094.8699951171875,109.62000274658203,0.026984658134351136
2010-02-17,1119.5,80.37999725341797,3.742000102996826,21.719999313354492,1099.510009765625,109.25,0.00017862351978337188
2010-02-18,1118.0,80.4000015258789,3.802999973297119,20.6299991607666,1106.75,109.9800033569336,-0.0013407823237647776
2010-02-19,1121.300048828125,80.63999938964844,3.7820000648498535,20.020000457763672,1109.1700439453125,109.47000122070312,0.0029473952977854267
2010-02-22,1112.5999755859375,80.51000213623047,3.7990000247955322,19.940000534057617,1108.010009765625,109.06999969482422,-0.007789173314889375
2010-02-23,1102.699951171875,80.8499984741211,3.690999984741211,21.3700008392334,1094.5999755859375,107.88999938964844,-0.008937923213824917
2010-02-24,1096.5,80.8499984741211,3.694999933242798,20.270000457763672,1105.239990234375,107.36000061035156,-0.005638384626172943
2010-02-25,1107.800048828125,80.79000091552734,3.6419999599456787,20.100000381469727,1102.93994140625,108.30999755859375,0.010252821817720914
2010-02-26,1118.300048828125,80.36000061035156,3.5950000286102295,19.5,1104.489990234375,109.43000030517578,0.00943360802129245
2010-03-01,1117.800048828125,80.66000366210938,3.6059999465942383,19.260000228881836,1115.7099609375,109.43000030517578,-0.000447207179014697
2010-03-02,1136.9000244140625,80.5199966430664,3.614000082015991,19.059999465942383,1118.31005859375,111.0199966430664,0.016942770091358028
2010-03-03,1142.699951171875,79.9800033569336,3.625,18.829999923706055,1118.7900390625,111.62999725341797,0.005088558812882837
2010-03-04,1132.5999755859375,80.55999755859375,3.6059999465942383,18.719999313354492,1122.969970703125,110.83000183105469,-0.008877987298245849
2010-03-05,1134.800048828125,80.43000030517578,3.681999921798706,17.420000076293945,1138.699951171875,110.80999755859375,0.0019406138387152438
2010-03-08,1123.5999755859375,80.43000030517578,3.7079999446868896,17.790000915527344,1138.5,109.87999725341797,-0.009918672460991651
2010-03-09,1122.0,80.58999633789062,3.7009999752044678,17.920000076293945,1140.449951171875,109.72000122070312,-0.0014249874190186418
2010-03-10,1107.800048828125,80.44999694824219,3.7200000286102295,18.56999969482422,1145.6099853515625,108.47000122070312,-0.012736696406977721
2010-03-11,1108.0,80.31999969482422,3.7200000286102295,18.059999465942383,1150.239990234375,108.5999984741211,0.00018047763156570085
2010-03-12,1101.5,79.83000183105469,3.7100000381469727,17.579999923706055,1149.989990234375,107.94999694824219,-0.0058837010648318255
2010-03-15,1105.0999755859375,80.25,3.7039999961853027,18.0,1150.510009765625,108.36000061035156,0.0032629192601643098
2010-03-16,1122.199951171875,79.75,3.6530001163482666,17.690000534057617,1159.4599609375,110.4000015258789,0.015355194303237063
2010-03-17,1124.0,79.63999938964844,3.6419999599456787,16.90999984741211,1166.2099609375,109.58999633789062,0.0016027506478373255
2010-03-18,1127.4000244140625,80.22000122070312,3.671999931335449,16.6200008392334,1165.8299560546875,110.33999633789062,0.003020366849029621
2010-03-19,1107.4000244140625,80.72000122070312,3.687000036239624,16.969999313354492,1159.9000244140625,108.27999877929688,-0.017899170867508474
2010-03-22,1099.300048828125,80.6500015258789,3.6630001068115234,16.8700008392334,1165.81005859375,107.75,-0.007341289432869935
2010-03-23,1103.5,80.9000015258789,3.680000066757202,16.350000381469727,1174.1700439453125,108.31999969482422,0.0038132886945039246
2010-03-24,1088.5999755859375,81.83999633789062,3.8289999961853027,17.549999237060547,1167.719970703125,106.30000305175781,-0.01359450212371982
2010-03-25,1092.699951171875,82.12000274658203,3.9010000228881836,18.399999618530273,1165.72998046875,106.77999877929688,0.0037592083178719093
2010-03-26,1104.199951171875,81.68000030517578,3.8550000190734863,17.770000457763672,1166.5899658203125,108.58999633789062,0.010469393738636867
2010-03-29,1110.300048828125,81.36000061035156,3.864000082015991,17.59000015258789,1173.219970703125,108.75,0.005509246408054835
2010-03-30,1104.5,81.47000122070312,3.868000030517578,17.1299991607666,1173.27001953125,107.97000122070312,-0.005237549177463663
2010-03-31,1113.300048828125,81.06999969482422,3.8329999446868896,17.59000015258789,1169.4300537109375,108.94999694824219,0.007935877733399543
2010-04-01,1125.0999755859375,80.77999877929688,3.8589999675750732,17.469999313354492,1178.0999755859375,110.26000213623047,0.010543277283995067
2010-04-05,1132.9000244140625,81.08999633789062,3.99399995803833,17.020000457763672,1187.43994140625,110.88999938964844,0.006908839551936552
2010-04-06,1135.0999755859375,81.38999938964844,3.9679999351501465,16.229999542236328,1189.43994140625,111.02999877929688,0.0019399928234982156
2010-04-07,1152.300048828125,81.44000244140625,3.86299991607666,16.6200008392334,1182.449951171875,112.48999786376953,0.01503925614145718
2010-04-08,1152.199951171875,81.52999877929688,3.8959999084472656,16.479999542236328,1186.43994140625,112.6500015258789,-8.687147434383036e-05
2010-04-09,1161.0999755859375,81.08999633789062,3.888000011444092,16.139999389648438,1194.3699951171875,113.63999938964844,0.0076946946861795595
2010-04-12,1161.5999755859375,80.55999755859375,3.8459999561309814,15.579999923706055,1196.47998046875,113.01000213623047,0.0004305334466216948
2010-04-13,1152.800048828125,80.51000213623047,3.811000108718872,16.200000762939453,1197.300048828125,112.69000244140625,-0.007604536011492691
2010-04-14,1159.0,80.19000244140625,3.8550000190734863,15.59000015258789,1210.6500244140625,113.02999877929688,0.005363756298328859
2010-04-15,1159.699951171875,80.4800033569336,3.8480000495910645,15.890000343322754,1211.6700439453125,113.6500015258789,0.0006037445188047386
2010-04-16,1136.300048828125,80.81999969482422,3.7699999809265137,18.360000610351562,1192.1300048828125,111.23999786376953,-0.02038389596343748
2010-04-19,1135.199951171875,81.0,3.806999921798706,17.34000015258789,1197.52001953125,111.1500015258789,-0.0009686090620819598
2010-04-20,1138.5999755859375,81.05000305175781,3.805000066757202,15.729999542236328,1207.1700439453125,111.45999908447266,0.002990612241767998
2010-04-21,1148.199951171875,81.16000366210938,3.73799991607666,16.31999969482422,1205.93994140625,112.30999755859375,0.008396040132929272
2010-04-22,1142.300048828125,81.56999969482422,3.7720000743865967,16.469999313354492,1208.6700439453125,111.83999633789062,-0.005151639722385859
2010-04-23,1153.0999755859375,81.3499984741211,3.816999912261963,16.6200008392334,1217.280029296875,113.19000244140625,0.009410130119176685
2010-04-26,1153.5,81.4800033569336,3.815000057220459,17.469999313354492,1212.050048828125,112.75,0.0003468520092830829
2010-04-27,1161.699951171875,82.1500015258789,3.690000057220459,22.809999465942383,1183.7099609375,114.62999725341797,0.007083608874006941
2010-04-28,1171.300048828125,82.37999725341797,3.7730000019073486,21.079999923706055,1191.3599853515625,114.30999755859375,0.008229877275134356
2010-04-29,1168.4000244140625,82.0,3.7279999256134033,18.440000534057617,1206.780029296875,114.27999877929688,-0.002478972354069242
2010-04-30,1180.0999755859375,81.87000274658203,3.6630001068115234,22.049999237060547,1186.68994140625,115.36000061035156,0.00996384753469215
2010-05-03,1182.699951171875,82.2699966430664,3.7049999237060547,20.190000534057617,1202.260009765625,115.7300033569336,0.0022007590281978295
2010-05-04,1168.5999755859375,83.30000305175781,3.61299991607666,23.84000015258789,1173.5999755859375,114.87000274658203,-0.011993488743152092
2010-05-05,1174.5999755859375,84.08000183105469,3.549999952316284,24.90999984741211,1165.8699951171875,115.08999633789062,0.005121213074799513
2010-05-06,1196.9000244140625,84.88999938964844,3.3980000019073486,32.79999923706055,1128.1500244140625,118.48999786376953,0.018807257973652902
2010-05-07,1210.0,84.44999694824219,3.428999900817871,40.95000076293945,1110.8800048828125,118.2699966430664,0.010885458313715901
2010-05-10,1200.4000244140625,84.16000366210938,3.5390000343322754,28.84000015258789,1159.72998046875,117.56999969482422,-0.007965504686302083
2010-05-11,1219.9000244140625,84.47000122070312,3.5350000858306885,28.31999969482422,1155.7900390625,120.66000366210938,0.016114053263374117
2010-05-12,1242.699951171875,84.83000183105469,3.566999912261963,25.520000457763672,1171.6700439453125,121.4000015258789,0.018517484352124747
2010-05-13,1228.800048828125,85.20999908447266,3.563999891281128,26.68000030517578,1157.43994140625,120.55999755859375,-0.011248269390146781
2010-05-14,1227.4000244140625,86.0999984741211,3.441999912261963,31.239999771118164,1135.6800537109375,120.37000274658203,-0.0011399922839627763
2010-05-17,1227.699951171875,86.20999908447266,3.4719998836517334,30.84000015258789,1136.93994140625,119.36000061035156,0.0002443295688872027
2010-05-18,1214.300048828125,87.16000366210938,3.375999927520752,33.54999923706055,1120.800048828125,119.48999786376953,-0.010974641144064101
2010-05-19,1192.5999755859375,86.38999938964844,3.3589999675750732,35.31999969482422,1115.050048828125,116.62999725341797,-0.018032042052983144
2010-05-20,1187.800048828125,85.56999969482422,3.2639999389648438,45.790000915527344,1071.5899658203125,115.83999633789062,-0.0040328795279185314
2010-05-21,1175.699951171875,85.37000274658203,3.200000047683716,40.099998474121094,1087.68994140625,115.22000122070312,-0.010239224347209586
2010-05-24,1193.800048828125,86.20999908447266,3.2269999980926514,38.31999969482422,1073.6500244140625,116.83999633789062,0.01527786429339173
2010-05-25,1197.800048828125,86.77999877929688,3.1579999923706055,34.61000061035156,1074.030029296875,117.36000061035156,0.003345043959224192
2010-05-26,1213.300048828125,87.12000274658203,3.2179999351501465,35.02000045776367,1067.949951171875,118.47000122070312,0.012857378706691236
2010-05-27,1211.9000244140625,86.18000030517578,3.3380000591278076,29.68000030517578,1103.06005859375,118.69000244140625,-0.001154564182172635
2010-05-28,1212.199951171875,86.4800033569336,3.3010001182556152,32.06999969482422,1089.4100341796875,118.87999725341797,0.0002474541168790978
2010-06-01,1224.800048828125,86.63999938964844,3.2960000038146973,35.540000915527344,1070.7099609375,119.91000366210938,0.010340754973077182
2010-06-02,1220.5999755859375,86.79000091552734,3.3340001106262207,30.170000076293945,1098.3800048828125,119.77999877929688,-0.003435084100971153
2010-06-03,1208.300048828125,87.13999938964844,3.378999948501587,29.459999084472656,1102.8299560546875,117.95999908447266,-0.010128067664846085
2010-06-04,1216.199951171875,88.2300033569336,3.194999933242798,35.47999954223633,1064.8800048828125,119.19000244140625,0.006516750094045065
2010-06-07,1239.300048828125,88.4000015258789,3.184000015258789,36.56999969482422,1050.469970703125,121.48999786376953,0.018815539932685255
2010-06-08,1244.0,88.38999938964844,3.1679999828338623,33.70000076293945,1062.0,121.0,0.0037852508285354247
2010-06-09,1228.5,87.9000015258789,3.187000036239624,33.72999954223633,1055.68994140625,120.55999755859375,-0.01253808133789125
2010-06-10,1220.800048828125,87.16999816894531,3.319000005722046,30.56999969482422,1086.8399658203125,118.97000122070312,-0.006287491434215475
2010-06-11,1228.9000244140625,87.51000213623047,3.2160000801086426,28.790000915527344,1091.5999755859375,120.01000213623047,0.0066130586301316185
2010-06-14,1223.300048828125,86.51000213623047,3.2750000953674316,28.579999923706055,1089.6300048828125,119.5999984741211,-0.0045673151891936214
2010-06-15,1233.199951171875,85.9800033569336,3.309999942779541,25.8700008392334,1115.22998046875,120.98999786376953,0.008060212449386484
2010-06-16,1229.300048828125,86.08000183105469,3.2820000648498535,25.920000076293945,1114.6099853515625,120.33000183105469,-0.0031674360237801125
2010-06-17,1247.5,85.69000244140625,3.190000057220459,25.049999237060547,1116.0400390625,121.9000015258789,0.014696607232111525
2010-06-18,1257.199951171875,85.69999694824219,3.2230000495910645,23.950000762939453,1117.510009765625,122.83000183105469,0.007745438458949039
2010-06-21,1239.699951171875,85.93000030517578,3.243000030517578,24.8799991607666,1113.199951171875,120.38999938964844,-0.014017611627571647
2010-06-22,1239.9000244140625,86.11000061035156,3.1659998893737793,27.049999237060547,1095.31005859375,121.44999694824219,0.0001613754190925576
2010-06-23,1234.0999755859375,85.73999786376953,3.115000009536743,26.90999984741211,1092.0400390625,120.94999694824219,-0.004688811199894616
2010-06-24,1245.5,85.7300033569336,3.122999906539917,29.739999771118164,1073.68994140625,121.30000305175781,0.009195116025986216
2010-06-25,1255.800048828125,85.30999755859375,3.11299991607666,28.530000686645508,1076.760009765625,122.76000213623047,0.008235802859860364
2010-06-28,1238.199951171875,85.6500015258789,3.0320000648498535,29.0,1074.5699462890625,121.08999633789062,-0.01411418591172886
2010-06-29,1242.0,86.02999877929688,2.9670000076293945,34.130001068115234,1041.239990234375,121.2699966430664,0.0030643108430572497
2010-06-30,1245.5,86.0199966430664,2.9509999752044678,34.540000915527344,1030.7099609375,121.68000030517578,0.002814072208811247
2010-07-01,1206.300048828125,84.72000122070312,2.927000045776367,32.86000061035156,1027.3699951171875,117.04000091552734,-0.031979191653301875
2010-07-02,1207.4000244140625,84.43000030517578,2.9790000915527344,30.1200008392334,1022.5800170898438,118.48999786376953,0.0009114435337522764
2010-07-06,1194.800048828125,84.08000183105469,2.931999921798706,29.649999618530273,1028.06005859375,116.51000213623047,-0.010490459373536432
2010-07-07,1198.5999755859375,83.81999969482422,2.9800000190734863,26.84000015258789,1060.27001953125,117.7300033569336,0.0031753404461198897
2010-07-08,1195.800048828125,83.81999969482422,3.0199999809265137,25.709999084472656,1070.25,117.20999908447266,-0.0023387303754462963
2010-07-09,1209.5999755859375,83.94999694824219,3.055999994277954,24.979999542236328,1077.9599609375,118.36000061035156,0.01147424796186236
2010-07-12,1198.5,84.19999694824219,3.0460000038146973,24.43000030517578,1078.75,117.33999633789062,-0.009218931367246164
2010-07-13,1213.300048828125,83.63999938964844,3.114000082015991,24.559999465942383,1095.3399658203125,118.36000061035156,0.01227318542745337
2010-07-14,1206.800048828125,83.43000030517578,3.049999952316284,24.889999389648438,1095.1700439453125,118.30000305175781,-0.005371691556161018
2010-07-15,1208.0999755859375,82.55999755859375,2.9779999256134033,25.139999389648438,1096.47998046875,118.2300033569336,0.001076588571142345
2010-07-16,1188.0,82.48999786376953,2.938999891281128,26.25,1064.8800048828125,116.66999816894531,-0.016777636394283313
2010-07-19,1181.699951171875,82.51000213623047,2.9639999866485596,25.969999313354492,1071.25,115.7300033569336,-0.0053171825978592935
2010-07-20,1191.5,82.75,2.931999921798706,23.93000030517578,1083.47998046875,116.6500015258789,0.008258979214065931
2010-07-21,1191.5999755859375,83.38999938964844,2.8919999599456787,25.639999389648438,1069.5899658203125,115.8499984741211,8.39038118582991e-05
2010-07-22,1195.5,82.5999984741211,2.931999921798706,24.6299991607666,1093.6700439453125,116.86000061035156,0.0032675865477242994
2010-07-23,1187.699951171875,82.45999908447266,2.99399995803833,23.469999313354492,1102.6600341796875,116.08999633789062,-0.006545885229683357
2010-07-26,1183.0,82.08999633789062,2.99399995803833,22.729999542236328,1115.010009765625,115.5199966430664,-0.003965037690309536
2010-07-27,1158.0,82.18000030517578,3.046999931335449,23.190000534057617,1113.8399658203125,113.51000213623047,-0.021359205845446816
2010-07-28,1160.4000244140625,82.18000030517578,3.000999927520752,24.25,1106.1300048828125,113.77999877929688,0.002070415153659688
2010-07-29,1168.4000244140625,81.63999938964844,2.999000072479248,24.1299991607666,1101.530029296875,114.29000091552734,0.006870518122280345
2010-07-30,1181.699951171875,81.54000091552734,2.9070000648498535,23.5,1101.5999755859375,115.48999786376953,0.011318725915851147
2010-08-02,1183.4000244140625,80.94000244140625,2.9630000591278076,22.010000228881836,1125.8599853515625,115.54000091552734,0.0014376335483019531
2010-08-03,1185.199951171875,80.5999984741211,2.9140000343322754,22.6299991607666,1120.4599609375,115.98999786376953,0.0015198236281603883
2010-08-04,1193.699951171875,80.88999938964844,2.9519999027252197,22.209999084472656,1127.239990234375,116.72000122070312,0.0071461906949439324
2010-08-05,1197.199951171875,80.81999969482422,2.9149999618530273,22.100000381469727,1125.81005859375,116.9800033569336,0.002927769997135954
2010-08-06,1203.4000244140625,80.41000366210938,2.8239998817443848,21.739999771118164,1121.6400146484375,117.83999633789062,0.005165447880548513
2010-08-09,1200.699951171875,80.70999908447266,2.822000026702881,22.139999389648438,1127.7900390625,117.4000015258789,-0.00224622470353264
2010-08-10,1196.199951171875,80.80000305175781,2.7809998989105225,22.3700008392334,1121.06005859375,117.7300033569336,-0.0037548545791992183
2010-08-11,1197.5,82.29000091552734,2.684999942779541,25.389999389648438,1089.469970703125,117.33999633789062,0.0010862254939798532
2010-08-12,1214.800048828125,82.63999938964844,2.734999895095825,25.729999542236328,1083.6099853515625,118.7699966430664,0.014343444080896717
2010-08-13,1214.9000244140625,82.94999694824219,2.687999963760376,26.239999771118164,1079.25,118.73999786376953,8.229459026232178e-05
2010-08-16,1224.5,82.52999877929688,2.575000047683716,26.100000381469727,1079.3800048828125,119.7300033569336,0.007870808435993304
2010-08-17,1226.5999755859375,82.2300033569336,2.6449999809265137,24.329999923706055,1092.5400390625,119.75,0.0017134968958103514
2010-08-18,1229.699951171875,82.22000122070312,2.6410000324249268,24.59000015258789,1094.1600341796875,120.22000122070312,0.002524103183020543
2010-08-19,1233.800048828125,82.44999694824219,2.5789999961853027,26.440000534057617,1075.6300048828125,120.38999938964844,0.003328679879881058
2010-08-20,1227.199951171875,83.05999755859375,2.611999988555908,25.489999771118164,1071.68994140625,119.97000122070312,-0.005363765526181119
2010-08-23,1226.9000244140625,83.12000274658203,2.6070001125335693,25.65999984741211,1067.3599853515625,119.77999877929688,-0.0002444291286334277
2010-08-24,1231.800048828125,83.1500015258789,2.499000072479248,27.459999084472656,1051.8699951171875,120.36000061035156,0.003985871196475976
2010-08-25,1239.5,83.26000213623047,2.5380001068115234,26.700000762939453,1055.3299560546875,121.36000061035156,0.006231518582649365
2010-08-26,1235.4000244140625,82.93000030517578,2.499000072479248,27.3700008392334,1047.219970703125,120.95999908447266,-0.0033132484513753724
2010-08-27,1236.0,82.91999816894531,2.6519999504089355,24.450000762939453,1064.5899658203125,121.01000213623047,0.0004855349937660236
2010-08-30,1237.0999755859375,83.16000366210938,2.5450000762939453,27.209999084472656,1048.9200439453125,120.91000366210938,0.0008895521162353148
2010-08-31,1248.300048828125,83.19999694824219,2.4769999980926514,26.049999237060547,1049.3299560546875,122.08000183105469,0.009012753638830695
2010-09-01,1246.300048828125,82.5199966430664,2.5820000171661377,23.889999389648438,1080.2900390625,121.69000244140625,-0.0016034637619029013
2010-09-02,1251.5,82.45999908447266,2.628000020980835,23.190000534057617,1090.0999755859375,122.29000091552734,0.004163630861030221
2010-09-03,1249.199951171875,83.0999984741211,2.7060000896453857,21.309999465942383,1104.510009765625,121.86000061035156,-0.0018395245504221336
2010-09-07,1257.300048828125,82.81999969482422,2.6089999675750732,23.799999237060547,1091.8399658203125,122.69999694824219,0.006463296113427219
2010-09-08,1255.5999755859375,82.58999633789062,2.6540000438690186,23.25,1098.8699951171875,122.70999908447266,-0.0013530769111760321
2010-09-09,1248.9000244140625,82.66999816894531,2.760999917984009,22.809999465942383,1104.1800537109375,121.55999755859375,-0.005350343106166555
2010-09-10,1244.5,82.69999694824219,2.7950000762939453,21.989999771118164,1109.550048828125,121.7300033569336,-0.0035293406098446667
2010-09-13,1245.0999755859375,81.91000366210938,2.740999937057495,21.209999084472656,1121.9000244140625,121.62000274658203,0.00048198554260547866
2010-09-14,1269.699951171875,81.08000183105469,2.6659998893737793,21.559999465942383,1121.0999755859375,124.0199966430664,0.019564785269065688
2010-09-15,1266.699951171875,81.48999786376953,2.7230000495910645,22.100000381469727,1125.0699462890625,123.94000244140625,-0.0023655586772370896
2010-09-16,1271.9000244140625,81.23999786376953,2.759000062942505,21.719999313354492,1124.6600341796875,124.62999725341797,0.004096809710311788
2010-09-17,1275.5999755859375,81.4000015258789,2.746000051498413,22.010000228881836,1125.5899658203125,124.54000091552734,0.0029047723442321427
2010-09-20,1279.0,81.33999633789062,2.7060000896453857,21.5,1142.7099609375,124.87000274658203,0.0026618855822180265
2010-09-21,1272.4000244140625,80.44000244140625,2.5940001010894775,22.350000381469727,1139.780029296875,126.01000213623047,-0.005173622516442933
2010-09-22,1290.199951171875,79.83000183105469,2.5480000972747803,22.510000228881836,1134.280029296875,126.19999694824219,0.013892307190348063
2010-09-23,1294.300048828125,80.01000213623047,2.555000066757202,23.8700008392334,1124.8299560546875,126.30000305175781,0.0031728389211513885
2010-09-24,1296.0,79.38999938964844,2.611999988555908,21.709999084472656,1148.6700439453125,126.69000244140625,0.0013125517383203444
2010-09-27,1296.699951171875,79.33999633789062,2.5169999599456787,22.540000915527344,1142.1600341796875,126.72000122070312,0.0005399399869343569
2010-09-28,1306.5999755859375,79.01000213623047,2.4560000896453857,22.600000381469727,1147.699951171875,127.8499984741211,0.007605786822311167
2010-09-29,1308.5,78.69000244140625,2.50600004196167,23.25,1144.72998046875,127.94999694824219,0.0014531182487349525
2010-09-30,1307.800048828125,78.72000122070312,2.5169999599456787,23.700000762939453,1141.199951171875,127.91000366210938,-0.0005350695069461509
2010-10-01,1316.0999755859375,78.08999633789062,2.5260000228881836,22.5,1146.239990234375,128.91000366210938,0.006326425826713944
2010-10-04,1315.4000244140625,78.44999694824219,2.4790000915527344,23.530000686645508,1137.030029296875,128.4600067138672,-0.0005319788625364197
2010-10-05,1338.9000244140625,77.75,2.4739999771118164,21.760000228881836,1160.75,130.99000549316406,0.017707579110320282
2010-10-06,1346.4000244140625,77.38999938964844,2.3989999294281006,21.489999771118164,1159.969970703125,131.80999755859375,0.005585982471688844
2010-10-07,1333.9000244140625,77.38999938964844,2.3959999084472656,21.559999465942383,1158.06005859375,130.3699951171875,-0.009327381559674386
2010-10-08,1344.199951171875,77.31999969482422,2.38100004196167,20.709999084472656,1165.1500244140625,131.66000366210938,0.007692003761054167
2010-10-11,1353.300048828125,77.44000244140625,2.38100004196167,18.959999084472656,1165.3199462890625,132.2899932861328,0.006747085952422793
2010-10-12,1345.699951171875,77.36000061035156,2.421999931335449,18.93000030517578,1169.77001953125,131.9600067138672,-0.005631802700302835
2010-10-13,1369.5,77.06999969482422,2.430999994277954,19.06999969482422,1178.0999755859375,134.07000732421875,0.017531422240192107
2010-10-14,1376.699951171875,76.6500015258789,2.494999885559082,19.8799991607666,1173.81005859375,134.75,0.005243585898250913
2010-10-15,1371.0999755859375,77.04000091552734,2.5759999752044678,19.030000686645508,1176.18994140625,133.67999267578125,-0.004075976044960683
2010-10-18,1371.199951171875,76.93000030517578,2.490999937057495,19.09000015258789,1184.7099609375,134.27999877929688,7.291367731543374e-05
2010-10-19,1335.0999755859375,78.18000030517578,2.4749999046325684,20.6299991607666,1165.9000244140625,130.11000061035156,-0.02668005612400659
2010-10-20,1343.300048828125,77.16999816894531,2.4700000286102295,19.790000915527344,1178.1700439453125,131.32000732421875,0.006123132308617052
2010-10-21,1324.699951171875,77.41999816894531,2.5309998989105225,19.270000457763672,1180.260009765625,129.47000122070312,-0.013943327587893961
2010-10-22,1324.4000244140625,77.47000122070312,2.562999963760376,18.780000686645508,1183.0799560546875,129.72999572753906,-0.00022643672330868725
2010-10-25,1338.300048828125,77.0999984741211,2.553999900817871,19.850000381469727,1185.6199951171875,130.85000610351562,0.010440643180368525
2010-10-26,1338.0,77.70999908447266,2.635999917984009,20.219999313354492,1185.6400146484375,130.8800048828125,-0.00022422659934129285
2010-10-27,1322.199951171875,78.1500015258789,2.7119998931884766,20.709999084472656,1182.449951171875,129.52000427246094,-0.011878982718150688
2010-10-28,1342.0999755859375,77.30999755859375,2.6610000133514404,20.8799991607666,1183.780029296875,131.24000549316406,0.014938554242795554
2010-10-29,1357.0999755859375,77.2699966430664,2.611999988555908,21.200000762939453,1183.260009765625,132.6199951171875,0.011114518884629554
2010-11-01,1350.199951171875,77.30000305175781,2.628000020980835,21.829999923706055,1184.3800048828125,131.9199981689453,-0.005097358653301853
2010-11-02,1356.4000244140625,76.72000122070312,2.5940001010894775,21.56999969482422,1193.5699462890625,132.49000549316406,0.004581455806499157
2010-11-03,1337.0999755859375,76.4800033569336,2.61899995803833,19.559999465942383,1197.9599609375,131.57000732421875,-0.014331077888990684
2010-11-04,1382.699951171875,75.87999725341797,2.4839999675750732,18.520000457763672,1221.06005859375,136.02999877929688,0.03353500271930976
2010-11-05,1397.300048828125,76.55000305175781,2.5360000133514404,18.260000228881836,1225.8499755859375,136.3800048828125,0.010503763950063139
2010-11-08,1402.800048828125,77.02999877929688,2.562999963760376,18.290000915527344,1223.25,137.77999877929688,0.003928436042611949
2010-11-09,1409.800048828125,77.44000244140625,2.6589999198913574,19.079999923706055,1213.4000244140625,135.58999633789062,0.004977610900923857
2010-11-10,1399.0999755859375,77.62999725341797,2.6480000019073486,18.469999313354492,1218.7099609375,137.24000549316406,-0.007618729685156644
2010-11-11,1403.0999755859375,78.22000122070312,2.6480000019073486,18.639999389648438,1213.5400390625,137.66000366210938,0.0028549017104566587
2010-11-12,1365.4000244140625,78.08000183105469,2.75600004196167,20.610000610351562,1199.2099609375,133.69000244140625,-0.027236613135163346
2010-11-15,1368.4000244140625,78.5199966430664,2.9110000133514404,20.200000762939453,1197.75,132.4199981689453,0.0021947480800701413
2010-11-16,1338.300048828125,79.20999908447266,2.8469998836517334,22.579999923706055,1178.3399658203125,130.97000122070312,-0.02224200365725526
2010-11-17,1336.800048828125,79.08000183105469,2.864000082015991,21.760000228881836,1178.5899658203125,130.3800048828125,-0.0011214534802057585
2010-11-18,1352.9000244140625,78.62000274658203,2.9019999504089355,18.75,1196.68994140625,132.08999633789062,0.011971719847731599
2010-11-19,1352.199951171875,78.5,2.875,18.040000915527344,1199.72998046875,132.1999969482422,-0.000517595108599167
2010-11-22,1357.699951171875,78.68000030517578,2.812999963760376,18.3700008392334,1197.8399658203125,133.47999572753906,0.004059196095939299
2010-11-23,1377.5,79.68000030517578,2.76200008392334,20.6299991607666,1180.72998046875,134.41000366210938,0.01447820638468933
2010-11-24,1372.9000244140625,79.87000274658203,2.9140000343322754,19.559999465942383,1198.3499755859375,134.17999267578125,-0.003344953340669754
2010-11-26,1362.300048828125,80.36000061035156,2.864000082015991,22.219999313354492,1189.4000244140625,133.11000061035156,-0.00775082507196867
2010-11-29,1366.0,80.83999633789062,2.822000026702881,21.530000686645508,1187.760009765625,133.50999450683594,0.0027122775163039847
2010-11-30,1385.0,81.19999694824219,2.796999931335449,23.540000915527344,1180.550048828125,135.4199981689453,0.01381337849070352
2010-12-01,1387.300048828125,80.70999908447266,2.9639999866485596,21.360000610351562,1206.0699462890625,135.3800048828125,0.0016593076617548164
2010-12-02,1388.5,80.30000305175781,3.0,19.389999389648438,1221.530029296875,135.1999969482422,0.000864580463660225
2010-12-03,1405.4000244140625,79.37999725341797,3.0169999599456787,18.010000228881836,1224.7099609375,138.07000732421875,0.0120979493828548
2010-12-06,1415.300048828125,79.56999969482422,2.940999984741211,18.020000457763672,1223.1199951171875,139.11000061035156,0.007019580110277701
2010-12-07,1408.300048828125,79.86000061035156,3.1649999618530273,17.989999771118164,1223.75,136.5,-0.004958219364303851
2010-12-08,1382.5,80.0,3.2360000610351562,17.739999771118164,1228.280029296875,134.7899932861328,-0.01848988347919267
2010-12-09,1392.0999755859375,80.06999969482422,3.2230000495910645,17.25,1233.0,135.3699951171875,0.006919926460453141
2010-12-10,1384.300048828125,80.06999969482422,3.2960000038146973,17.610000610351562,1240.4000244140625,135.41000366210938,-0.005618748890463543
2010-12-13,1397.300048828125,79.27999877929688,3.2829999923706055,17.549999237060547,1240.4599609375,136.0500030517578,0.009347206064547642
2010-12-14,1403.5999755859375,79.37000274658203,3.4549999237060547,17.610000610351562,1241.5899658203125,136.17999267578125,0.004498509284143637
2010-12-15,1385.5,80.26000213623047,3.5199999809265137,17.940000534057617,1235.22998046875,134.6999969482422,-0.012979262012137838
2010-12-16,1370.4000244140625,80.18000030517578,3.4769999980926514,17.389999389648438,1242.8699951171875,133.80999755859375,-0.010958399477841496
2010-12-17,1378.5999755859375,80.37000274658203,3.3299999237060547,16.110000610351562,1243.9100341796875,134.1999969482422,0.005965787917044274
2010-12-20,1385.5,80.62999725341797,3.3489999771118164,16.40999984741211,1247.0799560546875,135.11000061035156,0.004992611560797222
2010-12-21,1388.199951171875,80.72000122070312,3.3259999752044678,16.489999771118164,1254.5999755859375,135.32000732421875,0.0019468234287538522
2010-12-22,1386.800048828125,80.7300033569336,3.3459999561309814,15.449999809265137,1258.8399658203125,135.0500030517578,-0.0010089387117142579
2010-12-23,1380.0,80.5,3.3929998874664307,16.469999313354492,1256.77001953125,134.66000366210938,-0.004915470868822602
2010-12-27,1382.4000244140625,80.37000274658203,3.3510000705718994,17.670000076293945,1257.5400390625,135.02000427246094,0.0017376375591764415
2010-12-28,1405.199951171875,80.36000061035156,3.4809999465942383,17.520000457763672,1258.510009765625,137.22000122070312,0.016358469933077657
2010-12-29,1413.0999755859375,79.80000305175781,3.3410000801086426,17.280000686645508,1259.780029296875,137.7100067138672,0.005606248668242664
2010-12-30,1405.5999755859375,79.5199966430664,3.36899995803833,17.520000457763672,1257.8800048828125,137.02999877929688,-0.0053216148079986425
2010-12-31,1421.0999755859375,79.02999877929688,3.305000066757202,17.75,1257.6400146484375,138.72000122070312,0.01096696191437374
2011-01-03,1422.5999755859375,79.12999725341797,3.3420000076293945,17.610000610351562,1271.8699951171875,138.0,0.0010549637197136974
2011-01-04,1378.5,79.44000244140625,3.3459999561309814,17.3799991607666,1270.199951171875,134.75,-0.03149021467398416
2011-01-05,1373.4000244140625,80.26000213623047,3.4830000400543213,17.020000457763672,1276.56005859375,134.3699951171875,-0.0037065165009089185
2011-01-06,1371.4000244140625,80.79000091552734,3.4189999103546143,17.399999618530273,1273.8499755859375,133.8300018310547,-0.001457301310387571
2011-01-07,1368.5,81.01000213623047,3.328000068664551,17.139999389648438,1271.5,133.5800018310547,-0.0021168841718210984
2011-01-10,1373.699951171875,80.87999725341797,3.303999900817871,17.540000915527344,1269.75,134.1199951171875,0.003792544305454726
2011-01-11,1384.0,80.8499984741211,3.3410000801086426,16.889999389648438,1274.47998046875,134.91000366210938,0.007470063391425974
2011-01-12,1385.699951171875,80.02999877929688,3.3550000190734863,16.239999771118164,1285.9599609375,135.4600067138672,0.0012275346898995565
2011-01-13,1386.9000244140625,79.19000244140625,3.3010001182556152,16.389999389648438,1283.760009765625,134.0500030517578,0.0008656663981083668
2011-01-14,1360.4000244140625,79.16000366210938,3.3329999446868896,15.460000038146973,1293.239990234375,132.69000244140625,-0.019292266186344165
2011-01-18,1368.0999755859375,78.95999908447266,3.364000082015991,15.869999885559082,1295.02001953125,133.42999267578125,0.00564410600155707
2011-01-19,1370.199951171875,78.63999938964844,3.3369998931884766,17.309999465942383,1281.9200439453125,133.72000122070312,0.0015337808521973528
2011-01-20,1346.5,78.81999969482422,3.4590001106262207,17.989999771118164,1280.260009765625,131.1999969482422,-0.017448045681379476
2011-01-21,1341.0,78.20999908447266,3.4159998893737793,18.469999313354492,1283.3499755859375,131.02999877929688,-0.004093028969974988
2011-01-24,1344.5,78.05000305175781,3.4079999923706055,17.649999618530273,1290.8399658203125,130.36000061035156,0.002606592427240706
2011-01-25,1332.300048828125,78.0,3.319000005722046,17.59000015258789,1291.1800537109375,130.10000610351562,-0.009115388093256627
2011-01-26,1333.0,77.9000015258789,3.427999973297119,16.639999389648438,1296.6300048828125,131.16000366210938,0.000525232563046707
2011-01-27,1318.4000244140625,77.7300033569336,3.384999990463257,16.149999618530273,1299.5400390625,127.93000030517578,-0.011013142505554185
2011-01-28,1340.699951171875,78.12999725341797,3.3289999961853027,20.040000915527344,1276.3399658203125,130.27999877929688,0.01677293051448636
2011-01-31,1333.800048828125,77.73999786376953,3.378000020980835,19.530000686645508,1286.1199951171875,129.8699951171875,-0.005159781381155248
2011-02-01,1339.5999755859375,77.06999969482422,3.443000078201294,17.6299991607666,1307.5899658203125,130.8000030517578,0.00433899588867348
2011-02-02,1331.5,77.16000366210938,3.489000082015991,17.299999237060547,1304.030029296875,130.4499969482422,-0.006064917441172213
2011-02-03,1352.300048828125,77.75,3.5409998893737793,16.690000534057617,1307.0999755859375,132.1999969482422,0.015500756332791354
2011-02-04,1348.300048828125,78.04000091552734,3.6519999504089355,15.930000305175781,1310.8699951171875,131.66000366210938,-0.002962306732165132
2011-02-07,1347.5999755859375,78.02999877929688,3.6440000534057617,16.280000686645508,1319.050048828125,131.67999267578125,-0.0005193614389140677
2011-02-08,1363.4000244140625,78.0,3.7249999046325684,15.8100004196167,1324.5699462890625,133.13999938964844,0.011656383419734517
2011-02-09,1364.800048828125,77.63999938964844,3.6419999599456787,15.869999885559082,1320.8800048828125,133.07000732421875,0.0010263356787421074
2011-02-10,1361.9000244140625,78.25,3.7079999446868896,16.09000015258789,1321.8699951171875,132.85000610351562,-0.0021271320127924653
2011-02-11,1359.9000244140625,78.45999908447266,3.6459999084472656,15.6899995803833,1329.1500244140625,132.32000732421875,-0.0014696159336340386
2011-02-14,1364.5999755859375,78.61000061035156,3.614000082015991,15.949999809265137,1332.3199462890625,132.9499969482422,0.0034501419225705376
2011-02-15,1373.5999755859375,78.56999969482422,3.615999937057495,16.3700008392334,1328.010009765625,133.97000122070312,0.006573685319167133
2011-02-16,1374.699951171875,78.22000122070312,3.621000051498413,16.719999313354492,1336.3199462890625,134.10000610351562,0.000800477148772849
2011-02-17,1384.699951171875,78.0,3.5739998817443848,16.59000015258789,1340.4300537109375,135.0399932861328,0.007247984439805677
2011-02-18,1388.199951171875,77.66000366210938,3.5889999866485596,16.43000030517578,1343.010009765625,135.41000366210938,0.0025244343337211816
2011-02-22,1400.5,77.7699966430664,3.4609999656677246,20.799999237060547,1315.43994140625,136.2899932861328,0.008821406968376522
2011-02-23,1413.4000244140625,77.41000366210938,3.486999988555908,22.1299991607666,1307.4000244140625,137.50999450683594,0.009168850829876618
2011-02-24,1415.300048828125,77.05999755859375,3.437999963760376,21.31999969482422,1306.0999755859375,136.47999572753906,0.0013433907099464903
2011-02-25,1408.699951171875,77.27999877929688,3.424999952316284,19.219999313354492,1319.8800048828125,137.3800048828125,-0.00467429863555946
2011-02-28,1409.300048828125,76.88999938964844,3.4140000343322754,18.350000381469727,1327.219970703125,137.66000366210938,0.0004259032401146001
2011-03-01,1430.699951171875,77.05000305175781,3.4140000343322754,21.010000228881836,1306.3299560546875,140.02999877929688,0.015070638998910368
2011-03-02,1437.199951171875,76.66999816894531,3.4639999866485596,20.700000762939453,1308.43994140625,139.9199981689453,0.004532941421429015
2011-03-03,1416.0,76.4800033569336,3.572000026702881,18.600000381469727,1330.969970703125,138.08999633789062,-0.014860747011216091
2011-03-04,1428.199951171875,76.4000015258789,3.492000102996826,19.059999465942383,1321.1500244140625,139.35000610351562,0.008578880672767575
2011-03-07,1434.0999755859375,76.5,3.496999979019165,20.65999984741211,1310.1300048828125,139.72000122070312,0.004122581784772983
2011-03-08,1426.9000244140625,76.80000305175781,3.5439999103546143,19.81999969482422,1321.8199462890625,139.36000061035156,-0.005033181664813924
2011-03-09,1429.300048828125,76.72000122070312,3.4690001010894775,20.219999313354492,1320.02001953125,139.41000366210938,0.0016805720309420735
2011-03-10,1412.199951171875,77.27999877929688,3.3929998874664307,21.8799991607666,1295.1099853515625,137.77000427246094,-0.012036110571015612
2011-03-11,1421.5,76.77999877929688,3.3929998874664307,20.079999923706055,1304.280029296875,138.22000122070312,0.0065639145847367075
2011-03-14,1424.5999755859375,76.3499984741211,3.3469998836517334,21.1299991607666,1296.3900146484375,138.86000061035156,0.002178403315712174
2011-03-15,1392.5999755859375,76.33000183105469,3.322999954223633,24.31999969482422,1281.8699951171875,136.27000427246094,-0.022718569429602375
2011-03-16,1396.0,76.68000030517578,3.2119998931884766,29.399999618530273,1256.8800048828125,136.24000549316406,0.0024385183451531844
2011-03-17,1404.0,76.04000091552734,3.247999906539917,26.3700008392334,1273.719970703125,136.97000122070312,0.005714301263438415
2011-03-18,1415.9000244140625,75.72000122070312,3.2769999504089355,24.440000534057617,1279.2099609375,138.3699951171875,0.008440082947956284
2011-03-21,1426.199951171875,75.4000015258789,3.322999954223633,20.610000610351562,1298.3800048828125,139.13999938964844,0.007248141823970045
2011-03-22,1427.5,75.43000030517578,3.3320000171661377,20.209999084472656,1293.77001953125,139.0500030517578,0.0009111321724830646
2011-03-23,1437.9000244140625,75.79000091552734,3.3480000495910645,19.170000076293945,1297.5400390625,140.33999633789062,0.0072590702825001685
2011-03-24,1434.800048828125,75.66000366210938,3.4040000438690186,18.0,1309.6600341796875,139.22000122070312,-0.0021582321232278545
2011-03-25,1426.0999755859375,76.22000122070312,3.444000005722046,17.90999984741211,1313.800048828125,139.25999450683594,-0.006082072066177169
2011-03-28,1419.800048828125,76.12999725341797,3.447999954223633,19.440000534057617,1310.18994140625,138.5399932861328,-0.004427377627128415
2011-03-29,1416.0,76.25,3.490999937057495,18.15999984741211,1319.43994140625,138.2100067138672,-0.0026800557424673244
2011-03-30,1423.800048828125,76.12000274658203,3.4549999237060547,17.709999084472656,1328.260009765625,138.6699981689453,0.005493392710337552
2011-03-31,1438.9000244140625,75.86000061035156,3.4539999961853027,17.739999771118164,1325.8299560546875,139.86000061035156,0.010549561772540628
2011-04-01,1428.0999755859375,75.83000183105469,3.4509999752044678,17.399999618530273,1332.4100341796875,139.1999969482422,-0.007534077373141379
2011-04-04,1432.199951171875,75.91000366210938,3.430999994277954,17.5,1332.8699951171875,139.83999633789062,0.0028668171163461764
2011-04-05,1451.800048828125,75.87999725341797,3.486999988555908,17.25,1332.6300048828125,142.0500030517578,0.013592510003809899
2011-04-06,1457.699951171875,75.51000213623047,3.5450000762939453,16.899999618530273,1335.5400390625,142.3800048828125,0.004055618099718217
2011-04-07,1458.5,75.58999633789062,3.555000066757202,17.110000610351562,1333.510009765625,142.50999450683594,0.0005486927245001993
2011-04-08,1473.4000244140625,75.06999969482422,3.569999933242798,17.8700008392334,1328.1700439453125,143.66000366210938,0.01016416151081767
2011-04-11,1467.4000244140625,75.05999755859375,3.569999933242798,16.59000015258789,1324.4599609375,142.63999938964844,-0.004080527901066944
2011-04-12,1452.9000244140625,74.8499984741211,3.5,17.09000015258789,1314.1600341796875,141.61000061035156,-0.00993056803655712
2011-04-13,1454.9000244140625,74.9800033569336,3.4660000801086426,16.920000076293945,1314.4100341796875,141.89999389648438,0.0013756106209505958
2011-04-14,1471.699951171875,74.68000030517578,3.484999895095825,16.270000457763672,1314.52001953125,143.80999755859375,0.011480975490103518
2011-04-15,1485.300048828125,74.83000183105469,3.4100000858306885,15.319999694824219,1319.6800537109375,145.0500030517578,0.009198642917713329
2011-04-18,1492.300048828125,75.5,3.371000051498413,16.959999084472656,1305.1400146484375,145.92999267578125,0.004701781747730394
2011-04-19,1494.5,75.02999877929688,3.3559999465942383,15.829999923706055,1312.6199951171875,145.92999267578125,0.0014731160665251153
2011-04-20,1498.300048828125,74.37000274658203,3.4000000953674316,15.069999694824219,1330.3599853515625,146.5,0.002539461914122576
2011-04-21,1503.199951171875,74.0,3.4000000953674316,14.6899995803833,1337.3800048828125,146.74000549316406,0.0032649719783526265
2011-04-25,1508.5999755859375,73.98999786376953,3.36299991607666,15.770000457763672,1335.25,146.8699951171875,0.0035859156198050357
2011-04-26,1503.0,73.83999633789062,3.319999933242798,15.619999885559082,1347.239990234375,146.3800048828125,-0.0037189414832985435
2011-04-27,1516.699951171875,73.5199966430664,3.368000030517578,15.350000381469727,1355.6600341796875,149.1999969482422,0.009073779110715385
2011-04-28,1530.800048828125,73.12000274658203,3.312000036239624,14.619999885559082,1360.47998046875,149.82000732421875,0.009253616584985913
2011-04-29,1556.0,72.93000030517578,3.2960000038146973,14.75,1363.6099853515625,152.3699951171875,0.01632791928966082
2011-05-02,1556.699951171875,72.94999694824219,3.2860000133514404,15.989999771118164,1361.219970703125,150.41000366210938,0.00044973893703392775
2011-05-03,1540.0999755859375,73.13999938964844,3.255000114440918,16.700000762939453,1356.6199951171875,149.8800048828125,-0.010720831163208544
2011-05-04,1514.9000244140625,73.02999877929688,3.2230000495910645,17.079999923706055,1347.3199462890625,147.72999572753906,-0.016497887231928132
2011-05-05,1480.9000244140625,74.19000244140625,3.1679999828338623,18.200000762939453,1335.0999755859375,143.47000122070312,-0.022699418750813827
2011-05-06,1491.199951171875,74.83999633789062,3.1570000648498535,18.399999618530273,1340.199951171875,145.3000030517578,0.006931104657723175
2011-05-09,1502.9000244140625,74.73999786376953,3.1419999599456787,17.15999984741211,1346.2900390625,147.3800048828125,0.007815458997540325
2011-05-10,1516.5999755859375,74.61000061035156,3.194999933242798,15.90999984741211,1357.1600341796875,147.89999389648438,0.009074379984260084
2011-05-11,1501.0999755859375,75.33000183105469,3.1570000648498535,16.950000762939453,1342.0799560546875,146.5399932861328,-0.010272814766928207
2011-05-12,1506.5999755859375,75.23999786376953,3.2300000190734863,16.030000686645508,1348.6500244140625,146.58999633789062,0.0036572837848378725
2011-05-13,1493.4000244140625,75.76000213623047,3.187000036239624,17.06999969482422,1337.77001953125,145.6300048828125,-0.008800024237279658
2011-05-16,1490.4000244140625,75.47000122070312,3.1489999294281006,18.239999771118164,1329.469970703125,145.3699951171875,-0.0020108592813157244
2011-05-17,1479.800048828125,75.4000015258789,3.121000051498413,17.549999237060547,1328.97998046875,144.74000549316406,-0.00713758018037236
2011-05-18,1495.5999755859375,75.47000122070312,3.1710000038146973,16.229999542236328,1340.6800537109375,145.60000610351562,0.010620471291147737
2011-05-19,1492.199951171875,75.12000274658203,3.1710000038146973,15.520000457763672,1343.5999755859375,145.64999389648438,-0.002275939463858734
2011-05-20,1508.800048828125,75.43000030517578,3.1519999504089355,17.43000030517578,1333.27001953125,147.49000549316406,0.011063156926242712
2011-05-23,1515.300048828125,76.0999984741211,3.134000062942505,18.270000457763672,1317.3699951171875,147.8300018310547,0.0042988061241029385
2011-05-24,1523.199951171875,75.87999725341797,3.122999906539917,17.81999969482422,1316.280029296875,148.58999633789062,0.005199881615300939
2011-05-25,1526.5999755859375,75.93000030517578,3.128999948501587,17.06999969482422,1320.469970703125,148.5800018310547,0.0022296713911060806
2011-05-26,1522.800048828125,75.55000305175781,3.061000108718872,16.09000015258789,1325.68994140625,148.22000122070312,-0.002492246798885489
2011-05-27,1536.300048828125,74.94999694824219,3.063999891281128,15.979999542236328,1331.0999755859375,149.6999969482422,0.00882618234650856
2011-05-31,1535.9000244140625,74.63999938964844,3.049999952316284,15.449999809265137,1345.199951171875,149.63999938964844,-0.0002604156023613413
2011-06-01,1542.4000244140625,74.68000030517578,2.9660000801086426,18.299999237060547,1314.550048828125,149.91000366210938,0.004223116367711555
2011-06-02,1532.0,74.33000183105469,3.0299999713897705,18.09000015258789,1312.93994140625,149.5,-0.006765589384364112
2011-06-03,1541.699951171875,73.77999877929688,2.996999979019165,17.950000762939453,1300.1600341796875,150.22000122070312,0.006311600694144381
2011-06-06,1546.5,73.94999694824219,3.002000093460083,18.489999771118164,1286.1700439453125,150.47999572753906,0.0031086411304430683
2011-06-07,1543.300048828125,73.5199966430664,3.010999917984009,18.06999969482422,1284.93994140625,150.4199981689453,-0.002071300579561175
2011-06-08,1538.0999755859375,73.93000030517578,2.9619998931884766,18.790000915527344,1279.56005859375,149.80999755859375,-0.0033751399606689603
2011-06-09,1542.0999755859375,74.19000244140625,2.997999906539917,17.770000457763672,1289.0,150.55999755859375,0.0025972354470180647
2011-06-10,1528.5999755859375,74.79000091552734,2.9709999561309814,18.860000610351562,1270.97998046875,149.24000549316406,-0.00879284019464599
2011-06-13,1515.0,74.51000213623047,2.990999937057495,19.610000610351562,1271.8299560546875,147.77000427246094,-0.008936828893796545
2011-06-14,1523.800048828125,74.33000183105469,3.0989999771118164,18.260000228881836,1287.8699951171875,148.6699981689453,0.0057918081390964105
2011-06-15,1525.5999755859375,75.5999984741211,2.9730000495910645,21.31999969482422,1265.4200439453125,149.1199951171875,0.0011805122007180202
2011-06-16,1529.300048828125,75.75,2.9089999198913574,22.729999542236328,1267.6400146484375,148.97000122070312,0.0024223869992088254
2011-06-17,1538.5999755859375,74.98999786376953,2.944000005722046,21.850000381469727,1271.5,149.94000244140625,0.00606274987462907
2011-06-20,1541.5,75.02999877929688,2.9630000591278076,19.989999771118164,1278.3599853515625,150.02999877929688,0.001883072169083455
2011-06-21,1546.0,74.54000091552734,2.984999895095825,18.860000610351562,1295.52001953125,150.75999450683594,0.0029149818211617884
2011-06-22,1552.9000244140625,74.77999877929688,2.993000030517578,18.520000457763672,1287.1400146484375,150.99000549316406,0.0044532161493702205
2011-06-23,1520.0999755859375,75.44999694824219,2.9089999198913574,19.290000915527344,1283.5,148.33999633789062,-0.021348060207589725
2011-06-24,1500.5,75.66999816894531,2.871000051498413,21.100000381469727,1268.449951171875,146.25999450683594,-0.012977720208725785
2011-06-27,1496.0,75.38999938964844,2.927000045776367,20.559999465942383,1280.0999755859375,145.72999572753906,-0.0030035063459994404
2011-06-28,1499.699951171875,75.05999755859375,3.0450000762939453,19.170000076293945,1296.6700439453125,146.24000549316406,0.0024701759946168522
2011-06-29,1509.9000244140625,74.69000244140625,3.1080000400543213,17.270000457763672,1307.4100341796875,147.17999267578125,0.006778384090709189
2011-06-30,1502.300048828125,74.30000305175781,3.1579999923706055,16.520000457763672,1320.6400146484375,146.0,-0.0050461400491244035
2011-07-01,1482.300048828125,74.3499984741211,3.197000026702881,15.869999885559082,1339.6700439453125,144.92999267578125,-0.013402331110025756
2011-07-05,1512.300048828125,74.69000244140625,3.135999917984009,16.059999465942383,1337.8800048828125,147.6300048828125,0.020036734583423588
2011-07-06,1528.699951171875,75.12000274658203,3.0950000286102295,16.34000015258789,1339.219970703125,148.91000366210938,0.010785966022019977
2011-07-07,1530.199951171875,74.95999908447266,3.1489999294281006,15.949999809265137,1353.219970703125,149.14999389648438,0.0009807448220735537
2011-07-08,1541.199951171875,75.18000030517578,3.0160000324249268,15.949999809265137,1343.800048828125,150.25,0.007162888181999172
2011-07-11,1548.800048828125,75.98999786376953,2.9170000553131104,18.389999389648438,1319.489990234375,151.58999633789062,0.00491916697862127
2011-07-12,1561.9000244140625,75.80999755859375,2.9079999923706055,19.8700008392334,1313.6400146484375,152.77000427246094,0.008422575445943714
2011-07-13,1585.199951171875,75.20999908447266,2.8910000324249268,19.90999984741211,1317.719970703125,154.13999938964844,0.014807507019098942
2011-07-14,1589.0,75.25,2.944000005722046,20.799999237060547,1308.8699951171875,154.5399932861328,0.0023943360229381483
2011-07-15,1589.800048828125,75.12999725341797,2.9079999923706055,19.530000686645508,1316.1400146484375,155.1999969482422,0.0005033653156711893
2011-07-18,1602.0999755859375,75.4800033569336,2.9089999198913574,20.950000762939453,1305.43994140625,156.57000732421875,0.007707000561492983
2011-07-19,1600.9000244140625,75.22000122070312,2.8910000324249268,19.209999084472656,1326.72998046875,154.66000366210938,-0.0007492670796214185
2011-07-20,1596.699951171875,74.79000091552734,2.933000087738037,19.09000015258789,1325.8399658203125,156.02000427246094,-0.0026270175692548747
2011-07-21,1586.800048828125,74.0199966430664,3.009999990463257,17.559999465942383,1343.800048828125,154.8300018310547,-0.00621952835338746
2011-07-22,1601.300048828125,74.19999694824219,2.9639999866485596,17.520000457763672,1345.02001953125,156.1199951171875,0.009096389409616101
2011-07-25,1612.0,74.05999755859375,3.003999948501587,19.350000381469727,1337.4300537109375,157.33999633789062,0.006659814245340456
2011-07-26,1616.5999755859375,73.47000122070312,2.9509999752044678,20.229999542236328,1331.93994140625,157.77000427246094,0.00284951913106557
2011-07-27,1615.0,74.08999633789062,2.9800000190734863,22.979999542236328,1304.8900146484375,157.19000244140625,-0.0009902065408819993
2011-07-28,1613.4000244140625,74.22000122070312,2.9509999752044678,23.739999771118164,1300.6700439453125,157.32000732421875,-0.0009911880218247404
2011-07-29,1628.300048828125,73.9000015258789,2.805000066757202,25.25,1292.280029296875,158.2899932861328,0.009192787122421997
2011-08-01,1619.0,74.26000213623047,2.740000009536743,23.65999984741211,1286.93994140625,157.72000122070312,-0.005727881079718777
2011-08-02,1641.9000244140625,74.51000213623047,2.624000072479248,24.790000915527344,1254.050048828125,161.52000427246094,0.014045448009743389
2011-08-03,1663.4000244140625,74.04000091552734,2.5989999771118164,23.3799991607666,1260.3399658203125,161.49000549316406,0.013009592424412908
2011-08-04,1656.199951171875,75.12000274658203,2.4579999446868896,31.65999984741211,1200.0699462890625,160.63999938964844,-0.004337922994214871
2011-08-05,1648.800048828125,74.5999984741211,2.558000087738037,32.0,1199.3800048828125,161.75,-0.004478011926987158
2011-08-08,1710.199951171875,74.79000091552734,2.3389999866485596,48.0,1119.4599609375,167.1199951171875,0.03656251398014465
2011-08-09,1740.0,74.61000061035156,2.181999921798706,35.060001373291016,1172.530029296875,168.61000061035156,0.017274819037840672
2011-08-10,1781.300048828125,74.63999938964844,2.13700008392334,42.9900016784668,1120.760009765625,174.5800018310547,0.02345834900137511
2011-08-11,1748.800048828125,74.68000030517578,2.3359999656677246,39.0,1172.6400146484375,170.75,-0.01841359586674507
2011-08-12,1740.199951171875,74.61000061035156,2.236999988555908,36.36000061035156,1178.81005859375,169.97000122070312,-0.004929845270196687
2011-08-15,1755.5,73.83999633789062,2.2850000858306885,31.8700008392334,1204.489990234375,171.8000030517578,0.008753695535478556
2011-08-16,1782.4000244140625,74.01000213623047,2.2139999866485596,32.849998474121094,1192.760009765625,173.9199981689453,0.015207067821775055
2011-08-17,1791.199951171875,73.66999816894531,2.1649999618530273,31.579999923706055,1193.8900146484375,174.4199981689453,0.004924974594275433
2011-08-18,1818.9000244140625,74.23999786376953,2.0829999446868896,42.66999816894531,1140.6500244140625,177.72000122070312,0.01534617714369002
2011-08-19,1848.9000244140625,73.98999786376953,2.071000099182129,43.04999923706055,1123.530029296875,179.9499969482422,0.016358944672721698
2011-08-22,1888.699951171875,74.06999969482422,2.0880000591278076,42.439998626708984,1123.8199462890625,184.58999633789062,0.02129785500808179
2011-08-23,1858.300048828125,73.87000274658203,2.13700008392334,36.27000045776367,1162.3499755859375,177.6699981689453,-0.01622661829373051
2011-08-24,1754.0999755859375,74.01000213623047,2.259999990463257,35.900001525878906,1177.5999755859375,171.64999389648438,-0.05770622662384994
2011-08-25,1759.800048828125,74.27999877929688,2.2219998836517334,39.7599983215332,1159.27001953125,172.36000061035156,0.0032443030264150963
2011-08-26,1794.0999755859375,73.80999755859375,2.187999963760376,35.59000015258789,1176.800048828125,177.47000122070312,0.01930329585950119
2011-08-29,1788.4000244140625,73.72000122070312,2.2709999084472656,32.279998779296875,1210.0799560546875,173.88999938964844,-0.003182110806197791
2011-08-30,1826.699951171875,73.94000244140625,2.1760001182556152,32.88999938964844,1212.9200439453125,179.10000610351562,0.021189654541231562
2011-08-31,1828.5,74.12999725341797,2.2179999351501465,31.6200008392334,1218.8900146484375,177.72000122070312,0.000984925037035289
2011-09-01,1826.0,74.4800033569336,2.1459999084472656,31.81999969482422,1204.4200439453125,177.8699951171875,-0.0013681764345223613
2011-09-02,1873.699951171875,74.75,1.996000051498413,33.91999816894531,1173.969970703125,183.24000549316406,0.02578727738981801
2011-09-06,1869.9000244140625,75.91999816894531,1.9789999723434448,37.0,1165.239990234375,182.89999389648438,-0.0020300930054704125
2011-09-07,1814.199951171875,75.45999908447266,2.0360000133514404,33.380001068115234,1198.6199951171875,177.0800018310547,-0.030240394272828652
2011-09-08,1854.4000244140625,76.23999786376953,1.9859999418258667,34.31999969482422,1185.9000244140625,181.80999755859375,0.021916634484532516
2011-09-09,1856.4000244140625,77.19000244140625,1.9149999618530273,38.52000045776367,1154.22998046875,180.6999969482422,0.001077934767350186
2011-09-12,1809.9000244140625,77.56999969482422,1.9299999475479126,38.59000015258789,1162.27001953125,176.6699981689453,-0.02536753291431193
2011-09-13,1826.800048828125,76.91000366210938,1.99399995803833,36.90999984741211,1172.8699951171875,178.5399932861328,0.009294220435614342
2011-09-14,1823.5,76.83000183105469,2.010999917984009,34.599998474121094,1188.6800537109375,177.2100067138672,-0.0018080977908825346
2011-09-15,1778.5,76.23999786376953,2.0850000381469727,31.969999313354492,1209.1099853515625,174.39999389648438,-0.02498741886022504
2011-09-16,1812.0999755859375,76.58000183105469,2.0759999752044678,30.979999542236328,1216.010009765625,176.02999877929688,0.018716067856801466
2011-09-19,1776.4000244140625,77.38999938964844,1.940000057220459,32.72999954223633,1204.0899658203125,173.30999755859375,-0.019897522083803132
2011-09-20,1806.5999755859375,77.02999877929688,1.9470000267028809,32.86000061035156,1202.0899658203125,175.77999877929688,0.01685775404041756
2011-09-21,1805.5,77.33999633789062,1.875,37.31999969482422,1166.760009765625,173.58999633789062,-0.0006090504844129541
2011-09-22,1739.199951171875,78.37999725341797,1.715000033378601,41.349998474121094,1129.56005859375,169.0500030517578,-0.03741235242561736
2011-09-23,1637.5,78.30000305175781,1.8079999685287476,41.25,1136.4300537109375,159.8000030517578,-0.06025452078248872
2011-09-26,1592.5,78.36000061035156,1.9040000438690186,39.02000045776367,1162.949951171875,157.5800018310547,-0.02786558006308848
2011-09-27,1650.5999755859375,77.51000213623047,2.0160000324249268,37.709999084472656,1175.3800048828125,160.6300048828125,0.03583373492124231
2011-09-28,1616.300048828125,77.8499984741211,2.002000093460083,41.08000183105469,1151.06005859375,156.22000122070312,-0.02099922674198229
2011-09-29,1615.5,77.91999816894531,1.9570000171661377,38.84000015258789,1160.4000244140625,157.6999969482422,-0.0004951103610251195
2011-09-30,1620.4000244140625,78.55000305175781,1.9240000247955322,42.959999084472656,1131.4200439453125,158.05999755859375,0.0030285411306705257
2011-10-03,1656.0,79.44999694824219,1.784999966621399,45.45000076293945,1099.22998046875,160.9600067138672,0.021732008549981252
2011-10-04,1614.699951171875,79.5999984741211,1.781000018119812,40.81999969482422,1123.949951171875,157.63999938964844,-0.025255905297380643
2011-10-05,1640.300048828125,78.91000366210938,1.9049999713897705,37.810001373291016,1144.030029296875,159.4600067138672,0.015730031038416747
2011-10-06,1651.9000244140625,78.52999877929688,1.9859999418258667,36.27000045776367,1164.969970703125,160.49000549316406,0.007046973654236233
2011-10-07,1634.5,78.72000122070312,2.068000078201294,36.20000076293945,1155.4599609375,159.17999267578125,-0.010589208176211784
2011-10-10,1669.5999755859375,77.5999984741211,2.0759999752044678,33.02000045776367,1194.8900146484375,163.27000427246094,0.02124711497602405
2011-10-11,1659.699951171875,77.58000183105469,2.1600000858306885,32.86000061035156,1195.5400390625,162.10000610351562,-0.005947228433466734
2011-10-12,1681.300048828125,76.98999786376953,2.2260000705718994,31.260000228881836,1207.25,163.25999450683594,0.01293049901994614
2011-10-13,1667.300048828125,76.98999786376953,2.1689999103546143,30.700000762939453,1203.6600341796875,162.3000030517578,-0.008361751874609524
2011-10-14,1681.800048828125,76.62000274658203,2.2320001125335693,28.239999771118164,1224.5799560546875,163.39999389648438,0.008659096579890502
2011-10-17,1675.5,77.13999938964844,2.1549999713897705,33.38999938964844,1200.8599853515625,162.6199951171875,-0.0037530492546844485
2011-10-18,1651.699951171875,77.12999725341797,2.1510000228881836,31.559999465942383,1225.3800048828125,161.83999633789062,-0.014306597212666361
2011-10-19,1646.0,77.11000061035156,2.1589999198913574,34.439998626708984,1209.8800048828125,159.8699951171875,-0.0034569287276839944
2011-10-20,1611.9000244140625,76.97000122070312,2.180000066757202,34.779998779296875,1215.3900146484375,157.77000427246094,-0.020934479687990226
2011-10-21,1635.0999755859375,76.30000305175781,2.203000068664551,31.31999969482422,1238.25,159.52000427246094,0.014290327060280994
2011-10-24,1651.5,76.0199966430664,2.2339999675750732,29.260000228881836,1254.18994140625,161.02000427246094,0.009980016221538435
2011-10-25,1699.5999755859375,76.25,2.128000020980835,32.220001220703125,1229.050048828125,165.58999633789062,0.028708949045219256
2011-10-26,1722.699951171875,76.19999694824219,2.203000068664551,29.860000610351562,1242.0,167.39999389648438,0.01349988423230819
2011-10-27,1746.699951171875,74.87000274658203,2.3949999809265137,25.459999084472656,1284.5899658203125,169.5500030517578,0.013835466371475036
2011-10-28,1746.199951171875,75.08999633789062,2.305999994277954,24.530000686645508,1285.0899658203125,169.6199951171875,-0.0002862950656439267
2011-10-31,1724.199951171875,76.16999816894531,2.174999952316284,29.959999084472656,1253.300048828125,167.33999633789062,-0.012678823957672058
2011-11-01,1711.0,77.26000213623047,2.000999927520752,34.77000045776367,1218.280029296875,167.3800048828125,-0.007685151564337467
2011-11-02,1728.699951171875,77.01000213623047,2.00600004196167,32.7400016784668,1237.9000244140625,169.05999755859375,0.010291657790972408
2011-11-03,1764.199951171875,76.66999816894531,2.065999984741211,30.5,1261.1500244140625,171.72000122070312,0.02032764946429566
2011-11-04,1755.300048828125,76.91000366210938,2.049999952316284,30.15999984741211,1253.22998046875,170.85000610351562,-0.005057491867623831
2011-11-07,1790.300048828125,76.95999908447266,1.99399995803833,29.850000381469727,1261.1199951171875,174.97999572753906,0.019743420551100677
2011-11-08,1798.4000244140625,76.66999816894531,2.065000057220459,27.479999542236328,1275.9200439453125,173.52999877929688,0.0045141634438685685
2011-11-09,1790.9000244140625,77.93000030517578,1.9550000429153442,36.15999984741211,1229.0999755859375,172.07000732421875,-0.004179093869826289
2011-11-10,1758.9000244140625,77.63999938964844,2.055999994277954,32.810001373291016,1239.699951171875,171.13999938964844,-0.018029672886400228
2011-11-11,1787.5,76.94000244140625,2.055999994277954,30.040000915527344,1263.8499755859375,173.9600067138672,0.016129368049582204
2011-11-14,1777.800048828125,77.55999755859375,2.0429999828338623,31.1299991607666,1251.780029296875,173.1999969482422,-0.005441323295111822
2011-11-15,1781.699951171875,77.87999725341797,2.056999921798706,31.219999313354492,1257.81005859375,173.36000061035156,0.002191265011515675
2011-11-16,1773.800048828125,78.16000366210938,2.0239999294281006,33.5099983215332,1236.9100341796875,171.50999450683594,-0.0044437718148016
2011-11-17,1719.800048828125,78.29000091552734,1.9579999446868896,34.5099983215332,1216.1300048828125,167.10000610351562,-0.030916132101222793
2011-11-18,1724.699951171875,78.0199966430664,2.01200008392334,32.0,1215.6500244140625,167.6199951171875,0.002845060617729267
2011-11-21,1678.300048828125,78.30000305175781,1.9620000123977661,32.90999984741211,1192.97998046875,163.5,-0.02727168857833817
2011-11-22,1702.199951171875,78.2300033569336,1.9390000104904175,31.969999313354492,1188.0400390625,165.30999755859375,0.014140097949622898
2011-11-23,1695.699951171875,79.0,1.878999948501587,33.97999954223633,1161.7900390625,164.8300018310547,-0.0038258972397358093
2011-11-25,1685.5,79.61000061035156,1.9670000076293945,34.470001220703125,1158.6700439453125,163.39999389648438,-0.006033350443704677
2011-11-28,1710.800048828125,79.29000091552734,1.9579999446868896,32.130001068115234,1192.550048828125,166.6300048828125,0.014898870219743898
2011-11-29,1713.4000244140625,79.0,1.996000051498413,30.639999389648438,1195.18994140625,166.8800048828125,0.0015185888849824636
2011-11-30,1745.5,78.38999938964844,2.068000078201294,27.799999237060547,1246.9599609375,170.1300048828125,0.018561332766248384
2011-12-01,1735.300048828125,78.31999969482422,2.117000102996826,27.40999984741211,1244.5799560546875,169.6300048828125,-0.0058607103104861835
2011-12-02,1747.0,78.62999725341797,2.0420000553131104,27.520000457763672,1244.280029296875,169.82000732421875,0.006719693899452039
2011-12-05,1730.699951171875,78.61000061035156,2.053999900817871,27.84000015258789,1257.0799560546875,167.32000732421875,-0.009374108416037252
2011-12-06,1727.9000244140625,78.51000213623047,2.0929999351501465,28.1299991607666,1258.469970703125,168.17999267578125,-0.0016191102696172521
2011-12-07,1740.9000244140625,78.4800033569336,2.0169999599456787,28.670000076293945,1261.010009765625,169.39999389648438,0.007495422440086941
2011-12-08,1709.800048828125,78.80999755859375,1.972000002861023,30.59000015258789,1234.3499755859375,165.97999572753906,-0.01802580173855617
2011-12-09,1712.800048828125,78.62999725341797,2.052000045776367,26.3799991607666,1255.18994140625,166.39999389648438,0.001753053633319901
2011-12-12,1664.199951171875,79.56999969482422,2.009000062942505,25.670000076293945,1236.469970703125,161.99000549316406,-0.02878498865722179
2011-12-13,1659.9000244140625,80.25,1.9620000123977661,25.40999984741211,1225.72998046875,158.4499969482422,-0.0025871238457044754
2011-12-14,1584.300048828125,80.52999877929688,1.9010000228881836,26.040000915527344,1211.8199462890625,152.88999938964844,-0.046614674079330065
2011-12-15,1574.5999755859375,80.23999786376953,1.9129999876022339,25.110000610351562,1215.75,152.3300018310547,-0.006141443955558934
2011-12-16,1595.5999755859375,80.25,1.8539999723434448,24.290000915527344,1219.6600341796875,155.22999572753906,0.013248569484948014
2011-12-19,1594.4000244140625,80.25,1.812999963760376,24.920000076293945,1205.3499755859375,154.8699951171875,-0.0007523205194175375
2011-12-20,1615.5999755859375,79.87999725341797,1.9249999523162842,23.219999313354492,1241.300048828125,156.97999572753906,0.013208884366838092
2011-12-21,1611.9000244140625,80.0199966430664,1.9670000076293945,21.43000030517578,1243.719970703125,157.16000366210938,-0.0022927670287806734
2011-12-22,1608.9000244140625,79.91999816894531,1.9509999752044678,21.15999984741211,1254.0,156.0399932861328,-0.0018628917176544135
2011-12-23,1604.699951171875,80.01000213623047,2.0299999713897705,20.729999542236328,1265.3299560546875,156.30999755859375,-0.0026139380542522517
2011-12-27,1594.199951171875,79.79000091552734,2.009000062942505,21.90999984741211,1265.4300537109375,154.91000366210938,-0.006564780411903115
2011-12-28,1562.9000244140625,80.48999786376953,1.9079999923706055,23.520000457763672,1249.6400146484375,151.02999877929688,-0.01982892689606608
2011-12-29,1539.9000244140625,80.4800033569336,1.8969999551773071,22.649999618530273,1263.02001953125,150.33999633789062,-0.014825590380465492
2011-12-30,1565.800048828125,80.16999816894531,1.871000051498413,23.399999618530273,1257.5999755859375,151.99000549316406,0.01667941156926922
2012-01-03,1599.699951171875,79.61000061035156,1.9600000381469727,22.969999313354492,1277.06005859375,155.9199981689453,0.021419174466295487
2012-01-04,1611.9000244140625,80.08999633789062,1.9950000047683716,22.219999313354492,1277.300048828125,156.7100067138672,0.007597541424776644
2012-01-05,1619.4000244140625,80.94000244140625,1.9930000305175781,21.479999542236328,1281.06005859375,157.77999877929688,0.004642102778981361
2012-01-06,1616.0999755859375,81.23999786376953,1.9609999656677246,20.6299991607666,1277.81005859375,157.1999969482422,-0.00203990108018548
2012-01-09,1607.5,81.05000305175781,1.9600000381469727,21.06999969482422,1280.699951171875,156.5,-0.005335647136046617
2012-01-10,1631.0,80.80000305175781,1.972000002861023,20.690000534057617,1292.0799560546875,158.63999938964844,0.014513146509239405
2012-01-11,1639.199951171875,81.3499984741211,1.9040000438690186,21.049999237060547,1292.47998046875,159.6699981689453,0.005014964515898335
2012-01-12,1647.300048828125,80.7699966430664,1.9329999685287476,20.469999313354492,1295.5,160.3800048828125,0.004929325457331046
2012-01-13,1630.4000244140625,81.43000030517578,1.8530000448226929,20.90999984741211,1289.0899658203125,159.25999450683594,-0.010312215151505377
2012-01-17,1655.199951171875,81.18000030517578,1.850000023841858,22.200000762939453,1293.6700439453125,160.5,0.015096419488761725
2012-01-18,1659.5,80.5999984741211,1.8969999551773071,20.889999389648438,1308.0400390625,161.60000610351562,0.0025945342285300654
2012-01-19,1654.0999755859375,80.20999908447266,1.972000002861023,19.8700008392334,1314.5,161.22000122070312,-0.0032593126715800835
2012-01-20,1663.699951171875,80.22000122070312,2.0280001163482666,18.280000686645508,1315.3800048828125,162.07000732421875,0.005786968828131123
2012-01-23,1678.0,79.69000244140625,2.066999912261963,18.670000076293945,1316.0,163.16000366210938,0.008558599710570824
2012-01-24,1664.199951171875,79.86000061035156,2.063999891281128,18.90999984741211,1314.6500244140625,162.00999450683594,-0.008258109901120747
2012-01-25,1699.800048828125,79.56999969482422,2.006999969482422,18.309999465942383,1326.06005859375,166.4199981689453,0.021166127664300483
2012-01-26,1726.300048828125,79.41000366210938,1.930999994277954,18.56999969482422,1318.4300537109375,167.27000427246094,0.015469792317015063
2012-01-27,1731.800048828125,78.9000015258789,1.8980000019073486,18.530000686645508,1316.3299560546875,168.97000122070312,0.003180940101367824
2012-01-30,1731.0,79.16000366210938,1.8370000123977661,19.399999618530273,1313.010009765625,168.02999877929688,-0.0004620820325049735
2012-01-31,1737.800048828125,79.27999877929688,1.7990000247955322,19.440000534057617,1312.4100341796875,169.30999755859375,0.003920697326562639
2012-02-01,1747.0999755859375,78.91999816894531,1.8459999561309814,18.549999237060547,1324.0899658203125,169.55999755859375,0.0053372830035769425
2012-02-02,1756.800048828125,78.97000122070312,1.8250000476837158,17.979999542236328,1325.5400390625,171.0500030517578,0.005536743602649885
2012-02-03,1737.9000244140625,78.94000244140625,1.9490000009536743,17.100000381469727,1344.9000244140625,167.63999938964844,-0.010816498290285637
2012-02-06,1722.800048828125,79.08999633789062,1.9010000228881836,17.760000228881836,1344.3299560546875,167.17999267578125,-0.008726599296451809
2012-02-07,1746.4000244140625,78.56999969482422,1.965999960899353,17.649999618530273,1347.050048828125,169.6999969482422,0.013605637693124173
2012-02-08,1729.300048828125,78.63999938964844,1.975000023841858,18.15999984741211,1349.9599609375,168.5,-0.009839809647734121
2012-02-09,1739.0,78.55999755859375,2.046999931335449,18.6299991607666,1351.949951171875,168.02000427246094,0.005593504786632231
2012-02-10,1723.300048828125,79.11000061035156,1.968999981880188,20.790000915527344,1342.6400146484375,167.13999938964844,-0.009069149732669146
2012-02-13,1723.0,78.94000244140625,1.9900000095367432,19.040000915527344,1351.77001953125,167.50999450683594,-0.0001741280936844447
2012-02-14,1715.9000244140625,79.58000183105469,1.9240000247955322,19.540000915527344,1350.5,167.1199951171875,-0.004129219008215834
2012-02-15,1726.300048828125,79.66999816894531,1.930999994277954,21.139999389648438,1343.22998046875,168.11000061035156,0.006042679587632271
2012-02-16,1726.800048828125,79.33999633789062,1.9930000305175781,19.219999313354492,1358.0400390625,168.0,0.0002895948506296264
2012-02-17,1724.5,79.33000183105469,2.009999990463257,17.780000686645508,1361.22998046875,167.35000610351562,-0.0013328595810797594
2012-02-21,1757.0999755859375,79.04000091552734,2.0450000762939453,18.190000534057617,1362.2099609375,171.02000427246094,0.018727555492429104
2012-02-22,1770.0,79.20999908447266,2.005000114440918,18.190000534057617,1357.6600341796875,172.94000244140625,0.007314837698549681
2012-02-23,1784.9000244140625,78.80999755859375,1.9839999675750732,16.799999237060547,1363.4599609375,173.02000427246094,0.008382858345699518
2012-02-24,1775.0999755859375,78.3499984741211,1.9769999980926514,17.309999465942383,1365.739990234375,172.22999572753906,-0.005505659316442646
2012-02-27,1773.5999755859375,78.55999755859375,1.9220000505447388,18.190000534057617,1367.5899658203125,171.6999969482422,-0.0008453800602881145
2012-02-28,1787.0,78.2699966430664,1.9290000200271606,17.959999084472656,1372.1800537109375,173.49000549316406,0.00752687062258417
2012-02-29,1709.9000244140625,78.7300033569336,1.9769999980926514,18.43000030517578,1365.6800537109375,164.2899932861328,-0.04410333262681565
2012-03-01,1721.0999755859375,78.77999877929688,2.0369999408721924,17.260000228881836,1374.0899658203125,166.61000061035156,0.006528703558172921
2012-03-02,1708.800048828125,79.4000015258789,1.9859999418258667,17.290000915527344,1369.6300048828125,166.33999633789062,-0.007172208750398035
2012-03-05,1703.0,79.31999969482422,2.005000114440918,18.049999237060547,1364.3299560546875,165.64999389648438,-0.0033999966776985246
2012-03-06,1671.4000244140625,79.86000061035156,1.944000005722046,20.8700008392334,1343.3599853515625,162.6999969482422,-0.01872978848839857
2012-03-07,1683.300048828125,79.70999908447266,1.972000002861023,19.06999969482422,1352.6300048828125,163.6300048828125,0.007094568258127154
2012-03-08,1698.0999755859375,79.16000366210938,2.0139999389648438,17.950000762939453,1365.9100341796875,165.27999877929688,0.008753783142556593
2012-03-09,1710.9000244140625,80.04000091552734,2.0380001068115234,17.110000610351562,1370.8699951171875,166.3800048828125,0.007509597525348077
2012-03-12,1699.199951171875,79.87000274658203,2.0309998989105225,15.640000343322754,1371.0899658203125,165.07000732421875,-0.006862038788651326
2012-03-13,1693.699951171875,80.19000244140625,2.1070001125335693,14.800000190734863,1395.949951171875,162.3000030517578,-0.003242067243859559
2012-03-14,1642.5,80.55999755859375,2.2739999294281006,15.3100004196167,1394.280029296875,159.57000732421875,-0.030695984709045554
2012-03-15,1659.0999755859375,80.1500015258789,2.2809998989105225,15.420000076293945,1402.5999755859375,161.0800018310547,0.010055800575299756
2012-03-16,1655.5,79.77999877929688,2.2980000972747803,14.470000267028809,1404.1700439453125,161.3000030517578,-0.002172193946764267
2012-03-19,1666.9000244140625,79.44999694824219,2.378999948501587,15.039999961853027,1409.75,161.58999633789062,0.006862550608128792
2012-03-20,1646.699951171875,79.58999633789062,2.371999979019165,15.579999923706055,1405.52001953125,160.1300048828125,-0.012192373023584224
2012-03-21,1650.0,79.62999725341797,2.2939999103546143,15.130000114440918,1402.8900146484375,160.2100067138672,0.0020020323227809556
2012-03-22,1642.300048828125,79.73999786376953,2.2750000953674316,15.569999694824219,1392.780029296875,159.57000732421875,-0.0046775598195614165
2012-03-23,1662.300048828125,79.33999633789062,2.236999988555908,14.819999694824219,1397.1099853515625,161.52999877929688,0.01210448684018317
2012-03-26,1685.5,78.93000030517578,2.24399995803833,14.260000228881836,1416.510009765625,164.39999389648438,0.013860040758867598
2012-03-27,1684.800048828125,79.04000091552734,2.187000036239624,15.59000015258789,1412.52001953125,163.24000549316406,-0.0004153643128494977
2012-03-28,1657.9000244140625,79.16000366210938,2.196000099182129,15.470000267028809,1405.5400390625,161.50999450683594,-0.016095135389950777
2012-03-29,1652.199951171875,79.18000030517578,2.1589999198913574,15.479999542236328,1403.280029296875,161.27999877929688,-0.003444052396309516
2012-03-30,1669.300048828125,78.93000030517578,2.2160000801086426,15.5,1408.469970703125,162.1199951171875,0.010296702536995106
2012-04-02,1677.5,78.81999969482422,2.193000078201294,15.640000343322754,1419.0400390625,162.94000244140625,0.004900183733836272
2012-04-03,1670.0,79.4800033569336,2.2839999198913574,15.65999984741211,1413.3800048828125,159.88999938964844,-0.004480963435036678
2012-04-04,1612.300048828125,79.76000213623047,2.243000030517578,16.440000534057617,1398.9599609375,157.2100067138672,-0.035161865156342564
2012-04-05,1628.5,80.06999969482422,2.174999952316284,16.700000762939453,1398.0799560546875,158.30999755859375,0.0099975844618303
2012-04-09,1642.5,79.7300033569336,2.0369999408721924,18.809999465942383,1382.199951171875,159.3699951171875,0.00856012564247699
2012-04-10,1659.5,79.88999938964844,1.9880000352859497,20.389999389648438,1358.5899658203125,161.10000610351562,0.01029688080126423
2012-04-11,1659.0,79.77999877929688,2.0280001163482666,20.020000457763672,1368.7099609375,161.07000732421875,-0.00030134096958533974
2012-04-12,1679.5,79.27999877929688,2.0490000247955322,17.200000762939453,1387.5699462890625,162.6999969482422,0.012281118861903195
2012-04-13,1659.0999755859375,79.87999725341797,1.9980000257492065,19.549999237060547,1370.260009765625,160.85000610351562,-0.01222085811828233
2012-04-16,1648.699951171875,79.55000305175781,1.9739999771118164,19.549999237060547,1369.5699462890625,160.4600067138672,-0.006288202983069091
2012-04-17,1650.300048828125,79.47000122070312,2.009000062942505,18.459999084472656,1390.780029296875,160.25,0.0009700501859493116
2012-04-18,1638.800048828125,79.52999877929688,1.9819999933242798,18.639999389648438,1385.1400146484375,159.30999755859375,-0.006992822669181109
2012-04-19,1640.5999755859375,79.55999755859375,1.9520000219345093,18.360000610351562,1376.9200439453125,159.42999267578125,0.0010977172197064178
2012-04-20,1642.0999755859375,79.18000030517578,1.9700000286102295,17.440000534057617,1378.530029296875,159.5399932861328,0.0009138819427354505
2012-04-23,1631.9000244140625,79.41999816894531,1.9329999685287476,18.969999313354492,1366.93994140625,159.07000732421875,-0.006230900532803396
2012-04-24,1643.0,79.22000122070312,1.9609999656677246,18.100000381469727,1371.969970703125,159.3000030517578,0.0067788439398652756
2012-04-25,1641.4000244140625,79.01000213623047,1.9839999675750732,16.81999969482422,1390.68994140625,159.6199951171875,-0.0009742879677308025
2012-04-26,1659.5999755859375,78.91000366210938,1.9589999914169312,16.239999771118164,1399.97998046875,161.02999877929688,0.011027043678364379
2012-04-27,1664.0,78.69999694824219,1.9329999685287476,16.31999969482422,1403.3599853515625,161.3800048828125,0.002647747633252706
2012-04-30,1663.4000244140625,78.79000091552734,1.9149999618530273,17.149999618530273,1397.9100341796875,161.8800048828125,-0.000360627269362368
2012-05-01,1661.699951171875,78.86000061035156,1.9559999704360962,16.600000381469727,1405.8199462890625,161.32000732421875,-0.0010225697890646757
2012-05-02,1653.4000244140625,79.12999725341797,1.9220000505447388,16.8799991607666,1402.31005859375,160.58999633789062,-0.0050073567381776485
2012-05-03,1634.199951171875,79.22000122070312,1.9240000247955322,17.559999465942383,1391.5699462890625,158.97000122070312,-0.011680430512859274
2012-05-04,1644.699951171875,79.47000122070312,1.8799999952316284,19.15999984741211,1369.0999755859375,159.47000122070312,0.0064046089873679435
2012-05-07,1638.5999755859375,79.5999984741211,1.8769999742507935,18.940000534057617,1369.5799560546875,159.0800018310547,-0.0037157632506863436
2012-05-08,1604.0,79.7300033569336,1.8370000123977661,19.049999237060547,1363.719970703125,156.0,-0.02134169438191158
2012-05-09,1593.699951171875,80.08000183105469,1.8350000381469727,20.079999923706055,1354.5799560546875,154.47000122070312,-0.006442183199088625
2012-05-10,1595.0999755859375,80.11000061035156,1.8839999437332153,18.829999923706055,1357.989990234375,154.77000427246094,0.0008780886453685355
2012-05-11,1583.5999755859375,80.27999877929688,1.840999960899353,19.889999389648438,1353.3900146484375,153.55999755859375,-0.007235694057576403
2012-05-14,1560.5999755859375,80.5999984741211,1.7879999876022339,21.8700008392334,1338.3499755859375,151.3300018310547,-0.014630373776525651
2012-05-15,1556.800048828125,81.22000122070312,1.7769999504089355,21.969999313354492,1330.6600341796875,149.74000549316406,-0.0024378832424805097
2012-05-16,1536.199951171875,81.37000274658203,1.7649999856948853,22.270000457763672,1324.800048828125,149.4600067138672,-0.013320661016581248
2012-05-17,1574.5,81.37999725341797,1.7020000219345093,24.489999771118164,1304.8599853515625,152.8000030517578,0.02462595876150342
2012-05-18,1591.5999755859375,81.29000091552734,1.7020000219345093,25.100000381469727,1295.219970703125,154.5500030517578,0.01080202267237329
2012-05-21,1588.4000244140625,81.08000183105469,1.7350000143051147,22.010000228881836,1315.989990234375,154.64999389648438,-0.0020125485861335335
2012-05-22,1576.300048828125,81.66999816894531,1.7929999828338623,22.479999542236328,1316.6300048828125,152.0800018310547,-0.007646876018406523
2012-05-23,1548.0999755859375,82.08999633789062,1.7209999561309814,22.329999923706055,1318.8599853515625,151.6199951171875,-0.018052002832832592
2012-05-24,1557.300048828125,82.29000091552734,1.7589999437332153,21.540000915527344,1320.6800537109375,151.41000366210938,0.005925227079559114
2012-05-25,1568.800048828125,82.4000015258789,1.7450000047683716,21.760000228881836,1317.8199462890625,152.67999267578125,0.00735744315100284
2012-05-29,1548.5999755859375,82.44000244140625,1.7309999465942383,21.030000686645508,1332.4200439453125,151.02000427246094,-0.012959745819267177
2012-05-30,1563.4000244140625,83.01000213623047,1.625,24.139999389648438,1313.3199462890625,151.91000366210938,0.009511671214860407
2012-05-31,1562.5999755859375,83.04000091552734,1.5809999704360962,24.059999465942383,1310.3299560546875,151.6199951171875,-0.0005118674635919973
2012-06-01,1620.5,82.88999938964844,1.4670000076293945,26.65999984741211,1278.0400390625,157.5,0.03638365864295867
2012-06-04,1612.199951171875,82.55000305175781,1.5269999504089355,26.1200008392334,1278.1800537109375,157.32000732421875,-0.005135068018744526
2012-06-05,1615.199951171875,82.80000305175781,1.555999994277954,24.68000030517578,1285.5,157.13999938964844,0.0018590822053798917
2012-06-06,1632.800048828125,82.31999969482422,1.6510000228881836,22.15999984741211,1315.1300048828125,157.2100067138672,0.010837604631932507
2012-06-07,1586.5999755859375,82.05000305175781,1.6540000438690186,21.719999313354492,1314.989990234375,154.5,-0.02870301591992863
2012-06-08,1590.0999755859375,82.51000213623047,1.6369999647140503,21.229999542236328,1325.6600341796875,154.72999572753906,0.0022035454843187807
2012-06-11,1595.5,82.51000213623047,1.600000023841858,23.559999465942383,1308.9300537109375,155.36000061035156,0.0033902747537384315
2012-06-12,1612.699951171875,82.41000366210938,1.6610000133514404,22.09000015258789,1324.1800537109375,156.4600067138672,0.010722595990918293
2012-06-13,1618.0999755859375,82.05000305175781,1.5989999771118164,24.270000457763672,1314.8800048828125,157.1199951171875,0.0033428436084408375
2012-06-14,1618.4000244140625,81.9000015258789,1.6109999418258667,21.68000030517578,1329.0999755859375,157.75,0.00018541562118556953
2012-06-15,1627.0,81.58999633789062,1.5870000123977661,21.110000610351562,1342.8399658203125,157.83999633789062,0.005299806280194552
2012-06-18,1625.699951171875,81.94000244140625,1.5839999914169312,18.31999969482422,1344.780029296875,157.92999267578125,-0.0007993660139984371
2012-06-19,1622.199951171875,81.37000274658203,1.6200000047683716,18.3799991607666,1357.97998046875,157.16000366210938,-0.0021552396687365416
2012-06-20,1614.800048828125,81.48999786376953,1.6419999599456787,17.239999771118164,1355.68994140625,155.97000122070312,-0.00457208231963957
2012-06-21,1564.5,82.31999969482422,1.6180000305175781,20.079999923706055,1325.510009765625,152.02000427246094,-0.03164485610772605
2012-06-22,1566.0,82.22000122070312,1.6720000505447388,18.110000610351562,1335.02001953125,152.63999938964844,0.0009583134418109651
2012-06-25,1587.5,82.45999908447266,1.6080000400543213,20.3799991607666,1313.719970703125,153.75999450683594,0.013635854216098586
2012-06-26,1574.0,82.37000274658203,1.628000020980835,19.719999313354492,1319.989990234375,152.6199951171875,-0.008540301789498272
2012-06-27,1577.5,82.55999755859375,1.621000051498413,19.450000762939453,1331.8499755859375,152.8300018310547,0.0022211654380193124
2012-06-28,1549.699951171875,82.66999816894531,1.5770000219345093,19.709999084472656,1329.0400390625,151.0500030517578,-0.017779983130193244
2012-06-29,1603.5,81.6500015258789,1.659000039100647,17.079999923706055,1362.1600341796875,155.19000244140625,0.03412740784803514
2012-07-02,1597.199951171875,81.87000274658203,1.5800000429153442,16.799999237060547,1365.510009765625,155.08999633789062,-0.0039366745152218385
2012-07-03,1621.300048828125,81.77999877929688,1.63100004196167,16.65999984741211,1374.02001953125,157.4600067138672,0.014976261054685303
2012-07-05,1608.9000244140625,82.80999755859375,1.597000002861023,17.5,1367.5799560546875,155.67999267578125,-0.007677595841302676
2012-07-06,1578.4000244140625,83.29000091552734,1.5440000295639038,17.100000381469727,1354.6800537109375,153.7100067138672,-0.019139039655363455
2012-07-09,1588.5999755859375,83.16000366210938,1.5130000114440918,17.979999542236328,1352.4599609375,154.0399932861328,0.006441418654736353
2012-07-10,1579.300048828125,83.36000061035156,1.4980000257492065,18.719999313354492,1341.469970703125,152.14999389648438,-0.005871368037160707
2012-07-11,1575.199951171875,83.56999969482422,1.4980000257492065,17.950000762939453,1341.449951171875,152.99000549316406,-0.0025995244667154083
2012-07-12,1564.9000244140625,83.6500015258789,1.4789999723434448,18.329999923706055,1334.760009765625,152.58999633789062,-0.006560277556704186
2012-07-13,1591.5999755859375,83.30000305175781,1.4989999532699585,16.739999771118164,1356.780029296875,154.13999938964844,0.01691784444328981
2012-07-16,1591.199951171875,83.08999633789062,1.4639999866485596,17.110000610351562,1353.6400146484375,154.2100067138672,-0.00025136636004408075
2012-07-17,1589.0999755859375,83.02999877929688,1.5010000467300415,16.479999542236328,1363.6700439453125,153.47000122070312,-0.0013206149982707416
2012-07-18,1570.4000244140625,82.94999694824219,1.4789999723434448,16.15999984741211,1372.780029296875,153.0500030517578,-0.011837423346489295
2012-07-19,1580.0999755859375,82.9000015258789,1.5149999856948853,15.449999809265137,1376.510009765625,153.3800048828125,0.006157741197844402
2012-07-20,1582.5,83.47000122070312,1.4600000381469727,16.270000457763672,1362.6600341796875,153.6699981689453,0.001517754311837649
2012-07-23,1577.0999755859375,83.70999908447266,1.434999942779541,18.6200008392334,1350.52001953125,153.02999877929688,-0.003418173005170111
2012-07-24,1576.0,84.01000213623047,1.4040000438690186,20.469999313354492,1338.31005859375,153.52000427246094,-0.0006977105953360763
2012-07-25,1608.0,83.5199966430664,1.406000018119812,19.34000015258789,1337.8900146484375,155.6699981689453,0.020101179321087237
2012-07-26,1615.0,82.80999755859375,1.4279999732971191,17.530000686645508,1360.02001953125,156.77000427246094,0.004343785917845011
2012-07-27,1617.9000244140625,82.70999908447266,1.5549999475479126,16.700000762939453,1385.969970703125,157.5399932861328,0.001794070444503859
2012-07-30,1619.699951171875,82.79000091552734,1.503999948501587,18.030000686645508,1385.300048828125,157.42999267578125,0.0011118896446893345
2012-07-31,1610.5,82.63999938964844,1.4919999837875366,18.93000030517578,1379.3199462890625,156.49000549316406,-0.005696226974696295
2012-08-01,1603.699951171875,83.05999755859375,1.5390000343322754,18.959999084472656,1375.3199462890625,155.13999938964844,-0.004231260703660311
2012-08-02,1587.4000244140625,83.33000183105469,1.4780000448226929,17.56999969482422,1365.0,154.1300048828125,-0.010215956030912743
2012-08-03,1606.0,82.37999725341797,1.5770000219345093,15.640000343322754,1390.989990234375,155.5500030517578,0.011649142470026241
2012-08-06,1612.9000244140625,82.2699966430664,1.5579999685287476,15.949999809265137,1394.22998046875,156.3000030517578,0.004287200553179105
2012-08-07,1609.699951171875,82.20999908447266,1.628000020980835,15.989999771118164,1401.3499755859375,156.27999877929688,-0.0019860201813832745
2012-08-08,1612.9000244140625,82.38999938964844,1.6399999856948853,15.319999694824219,1402.219970703125,156.47999572753906,0.0019860201813832745
2012-08-09,1617.0999755859375,82.63999938964844,1.687999963760376,15.279999732971191,1402.800048828125,156.99000549316406,0.0026005904265771207
2012-08-10,1619.699951171875,82.55000305175781,1.6490000486373901,14.739999771118164,1405.8699951171875,157.17999267578125,0.0016065102594868819
2012-08-13,1609.5999755859375,82.44000244140625,1.6540000438690186,13.699999809265137,1404.1099853515625,155.99000549316406,-0.0062552310083123785
2012-08-14,1599.4000244140625,82.4800033569336,1.7259999513626099,14.850000381469727,1403.9300537109375,155.1300048828125,-0.006357111575335139
2012-08-15,1603.699951171875,82.6500015258789,1.8049999475479126,14.630000114440918,1405.530029296875,155.6300048828125,0.002684854905290912
2012-08-16,1616.0999755859375,82.36000061035156,1.8359999656677246,14.289999961853027,1415.510009765625,156.55999755859375,0.007702395180227306
2012-08-17,1616.300048828125,82.5999984741211,1.815999984741211,13.449999809265137,1418.1600341796875,156.72000122070312,0.0001237923777575034
2012-08-20,1620.0999755859375,82.45999908447266,1.8140000104904175,14.020000457763672,1418.1300048828125,157.25999450683594,0.0023482440213156153
2012-08-21,1639.9000244140625,81.91000366210938,1.8049999475479126,15.020000457763672,1413.1700439453125,158.8300018310547,0.012147418590036985
2012-08-22,1637.4000244140625,81.48999786376953,1.718999981880188,15.109999656677246,1413.489990234375,160.5399932861328,-0.0015256463843211776
2012-08-23,1669.5999755859375,81.36000061035156,1.6660000085830688,15.960000038146973,1402.0799560546875,161.88999938964844,0.01947442928767984
2012-08-24,1669.800048828125,81.58999633789062,1.6779999732971191,15.180000305175781,1411.1300048828125,161.97000122070312,0.0001198258615104919
2012-08-27,1672.4000244140625,81.66000366210938,1.6490000486373901,16.350000381469727,1410.43994140625,161.36000061035156,0.0015558470788290535
2012-08-28,1666.5,81.37000274658203,1.6299999952316284,16.489999771118164,1409.300048828125,161.63999938964844,-0.003534116332835069
2012-08-29,1659.800048828125,81.55000305175781,1.6540000438690186,17.059999465942383,1410.489990234375,160.58999633789062,-0.004028476165369277
2012-08-30,1653.5,81.68000030517578,1.6200000047683716,17.829999923706055,1399.47998046875,160.52000427246094,-0.0038028891605774717
2012-08-31,1684.5999755859375,81.25,1.562000036239624,17.469999313354492,1406.5799560546875,164.22000122070312,0.018633878966917372
2012-09-04,1692.9000244140625,81.31999969482422,1.5809999704360962,17.979999542236328,1404.93994140625,164.47999572753906,0.004914916675883063
2012-09-05,1690.800048828125,81.23999786376953,1.593999981880188,17.739999771118164,1403.43994140625,164.30999755859375,-0.001241230493302048
2012-09-06,1702.5999755859375,81.08000183105469,1.6729999780654907,15.600000381469727,1432.1199951171875,164.88999938964844,0.006954661539328555
2012-09-07,1737.5,80.25,1.6610000133514404,14.380000114440918,1437.9200439453125,168.44000244140625,0.02029081832827284
2012-09-10,1728.699951171875,80.36000061035156,1.6829999685287476,16.280000686645508,1429.0799560546875,167.2899932861328,-0.00507764575578129
2012-09-11,1731.800048828125,79.86000061035156,1.6950000524520874,16.40999984741211,1433.56005859375,167.89999389648438,0.0017917055255480818
2012-09-12,1730.5999755859375,79.73999786376953,1.7649999856948853,15.800000190734863,1436.56005859375,167.9199981689453,-0.0006932031433573016
2012-09-13,1769.0999755859375,79.26000213623047,1.75600004196167,14.050000190734863,1459.989990234375,171.30999755859375,0.022002773808938336
2012-09-14,1769.800048828125,78.8499984741211,1.8700000047683716,14.510000228881836,1465.77001953125,171.8000030517578,0.00039564454858354026
2012-09-17,1767.699951171875,79.01000213623047,1.8380000591278076,14.59000015258789,1461.18994140625,170.39999389648438,-0.0011873345034461025
2012-09-18,1768.4000244140625,79.25,1.812000036239624,14.180000305175781,1459.3199462890625,171.72000122070312,0.0003959578383909701
2012-09-19,1769.0,79.05999755859375,1.781999945640564,13.880000114440918,1461.050048828125,171.74000549316406,0.00033921840196171615
2012-09-20,1767.699951171875,79.41000366210938,1.7769999504089355,14.069999694824219,1460.260009765625,171.47000122070312,-0.0007351762403526862
2012-09-21,1775.5,79.33000183105469,1.7599999904632568,13.979999542236328,1460.1500244140625,171.9600067138672,0.00440283446371037
2012-09-24,1762.0999755859375,79.5199966430664,1.718000054359436,14.149999618530273,1456.8900146484375,171.0500030517578,-0.007575807663553036
2012-09-25,1763.800048828125,79.55000305175781,1.6820000410079956,15.430000305175781,1441.5899658203125,170.77000427246094,0.000964334417972168
2012-09-26,1750.5999755859375,79.88999938964844,1.6180000305175781,16.809999465942383,1433.3199462890625,169.80999755859375,-0.007512027785335995
2012-09-27,1777.5999755859375,79.55000305175781,1.6399999856948853,14.84000015258789,1447.1500244140625,172.33999633789062,0.01530555379885623
2012-09-28,1771.0999755859375,79.94000244140625,1.6369999647140503,15.729999542236328,1440.6700439453125,171.88999938964844,-0.003663317473184158
2012-10-01,1780.5,79.81999969482422,1.625,16.31999969482422,1444.489990234375,172.2899932861328,0.005293415039934857
2012-10-02,1772.699951171875,79.73999786376953,1.6150000095367432,15.710000038146973,1445.75,172.10000610351562,-0.004390443242589193
2012-10-03,1777.300048828125,79.97000122070312,1.6230000257492065,15.430000305175781,1450.989990234375,172.41000366210938,0.0025916057639054912
2012-10-04,1794.0999755859375,79.3499984741211,1.6649999618530273,14.550000190734863,1461.4000244140625,173.61000061035156,0.009408103578217641
2012-10-05,1778.5999755859375,79.33999633789062,1.7319999933242798,14.329999923706055,1460.9300537109375,172.6199951171875,-0.00867696557838915
2012-10-08,1773.5,79.54000091552734,1.746000051498413,15.109999656677246,1455.8800048828125,172.0500030517578,-0.0028715290253007453
2012-10-09,1763.0,79.94999694824219,1.7200000286102295,16.3700008392334,1441.47998046875,170.99000549316406,-0.005938091815806956
2012-10-10,1763.199951171875,79.91999816894531,1.690999984741211,16.290000915527344,1432.56005859375,170.83999633789062,0.00011340886782296167
2012-10-11,1768.800048828125,79.77999877929688,1.6749999523162842,15.59000015258789,1432.8399658203125,171.32000732421875,0.0031710658827703853
2012-10-12,1758.0,79.69000244140625,1.6629999876022339,16.139999389648438,1428.5899658203125,170.05999755859375,-0.00612457890334106
2012-10-15,1736.0,79.73999786376953,1.6629999876022339,15.270000457763672,1440.1300048828125,168.35000610351562,-0.01259318302482626
2012-10-16,1744.699951171875,79.37000274658203,1.7200000286102295,15.220000267028809,1454.9200439453125,169.4199981689453,0.004998976879014627
2012-10-17,1751.5,79.0199966430664,1.8109999895095825,15.069999694824219,1460.9100341796875,169.5399932861328,0.0038899705382311467
2012-10-18,1743.300048828125,79.37000274658203,1.8259999752044678,15.029999732971191,1457.3399658203125,168.7899932861328,-0.004692666879352103
2012-10-19,1722.800048828125,79.63999938964844,1.7680000066757202,17.059999465942383,1433.18994140625,166.97000122070312,-0.011828994235928647
2012-10-22,1725.0999755859375,79.6500015258789,1.7979999780654907,16.6200008392334,1433.8199462890625,167.5800018310547,0.001334103125178565
2012-10-23,1708.300048828125,79.9800033569336,1.7640000581741333,18.829999923706055,1413.1099853515625,165.42999267578125,-0.009786253111553123
2012-10-24,1700.5,79.97000122070312,1.774999976158142,18.329999923706055,1408.75,164.86000061035156,-0.004576427088636592
2012-10-25,1712.0,80.04000091552734,1.8279999494552612,18.1200008392334,1412.969970703125,166.02000427246094,0.006739952254437576
2012-10-26,1710.9000244140625,80.06999969482422,1.75,17.809999465942383,1411.93994140625,165.92999267578125,-0.0006427156013657509
2012-10-31,1717.5,79.91999816894531,1.6859999895095825,18.600000381469727,1412.1600341796875,166.8300018310547,0.0038501829961825607
2012-11-01,1714.0999755859375,80.05000305175781,1.715000033378601,16.690000534057617,1427.5899658203125,166.07000732421875,-0.0019815978265720346
2012-11-02,1674.0999755859375,80.58999633789062,1.7259999513626099,17.59000015258789,1414.199951171875,162.60000610351562,-0.023612454431588326
2012-11-05,1682.199951171875,80.75,1.684000015258789,18.420000076293945,1417.260009765625,163.22999572753906,0.004826738663643582
2012-11-06,1714.0999755859375,80.61000061035156,1.7419999837875366,17.579999923706055,1428.3900146484375,166.3000030517578,0.018785715767944744
2012-11-07,1713.199951171875,80.76000213623047,1.6319999694824219,19.079999923706055,1394.530029296875,166.49000549316406,-0.0005252090298402123
2012-11-08,1725.4000244140625,80.79000091552734,1.6319999694824219,18.489999771118164,1377.510009765625,167.99000549316406,0.007095983552185103
2012-11-09,1730.300048828125,81.02999877929688,1.6130000352859497,18.610000610351562,1379.8499755859375,167.82000732421875,0.0028359102897814736
2012-11-12,1730.300048828125,81.04000091552734,1.6109999418258667,16.68000030517578,1380.030029296875,167.4499969482422,0.0
2012-11-13,1724.199951171875,81.08000183105469,1.5889999866485596,16.649999618530273,1374.530029296875,167.10000610351562,-0.0035316856255276363
2012-11-14,1729.5,81.05999755859375,1.5889999866485596,17.920000076293945,1355.489990234375,167.13999938964844,0.003069202920692682
2012-11-15,1713.300048828125,81.08000183105469,1.5889999866485596,17.989999771118164,1353.3299560546875,166.08999633789062,-0.009410985538837124
2012-11-16,1714.300048828125,81.26000213623047,1.5740000009536743,16.40999984741211,1359.8800048828125,165.8800048828125,0.0005834986578836521
2012-11-19,1734.0,80.87000274658203,1.6109999418258667,15.239999771118164,1386.8900146484375,167.8699951171875,0.011426015844216764
2012-11-20,1723.199951171875,80.95999908447266,1.656000018119812,15.079999923706055,1387.81005859375,167.38999938964844,-0.006247879274090096
2012-11-21,1727.9000244140625,80.93000030517578,1.687000036239624,15.3100004196167,1391.030029296875,167.55999755859375,0.0027238133820048915
2012-11-23,1751.300048828125,80.19000244140625,1.6929999589920044,15.140000343322754,1409.1500244140625,169.61000061035156,0.01345158471129082
2012-11-26,1749.5,80.25,1.6640000343322754,15.5,1406.2900390625,169.42999267578125,-0.0010283643519493069
2012-11-27,1742.199951171875,80.4000015258789,1.6449999809265137,15.920000076293945,1398.93994140625,168.7100067138672,-0.004181378449656492
2012-11-28,1716.5,80.33999633789062,1.6169999837875366,15.510000228881836,1409.9300537109375,166.5500030517578,-0.014861320460339833
2012-11-29,1727.199951171875,80.19999694824219,1.6200000047683716,15.0600004196167,1415.949951171875,167.17999267578125,0.006214238032745456
2012-11-30,1710.9000244140625,80.1500015258789,1.6059999465942383,15.869999885559082,1416.1800537109375,166.0500030517578,-0.009482009830170668
2012-12-03,1719.5999755859375,79.87999725341797,1.628000020980835,16.639999389648438,1409.4599609375,166.1300048828125,0.005072129324280361
2012-12-04,1694.4000244140625,79.63999938964844,1.6080000400543213,17.1200008392334,1407.050048828125,164.4199981689453,-0.01476298116878283
2012-12-05,1692.4000244140625,79.7699966430664,1.590999960899353,16.459999084472656,1409.280029296875,164.1199951171875,-0.0011810559842020396
2012-12-06,1700.300048828125,80.26000213623047,1.5809999704360962,16.579999923706055,1413.93994140625,164.5,0.004657080509181455
2012-12-07,1704.0,80.41999816894531,1.6269999742507935,15.899999618530273,1418.0699462890625,165.16000366210938,0.0021736936084622016
2012-12-10,1713.0,80.33000183105469,1.6160000562667847,16.049999237060547,1418.550048828125,165.8000030517578,0.005267790934858851
2012-12-11,1708.199951171875,80.05999755859375,1.6490000486373901,15.569999694824219,1427.8399658203125,165.64999389648438,-0.002806063396620928
2012-12-12,1716.5999755859375,79.88999938964844,1.6970000267028809,15.949999809265137,1428.47998046875,165.77000427246094,0.004905420134284633
2012-12-13,1695.5999755859375,79.93000030517578,1.7280000448226929,16.559999465942383,1419.449951171875,164.3699951171875,-0.012308929981781347
2012-12-14,1695.800048828125,79.5999984741211,1.7079999446868896,17.0,1413.5799560546875,164.1300048828125,0.00011798858346345753
2012-12-17,1697.0,79.56999969482422,1.7630000114440918,16.34000015258789,1430.3599853515625,164.44000244140625,0.0007073515707611833
2012-12-18,1669.5,79.36000061035156,1.8270000219345093,15.569999694824219,1446.7900390625,162.0800018310547,-0.01633780585051703
2012-12-19,1666.5,79.25,1.7999999523162842,17.360000610351562,1435.81005859375,161.69000244140625,-0.0017985616359155188
2012-12-20,1644.9000244140625,79.26000213623047,1.7999999523162842,17.670000076293945,1443.68994140625,159.72999572753906,-0.013046011827404058
2012-12-21,1659.0999755859375,79.62000274658203,1.753999948501587,17.84000015258789,1430.1500244140625,160.3300018310547,0.008595665013674925
2012-12-24,1658.5999755859375,79.63999938964844,1.7740000486373901,17.84000015258789,1426.6600341796875,160.6199951171875,-0.0003014136366426001
2012-12-26,1659.800048828125,79.62000274658203,1.7580000162124634,19.479999542236328,1419.8299560546875,160.77999877929688,0.0007232842850024568
2012-12-27,1662.5999755859375,79.62000274658203,1.715000033378601,19.469999313354492,1418.0999755859375,161.16000366210938,0.001685484830296069
2012-12-28,1654.9000244140625,79.68000030517578,1.7109999656677246,22.719999313354492,1402.4300537109375,160.5399932861328,-0.0046420286352324425
2012-12-31,1674.800048828125,79.7699966430664,1.75600004196167,18.020000457763672,1426.18994140625,162.02000427246094,0.011953185522100007
2013-01-02,1687.9000244140625,79.8499984741211,1.8389999866485596,14.680000305175781,1462.4200439453125,163.1699981689453,0.007791382859458018
2013-01-03,1673.699951171875,80.43000030517578,1.8990000486373901,14.5600004196167,1459.3699951171875,161.1999969482422,-0.008448451813216629
2013-01-04,1648.0999755859375,80.5,1.9149999618530273,13.829999923706055,1466.469970703125,160.44000244140625,-0.01541362091915488
2013-01-07,1645.5,80.26000213623047,1.902999997138977,13.789999961853027,1461.8900146484375,159.42999267578125,-0.0015788050432803402
2013-01-08,1661.5,80.3499984741211,1.871000051498413,13.619999885559082,1457.1500244140625,160.55999755859375,0.009676519411254247
2013-01-09,1654.800048828125,80.55999755859375,1.8519999980926514,13.8100004196167,1461.02001953125,160.49000549316406,-0.004040623700428014
2013-01-10,1677.300048828125,79.73999786376953,1.8940000534057617,13.489999771118164,1472.1199951171875,161.97999572753906,0.01350520171763403
2013-01-11,1660.0,79.55999755859375,1.875,13.359999656677246,1472.050048828125,161.05999755859375,-0.010367784461266183
2013-01-14,1668.9000244140625,79.48999786376953,1.8569999933242798,13.520000457763672,1470.6800537109375,161.5399932861328,0.005347139027603198
2013-01-15,1683.4000244140625,79.77999877929688,1.8309999704360962,13.550000190734863,1472.3399658203125,162.55999755859375,0.008650830902112716
2013-01-16,1682.699951171875,79.80000305175781,1.8240000009536743,13.420000076293945,1472.6300048828125,162.64999389648438,-0.0004159551156286412
2013-01-17,1690.4000244140625,79.6500015258789,1.875,13.569999694824219,1480.93994140625,163.35000610351562,0.0045655845799430494
2013-01-18,1686.5999755859375,80.05000305175781,1.843000054359436,12.460000038146973,1485.97998046875,163.08999633789062,-0.002250548079390846
2013-01-22,1692.800048828125,79.87000274658203,1.8350000381469727,12.430000305175781,1492.56005859375,163.6699981689453,0.0036693378433438895
2013-01-23,1686.300048828125,79.91999816894531,1.8329999446868896,12.460000038146973,1494.81005859375,163.2100067138672,-0.003847182876657307
2013-01-24,1669.5,79.94999694824219,1.843999981880188,12.6899995803833,1494.8199462890625,161.4199981689453,-0.010012628248205147
2013-01-25,1656.4000244140625,79.75,1.9470000267028809,12.890000343322754,1502.9599609375,160.64999389648438,-0.007877592973066783
2013-01-28,1652.4000244140625,79.77999877929688,1.9739999771118164,13.569999694824219,1500.1800537109375,160.2899932861328,-0.002417796113122428
2013-01-29,1660.699951171875,79.55999755859375,1.9880000352859497,13.3100004196167,1507.8399658203125,160.99000549316406,0.0050103795130516104
2013-01-30,1679.9000244140625,79.27999877929688,2.00600004196167,14.319999694824219,1501.9599609375,162.19000244140625,0.011495111538641467
2013-01-31,1660.5999755859375,79.20999908447266,1.9850000143051147,14.279999732971191,1498.1099853515625,161.1999969482422,-0.011555314223236302
2013-02-01,1669.4000244140625,79.12999725341797,2.009999990463257,12.899999618530273,1513.1700439453125,161.4499969482422,0.00528532691511252
2013-02-04,1675.300048828125,79.55000305175781,1.9730000495910645,14.670000076293945,1495.7099609375,162.0,0.0035279878042961954
2013-02-05,1672.4000244140625,79.48999786376953,2.0160000324249268,13.720000267028809,1511.2900390625,161.9600067138672,-0.0017325477647567311
2013-02-06,1677.699951171875,79.72000122070312,1.968000054359436,13.40999984741211,1512.1199951171875,162.38999938964844,0.003164043591519672
2013-02-07,1670.4000244140625,80.19000244140625,1.9509999752044678,13.5,1509.3900146484375,161.83999633789062,-0.004360645368130633
2013-02-08,1666.0,80.25,1.9539999961853027,13.020000457763672,1517.9300537109375,161.57000732421875,-0.0026375895772305924
2013-02-11,1648.199951171875,80.30999755859375,1.9459999799728394,12.9399995803833,1517.010009765625,159.6999969482422,-0.010741790022626319
2013-02-12,1648.699951171875,80.11000061035156,1.9819999933242798,12.640000343322754,1519.4300537109375,159.88999938964844,0.000303315246834579
2013-02-13,1644.199951171875,80.08999633789062,2.0190000534057617,12.979999542236328,1520.3299560546875,159.0500030517578,-0.0027331549301568003
2013-02-14,1634.699951171875,80.45999908447266,2.0,12.65999984741211,1521.3800048828125,158.35000610351562,-0.00579464263345475
2013-02-15,1608.800048828125,80.58000183105469,2.006999969482422,12.460000038146973,1519.7900390625,155.75999450683594,-0.015970681578292734
2013-02-19,1603.5999755859375,80.47000122070312,2.0260000228881836,12.3100004196167,1530.93994140625,155.3300018310547,-0.0032375032652733893
2013-02-20,1577.5999755859375,81.08999633789062,2.0209999084472656,14.680000305175781,1511.949951171875,151.44000244140625,-0.016346397170893034
2013-02-21,1578.199951171875,81.45999908447266,1.9759999513626099,15.220000267028809,1502.4200439453125,152.6199951171875,0.0003802367748857449
2013-02-22,1572.4000244140625,81.4800033569336,1.9670000076293945,14.170000076293945,1515.5999755859375,152.97000122070312,-0.0036817960734820687
2013-02-25,1586.199951171875,81.66999816894531,1.8949999809265137,18.989999771118164,1487.8499755859375,154.33999633789062,0.008738057791807918
2013-02-26,1615.199951171875,81.87000274658203,1.878999948501587,16.8700008392334,1496.93994140625,156.22000122070312,0.018117569902100783
2013-02-27,1595.199951171875,81.5999984741211,1.902999997138977,14.729999542236328,1515.989990234375,154.57000732421875,-0.01245966817007016
2013-02-28,1577.699951171875,81.9800033569336,1.8880000114440918,15.510000228881836,1514.6800537109375,153.0,-0.011031030283688459
2013-03-01,1571.9000244140625,82.30999755859375,1.8530000448226929,15.359999656677246,1518.199951171875,152.44000244140625,-0.0036829650487248955
2013-03-04,1572.0999755859375,82.22000122070312,1.8769999742507935,14.010000228881836,1525.199951171875,152.3000030517578,0.00012719540212824398
2013-03-05,1574.5999755859375,82.08999633789062,1.8940000534057617,13.479999542236328,1539.7900390625,152.3800048828125,0.0015889665775548067
2013-03-06,1574.5999755859375,82.45999908447266,1.937999963760376,13.529999732971191,1541.4599609375,153.22999572753906,0.0
2013-03-07,1574.800048828125,82.08000183105469,1.9910000562667847,13.0600004196167,1544.260009765625,152.69000244140625,0.00012705483006669738
2013-03-08,1576.5999755859375,82.69999694824219,2.055999994277954,12.59000015258789,1551.1800537109375,152.7100067138672,0.0011423030650430377
2013-03-11,1577.800048828125,82.56999969482422,2.055999994277954,11.5600004196167,1556.219970703125,152.99000549316406,0.0007608884674095151
2013-03-12,1591.5,82.58000183105469,2.0230000019073486,12.270000457763672,1552.47998046875,154.19000244140625,0.008645465114191175
2013-03-13,1588.300048828125,82.88999938964844,2.0209999084472656,11.829999923706055,1554.52001953125,153.66000366210938,-0.002012675138656661
2013-03-14,1590.5999755859375,82.61000061035156,2.0329999923706055,11.300000190734863,1563.22998046875,153.67999267578125,0.0014469955905793697
2013-03-15,1592.5,82.26000213623047,1.996000051498413,11.300000190734863,1560.699951171875,154.0,0.001193820272248125
2013-03-18,1604.5999755859375,82.69000244140625,1.9559999704360962,13.359999656677246,1552.0999755859375,155.3800048828125,0.007569380658191349
2013-03-19,1611.300048828125,82.98999786376953,1.9079999923706055,14.390000343322754,1548.3399658203125,156.0800018310547,0.004166847778572347
2013-03-20,1607.5,82.77999877929688,1.937000036239624,12.670000076293945,1558.7099609375,155.3699951171875,-0.002361159771307797
2013-03-21,1613.800048828125,82.80000305175781,1.9320000410079956,13.989999771118164,1545.800048828125,156.25,0.003911499559245968
2013-03-22,1606.199951171875,82.52999877929688,1.9149999618530273,13.569999694824219,1556.8900146484375,155.5500030517578,-0.004720566316438024
2013-03-25,1604.5999755859375,82.87000274658203,1.9149999618530273,13.739999771118164,1551.68994140625,155.24000549316406,-0.0009966212500724936
2013-03-26,1595.800048828125,82.87999725341797,1.906000018119812,12.770000457763672,1563.77001953125,154.72000122070312,-0.005499280632432324
2013-03-27,1606.199951171875,83.20999908447266,1.8509999513626099,13.149999618530273,1562.8499755859375,155.36000061035156,0.006495901882504818
2013-03-28,1594.800048828125,82.98999786376953,1.8519999980926514,12.699999809265137,1569.18994140625,154.4499969482422,-0.007122743230299378
2013-04-01,1600.0,82.7300033569336,1.840000033378601,13.579999923706055,1562.1700439453125,154.6699981689453,0.003255262103589729
2013-04-02,1575.0999755859375,82.94000244140625,1.8609999418258667,12.779999732971191,1570.25,152.42999267578125,-0.015684882420190505
2013-04-03,1552.800048828125,82.72000122070312,1.812000036239624,14.210000038146973,1553.68994140625,150.72999572753906,-0.014258962507669892
2013-04-04,1551.800048828125,82.68000030517578,1.7589999437332153,13.890000343322754,1559.97998046875,150.2899932861328,-0.0006442053746882337
2013-04-05,1575.4000244140625,82.5,1.694000005722046,13.920000076293945,1553.280029296875,152.80999755859375,0.015093644840955989
2013-04-08,1572.0,82.75,1.7319999933242798,13.1899995803833,1563.0699462890625,152.16000366210938,-0.002160529777127884
2013-04-09,1586.199951171875,82.30999755859375,1.746999979019165,12.84000015258789,1568.6099853515625,153.33999633789062,0.008992493876984753
2013-04-10,1558.300048828125,82.52999877929688,1.8049999475479126,12.359999656677246,1587.72998046875,150.75,-0.01774567308034225
2013-04-11,1564.300048828125,82.25,1.7910000085830688,12.239999771118164,1593.3699951171875,151.0500030517578,0.0038429559959709536
2013-04-12,1501.0,82.30999755859375,1.7209999561309814,12.0600004196167,1588.8499755859375,143.9499969482422,-0.04130691814830367
2013-04-15,1360.5999755859375,82.41999816894531,1.7020000219345093,17.270000457763672,1552.3599853515625,131.30999755859375,-0.09820579166610166
2013-04-16,1386.800048828125,81.75,1.718999981880188,13.960000038146973,1574.5699462890625,132.8000030517578,0.019073209052712592
2013-04-17,1382.199951171875,82.66000366210938,1.7039999961853027,16.510000228881836,1552.010009765625,132.8699951171875,-0.0033225726891608076
2013-04-18,1392.0,82.55000305175781,1.684999942779541,17.559999465942383,1541.6099853515625,134.3000030517578,0.007065164563453408
2013-04-19,1395.300048828125,82.70999908447266,1.7029999494552612,14.970000267028809,1555.25,135.47000122070312,0.0023679189985097437
2013-04-22,1421.0,82.68000030517578,1.6979999542236328,14.390000343322754,1562.5,137.89999389648438,0.01825136820422557
2013-04-23,1408.5999755859375,83.02999877929688,1.6979999542236328,13.479999542236328,1578.780029296875,136.8800048828125,-0.008764563117938273
2013-04-24,1423.4000244140625,82.93000030517578,1.6979999542236328,13.609999656677246,1578.7900390625,138.3699951171875,0.010452107037941971
2013-04-25,1461.800048828125,82.73999786376953,1.7109999656677246,13.619999885559082,1585.1600341796875,141.6300048828125,0.026620193431925898
2013-04-26,1453.5999755859375,82.4800033569336,1.6629999876022339,13.609999656677246,1582.239990234375,140.91000366210938,-0.005625365162654106
2013-04-29,1467.4000244140625,82.1500015258789,1.6679999828338623,13.710000038146973,1593.6099853515625,142.3000030517578,0.009448922631150936
2013-04-30,1472.199951171875,81.7300033569336,1.6749999523162842,13.520000457763672,1597.5699462890625,142.77000427246094,0.003265703540304088
2013-05-01,1446.300048828125,81.63999938964844,1.6390000581741333,14.489999771118164,1582.699951171875,141.11000061035156,-0.017749242617428607
2013-05-02,1467.699951171875,82.20999908447266,1.63100004196167,13.59000015258789,1597.5899658203125,141.9199981689453,0.014687911508286078
2013-05-03,1464.300048828125,82.0999984741211,1.7519999742507935,12.850000381469727,1614.4200439453125,142.08999633789062,-0.0023191704417664383
2013-05-06,1468.0999755859375,82.31999969482422,1.7710000276565552,12.65999984741211,1617.5,142.14999389648438,0.0025916852087926046
2013-05-07,1449.0,82.30000305175781,1.7829999923706055,12.829999923706055,1625.9599609375,140.3800048828125,-0.013095367795032509
2013-05-08,1473.9000244140625,81.9000015258789,1.7599999904632568,12.65999984741211,1632.68994140625,142.4600067138672,0.017038302086289647
2013-05-09,1468.800048828125,82.79000091552734,1.812999963760376,13.130000114440918,1626.6700439453125,140.80999755859375,-0.003466191297197163
2013-05-10,1436.800048828125,83.13999938964844,1.899999976158142,12.59000015258789,1633.699951171875,139.60000610351562,-0.022027321577899883
2013-05-13,1434.5,83.26000213623047,1.9229999780654907,12.550000190734863,1633.77001953125,138.42999267578125,-0.0016020961104556974
2013-05-14,1424.699951171875,83.56999969482422,1.9520000219345093,12.770000457763672,1650.3399658203125,137.80999755859375,-0.0068551254707998055
2013-05-15,1396.5,83.83000183105469,1.9429999589920044,12.8100004196167,1658.780029296875,134.6300048828125,-0.01999212456538757
2013-05-16,1387.0999755859375,83.7699966430664,1.8650000095367432,13.069999694824219,1650.469970703125,134.08999633789062,-0.006753887216782495
2013-05-17,1364.9000244140625,84.27999877929688,1.9490000009536743,12.449999809265137,1667.469970703125,131.07000732421875,-0.01613403541922942
2013-05-20,1384.300048828125,83.80999755859375,1.965000033378601,13.020000457763672,1666.2900390625,135.1199951171875,0.014113448217259794
2013-05-21,1377.800048828125,83.86000061035156,1.944000005722046,13.369999885559082,1669.1600341796875,132.8800048828125,-0.004706572368188056
2013-05-22,1367.5999755859375,84.25,2.0260000228881836,13.819999694824219,1655.3499755859375,131.94000244140625,-0.007430698684902204
2013-05-23,1392.0,83.80000305175781,2.0230000019073486,14.069999694824219,1650.510009765625,134.61000061035156,0.017684200980975895
2013-05-24,1386.800048828125,83.69999694824219,2.010999917984009,13.989999771118164,1649.5999755859375,133.75999450683594,-0.0037425918742926
2013-05-28,1379.0999755859375,84.13999938964844,2.134999990463257,14.479999542236328,1660.06005859375,133.49000549316406,-0.005567875242675768
2013-05-29,1391.300048828125,83.63999938964844,2.124000072479248,14.829999923706055,1648.3599853515625,134.8300018310547,0.008807502165757874
2013-05-30,1411.5,83.01000213623047,2.124000072479248,14.529999732971191,1654.4100341796875,136.6999969482422,0.014414371750389066
2013-05-31,1392.5999755859375,83.37999725341797,2.1640000343322754,16.299999237060547,1630.739990234375,133.9199981689453,-0.01348048271637925
2013-06-03,1411.699951171875,82.68000030517578,2.134000062942505,16.280000686645508,1640.4200439453125,136.50999450683594,0.013622131324814823
2013-06-04,1397.0999755859375,82.7699966430664,2.13700008392334,16.270000457763672,1631.3800048828125,135.22999572753906,-0.010395975120352396
2013-06-05,1398.4000244140625,82.56999969482422,2.0999999046325684,17.5,1608.9000244140625,135.52000427246094,0.0009301011782127944
2013-06-06,1415.699951171875,81.5199966430664,2.075000047683716,16.6299991607666,1622.56005859375,136.52999877929688,0.012295330550164962
2013-06-07,1383.0,81.69000244140625,2.1610000133514404,15.140000343322754,1643.3800048828125,133.27999877929688,-0.023369021245246202
2013-06-10,1386.199951171875,81.6500015258789,2.2149999141693115,15.4399995803833,1642.81005859375,133.94000244140625,0.002311102594680925
2013-06-11,1377.0,81.05999755859375,2.194999933242798,17.06999969482422,1626.1300048828125,133.25,-0.006658935530785115
2013-06-12,1391.800048828125,80.95999908447266,2.2300000190734863,18.59000015258789,1612.52001953125,134.25,0.010690688764811718
2013-06-13,1377.5999755859375,80.62000274658203,2.1740000247955322,16.40999984741211,1636.3599853515625,133.74000549316406,-0.010255071542170313
2013-06-14,1387.300048828125,80.66999816894531,2.125999927520752,17.149999618530273,1626.72998046875,134.42999267578125,0.007016610331898043
2013-06-17,1382.800048828125,80.56999969482422,2.1710000038146973,16.799999237060547,1639.0400390625,133.77000427246094,-0.003248982924671573
2013-06-18,1366.5999755859375,80.62000274658203,2.181999921798706,16.610000610351562,1651.81005859375,132.1300048828125,-0.011784578876664398
2013-06-19,1373.5999755859375,81.43000030517578,2.311000108718872,16.639999389648438,1628.9300537109375,130.58999633789062,0.005109127327629359
2013-06-20,1285.9000244140625,81.83999633789062,2.4189999103546143,20.489999771118164,1588.18994140625,123.5999984741211,-0.06597613154712167
2013-06-21,1291.5999755859375,82.31999969482422,2.5139999389648438,18.899999618530273,1592.4300537109375,125.05000305175781,0.004422859719569239
2013-06-24,1276.800048828125,82.43000030517578,2.5480000972747803,20.110000610351562,1573.0899658203125,123.93000030517578,-0.011524755043812007
2013-06-25,1274.800048828125,82.58000183105469,2.5889999866485596,18.469999313354492,1588.030029296875,123.47000122070312,-0.0015676440923648727
2013-06-26,1229.5999755859375,82.94999694824219,2.5390000343322754,17.209999084472656,1603.260009765625,118.27999877929688,-0.036100448476660496
2013-06-27,1211.4000244140625,82.91000366210938,2.4830000400543213,16.860000610351562,1613.199951171875,115.94000244140625,-0.0149121576686575
2013-06-28,1223.800048828125,83.16999816894531,2.4779999256134033,16.860000610351562,1606.280029296875,119.11000061035156,0.010184076226777528
2013-07-01,1255.9000244140625,82.9800033569336,2.490000009536743,16.3700008392334,1614.9599609375,121.12999725341797,0.025891654536359
2013-07-02,1243.5999755859375,83.54000091552734,2.4690001010894775,16.440000534057617,1614.0799560546875,120.05000305175781,-0.009842086910742509
2013-07-03,1252.0999755859375,83.2300033569336,2.500999927520752,16.200000762939453,1615.4100341796875,120.73999786376953,0.006811742623574979
2013-07-05,1212.9000244140625,84.41999816894531,2.7149999141693115,14.890000343322754,1631.8900146484375,118.08999633789062,-0.0318079157329052
2013-07-08,1234.9000244140625,84.19999694824219,2.6449999809265137,14.779999732971191,1640.4599609375,119.51000213623047,0.01797580845034563
2013-07-09,1245.9000244140625,84.58000183105469,2.630000114440918,14.350000381469727,1652.3199462890625,120.62000274658203,0.00886816500649168
2013-07-10,1247.4000244140625,84.04000091552734,2.680000066757202,14.210000038146973,1652.6199951171875,120.94999694824219,0.0012032247636408755
2013-07-11,1280.0999755859375,82.75,2.5739998817443848,14.010000228881836,1675.02001953125,124.23999786376953,0.02587677612608541
2013-07-12,1277.800048828125,82.98999786376953,2.6010000705718994,13.84000015258789,1680.18994140625,124.12999725341797,-0.0017982934091742564
2013-07-15,1283.800048828125,83.04000091552734,2.555999994277954,13.789999961853027,1682.5,124.18000030517578,0.0046845805308430855
2013-07-16,1290.800048828125,82.43000030517578,2.5320000648498535,14.420000076293945,1676.260009765625,124.88999938964844,0.005437751093870347
2013-07-17,1277.9000244140625,82.70999908447266,2.490999937057495,13.779999732971191,1680.9100341796875,123.31999969482422,-0.010044094286119076
2013-07-18,1284.5999755859375,82.81999969482422,2.5339999198913574,13.770000457763672,1689.3699951171875,124.01000213623047,0.005229242099018094
2013-07-19,1293.300048828125,82.58000183105469,2.490999937057495,12.539999961853027,1692.0899658203125,125.11000061035156,0.006749762357370237
2013-07-22,1336.4000244140625,82.22000122070312,2.48799991607666,12.289999961853027,1695.530029296875,128.83999633789062,0.03278232057525443
2013-07-23,1335.0999755859375,82.01000213623047,2.5160000324249268,12.65999984741211,1692.3900146484375,129.7100067138672,-0.0009732726413984594
2013-07-24,1319.699951171875,82.30000305175781,2.5880000591278076,13.180000305175781,1685.93994140625,127.4800033569336,-0.011601776086361149
2013-07-25,1329.0,81.97000122070312,2.6070001125335693,12.970000267028809,1690.25,128.6699981689453,0.007022378689875097
2013-07-26,1321.699951171875,81.62000274658203,2.561000108718872,12.720000267028809,1691.6500244140625,128.77999877929688,-0.005508029892910216
2013-07-29,1328.4000244140625,81.66000366210938,2.5850000381469727,13.390000343322754,1685.3299560546875,128.47000122070312,0.005056479060803198
2013-07-30,1324.0,81.83000183105469,2.6029999256134033,13.390000343322754,1685.9599609375,128.1199951171875,-0.0033177713841849865
2013-07-31,1312.4000244140625,81.44999694824219,2.5929999351501465,13.449999809265137,1685.72998046875,127.95999908447266,-0.008799916807399555
2013-08-01,1311.0,82.33999633789062,2.7230000495910645,12.9399995803833,1706.8699951171875,126.61000061035156,-0.0010673359258541737
2013-08-02,1310.5999755859375,81.91000366210938,2.6019999980926514,11.979999542236328,1709.6700439453125,126.36000061035156,-0.0003051757864609428
2013-08-05,1302.5999755859375,81.87999725341797,2.640000104904175,11.84000015258789,1707.1400146484375,125.69999694824219,-0.006122780607500822
2013-08-06,1283.199951171875,81.5999984741211,2.6419999599456787,12.720000267028809,1697.3699951171875,123.97000122070312,-0.0150053283093321
2013-08-07,1286.0999755859375,81.29000091552734,2.5999999046325684,12.979999542236328,1690.9100341796875,124.1500015258789,0.0022574442286140695
2013-08-08,1310.699951171875,81.01000213623047,2.5869998931884766,12.729999542236328,1697.47998046875,126.86000061035156,0.0189469440830079
2013-08-09,1312.9000244140625,81.12999725341797,2.5799999237060547,13.40999984741211,1691.4200439453125,126.86000061035156,0.001677141163559881
2013-08-12,1334.699951171875,81.33000183105469,2.6050000190734863,12.8100004196167,1689.469970703125,129.1300048828125,0.016468061360921382
2013-08-13,1321.199951171875,81.7300033569336,2.7149999141693115,12.3100004196167,1694.1600341796875,127.73999786376953,-0.010166133337281558
2013-08-14,1334.0,81.69999694824219,2.7119998931884766,13.039999961853027,1685.3900146484375,129.0,0.00964156991634102
2013-08-15,1361.5999755859375,81.12999725341797,2.755000114440918,14.729999542236328,1661.3199462890625,131.69000244140625,0.020478513413118904
2013-08-16,1371.699951171875,81.26000213623047,2.8289999961853027,14.369999885559082,1655.8299560546875,132.5800018310547,0.007390349998876999
2013-08-19,1366.199951171875,81.2300033569336,2.884000062942505,15.100000381469727,1646.06005859375,132.00999450683594,-0.004017683329916366
2013-08-20,1373.0999755859375,80.91000366210938,2.813999891281128,14.90999984741211,1652.3499755859375,132.4499969482422,0.005037811989806684
2013-08-21,1370.5999755859375,81.31999969482422,2.8550000190734863,15.9399995803833,1642.800048828125,132.07000732421875,-0.0018223572084146156
2013-08-22,1371.199951171875,81.48999786376953,2.9010000228881836,14.760000228881836,1656.9599609375,132.80999755859375,0.0004376508946979385
2013-08-23,1395.699951171875,81.33999633789062,2.818000078201294,13.979999542236328,1663.5,134.89999389648438,0.01770981329617438
2013-08-26,1393.0,81.37000274658203,2.805000066757202,14.989999771118164,1656.780029296875,135.4499969482422,-0.0019363517501069794
2013-08-27,1420.5999755859375,81.16999816894531,2.7209999561309814,16.770000457763672,1630.47998046875,136.75,0.019619605598163226
2013-08-28,1419.0,81.41999816894531,2.7820000648498535,16.489999771118164,1634.9599609375,136.7100067138672,-0.0011269022179263288
2013-08-29,1412.9000244140625,81.94999694824219,2.750999927520752,16.809999465942383,1638.1700439453125,135.8699951171875,-0.00430805110888155
2013-08-30,1396.0999755859375,82.08999633789062,2.749000072479248,17.010000228881836,1632.969970703125,134.6199951171875,-0.011961729543889632
2013-09-03,1412.0,82.36000061035156,2.8480000495910645,16.610000610351562,1639.77001953125,136.4199981689453,0.0113245215459159
2013-09-04,1389.9000244140625,82.16999816894531,2.8970000743865967,15.880000114440918,1653.0799560546875,134.66000366210938,-0.01577531939713772
2013-09-05,1373.0999755859375,82.62999725341797,2.9790000915527344,15.770000457763672,1655.0799560546875,132.1999969482422,-0.012160880108594618
2013-09-06,1386.699951171875,82.1500015258789,2.937999963760376,15.850000381469727,1655.1700439453125,134.14999389648438,0.009855849000619088
2013-09-09,1386.800048828125,81.79000091552734,2.8970000743865967,15.630000114440918,1671.7099609375,133.91000366210938,7.218147199861136e-05
2013-09-10,1364.0999755859375,81.81999969482422,2.9590001106262207,14.529999732971191,1683.989990234375,131.74000549316406,-0.016504117418558728
2013-09-11,1363.9000244140625,81.5199966430664,2.9200000762939453,13.819999694824219,1689.1300048828125,131.6999969482422,-0.00014659176849995958
2013-09-12,1330.4000244140625,81.48999786376953,2.9070000648498535,14.289999961853027,1683.4200439453125,127.66999816894531,-0.024868593603377676
2013-09-13,1308.4000244140625,81.44999694824219,2.8980000019073486,14.15999984741211,1687.989990234375,127.81999969482422,-0.01667463190592855
2013-09-16,1317.9000244140625,81.25,2.874000072479248,14.380000114440918,1697.5999755859375,126.44999694824219,0.007234543851109443
2013-09-17,1309.5,81.16999816894531,2.8529999256134033,14.529999732971191,1704.760009765625,126.5,-0.006394194227050676
2013-09-18,1307.800048828125,80.23999786376953,2.7079999446868896,13.59000015258789,1725.52001953125,132.00999450683594,-0.0012990114845123912
2013-09-19,1369.4000244140625,80.36000061035156,2.747999906539917,13.15999984741211,1722.3399658203125,131.75,0.046026332051999574
2013-09-20,1332.5,80.44000244140625,2.7320001125335693,13.119999885559082,1709.9100341796875,127.95999908447266,-0.027315828475254378
2013-09-23,1326.9000244140625,80.44999694824219,2.7139999866485596,14.3100004196167,1701.8399658203125,127.55000305175781,-0.004211464098284878
2013-09-24,1316.0,80.55999755859375,2.6530001163482666,14.079999923706055,1697.4200439453125,127.66000366210938,-0.008248580056451793
2013-09-25,1335.9000244140625,80.33000183105469,2.614000082015991,14.010000228881836,1692.77001953125,128.7899932861328,0.015008407385870726
2013-09-26,1323.5999755859375,80.5199966430664,2.6429998874664307,14.0600004196167,1698.6700439453125,127.79000091552734,-0.009249961668873041
2013-09-27,1338.4000244140625,80.2699966430664,2.61899995803833,15.460000038146973,1691.75,128.97000122070312,0.01111961031158426
2013-09-30,1326.5,80.22000122070312,2.615000009536743,16.600000381469727,1681.550048828125,128.17999267578125,-0.008930994336050269
2013-10-01,1286.0,80.0999984741211,2.6459999084472656,15.539999961853027,1695.0,124.58999633789062,-0.031007268780229857
2013-10-02,1320.5999755859375,79.87999725341797,2.625999927520752,16.600000381469727,1693.8699951171875,127.05999755859375,0.026549534475807768
2013-10-03,1317.4000244140625,79.7699966430664,2.6059999465942383,17.670000076293945,1678.6600341796875,127.18000030517578,-0.0024260445347756843
2013-10-04,1309.699951171875,80.12000274658203,2.6519999504089355,16.739999771118164,1690.5,126.52999877929688,-0.005862049685156023
2013-10-07,1324.800048828125,79.94000244140625,2.634000062942505,19.40999984741211,1676.1199951171875,127.63999938964844,0.011463475434532633
2013-10-08,1324.199951171875,80.05999755859375,2.635999917984009,20.34000015258789,1655.449951171875,127.4000015258789,-0.00045307487090617826
2013-10-09,1306.9000244140625,80.37000274658203,2.6500000953674316,19.600000381469727,1656.4000244140625,126.11000061035156,-0.013150527333181117
2013-10-10,1296.5999755859375,80.41999816894531,2.684999942779541,16.479999542236328,1692.56005859375,124.2699966430664,-0.007912504372284523
2013-10-11,1268.0,80.36000061035156,2.681999921798706,15.720000267028809,1703.199951171875,122.5999984741211,-0.022304578914430273
2013-10-14,1276.4000244140625,80.26000213623047,2.690999984741211,16.06999969482422,1710.1400146484375,122.83000183105469,0.006602778534198883
2013-10-15,1273.0,80.4800033569336,2.7200000286102295,18.65999984741211,1698.06005859375,123.7300033569336,-0.0026673149739631086
2013-10-16,1282.0,80.5,2.6710000038146973,14.710000038146973,1721.5400390625,123.54000091552734,0.007045038923208402
2013-10-17,1322.699951171875,79.6500015258789,2.5869998931884766,13.479999542236328,1733.1500244140625,127.41999816894531,0.031253706635890666
2013-10-18,1314.4000244140625,79.63999938964844,2.5889999866485596,13.039999961853027,1744.5,126.8499984741211,-0.006294758819145763
2013-10-21,1315.699951171875,79.68000030517578,2.6089999675750732,13.15999984741211,1744.6600341796875,126.9800033569336,0.0009884999625331403
2013-10-22,1342.5,79.23999786376953,2.51200008392334,13.329999923706055,1754.6700439453125,129.33999633789062,0.020164741123126717
2013-10-23,1333.9000244140625,79.26000213623047,2.484999895095825,13.420000076293945,1746.3800048828125,128.69000244140625,-0.0064265469332536185
2013-10-24,1350.199951171875,79.19000244140625,2.5220000743865967,13.199999809265137,1752.0699462890625,129.89999389648438,0.012145692994379509
2013-10-25,1352.4000244140625,79.18000030517578,2.503000020980835,13.09000015258789,1759.77001953125,130.4600067138672,0.0016281164419824634
2013-10-28,1352.0,79.25,2.51200008392334,13.3100004196167,1762.1099853515625,130.55999755859375,-0.0002958322832187221
2013-10-29,1345.199951171875,79.62999725341797,2.506999969482422,13.40999984741211,1771.949951171875,129.77000427246094,-0.0050423130348367096
2013-10-30,1349.0,79.75,2.5269999504089355,13.649999618530273,1763.31005859375,129.60000610351562,0.00282091263968276
2013-10-31,1323.5999755859375,80.19999694824219,2.5420000553131104,13.75,1756.5400390625,127.73999786376953,-0.019008298605495355
2013-11-01,1313.0999755859375,80.7300033569336,2.619999885559082,13.279999732971191,1761.6400146484375,126.94999694824219,-0.007964543329991969
2013-11-04,1314.5999755859375,80.55000305175781,2.6019999980926514,12.930000305175781,1767.9300537109375,126.80999755859375,0.0011416829857315847
2013-11-05,1308.0,80.70999908447266,2.6619999408721924,13.270000457763672,1762.969970703125,126.55999755859375,-0.00503316524085573
2013-11-06,1317.699951171875,80.4800033569336,2.640000104904175,12.670000076293945,1770.489990234375,127.19999694824219,0.007388502478491432
2013-11-07,1308.4000244140625,80.81999969482422,2.61299991607666,13.90999984741211,1747.1500244140625,126.16000366210938,-0.007082720171927903
2013-11-08,1284.5,81.20999908447266,2.746000051498413,12.899999618530273,1770.6099853515625,124.27999877929688,-0.01843549777376907
2013-11-11,1281.0,81.08999633789062,2.750999927520752,12.529999732971191,1771.8900146484375,123.87000274658203,-0.0027285146532047833
2013-11-12,1271.0999755859375,81.19000244140625,2.7679998874664307,12.819999694824219,1767.68994140625,122.44999694824219,-0.007758374803145784
2013-11-13,1268.300048828125,80.93000030517578,2.7249999046325684,12.520000457763672,1782.0,122.8499984741211,-0.0022051885213283384
2013-11-14,1286.199951171875,80.9800033569336,2.7019999027252197,12.369999885559082,1790.6199951171875,124.2699966430664,0.01401463716541329
2013-11-15,1287.300048828125,80.83999633789062,2.7090001106262207,12.1899995803833,1798.1800537109375,124.31999969482422,0.0008549428585640229
2013-11-18,1272.199951171875,80.83000183105469,2.677999973297119,13.100000381469727,1791.530029296875,122.9000015258789,-0.011799392732389613
2013-11-19,1273.4000244140625,80.69999694824219,2.7119998931884766,13.390000343322754,1787.8699951171875,122.94999694824219,0.0009428608914205938
2013-11-20,1257.9000244140625,81.11000061035156,2.7920000553131104,13.399999618530273,1781.3699951171875,120.12000274658203,-0.01224682450185366
2013-11-21,1243.5,81.05000305175781,2.7839999198913574,12.65999984741211,1795.8499755859375,119.94000244140625,-0.011513699009954692
2013-11-22,1244.0,80.70999908447266,2.752000093460083,12.260000228881836,1804.760009765625,119.91999816894531,0.0004020100556649808
2013-11-25,1241.0999755859375,80.91999816894531,2.740999937057495,12.789999961853027,1802.47998046875,120.45999908447266,-0.0023339308349594745
2013-11-26,1241.4000244140625,80.61000061035156,2.696000099182129,12.8100004196167,1802.75,119.81999969482422,0.00024173118194248389
2013-11-27,1237.800048828125,80.73999786376953,2.7360000610351562,12.979999542236328,1807.22998046875,119.45999908447266,-0.0029041448933400105
2013-11-29,1250.5999755859375,80.68000030517578,2.740999937057495,13.699999809265137,1805.81005859375,120.69999694824219,0.01028776685854993
2013-12-02,1222.300048828125,80.91000366210938,2.8010001182556152,14.229999542236328,1800.9000244140625,117.58000183105469,-0.02288904688035931
2013-12-03,1221.699951171875,80.62000274658203,2.7750000953674316,14.550000190734863,1795.1500244140625,117.95999908447266,-0.0004910782883058573
2013-12-04,1248.199951171875,80.62999725341797,2.8410000801086426,14.699999809265137,1792.81005859375,119.95999908447266,0.021459182938458277
2013-12-05,1233.199951171875,80.2699966430664,2.861999988555908,15.079999923706055,1785.030029296875,118.30000305175781,-0.012090096963768282
2013-12-06,1230.300048828125,80.2699966430664,2.882999897003174,13.789999961853027,1805.0899658203125,118.55000305175781,-0.0023542956632374157
2013-12-09,1235.300048828125,80.12999725341797,2.8570001125335693,13.489999771118164,1808.3699951171875,119.72000122070312,0.00405581331600402
2013-12-10,1262.4000244140625,79.97000122070312,2.796999931335449,13.90999984741211,1802.6199951171875,121.81999969482422,0.021700795360903413
2013-12-11,1258.5,79.88999938964844,2.8440001010894775,15.420000076293945,1782.219970703125,120.86000061035156,-0.0030941548556420173
2013-12-12,1226.0,80.19999694824219,2.877000093460083,15.539999961853027,1775.5,118.29000091552734,-0.026163698079213482
2013-12-13,1235.699951171875,80.20999908447266,2.868000030517578,15.760000228881836,1775.3199462890625,119.37999725341797,0.0078807340994409
2013-12-16,1245.5,80.06999969482422,2.877000093460083,16.030000686645508,1786.5400390625,119.69000244140625,0.007899484106637544
2013-12-17,1231.199951171875,80.05999755859375,2.8429999351501465,16.209999084472656,1781.0,118.6500015258789,-0.011547791836537868
2013-12-18,1236.0999755859375,80.11000061035156,2.884999990463257,13.800000190734863,1810.6500244140625,117.61000061035156,0.003971978277199639
2013-12-19,1195.0,80.62999725341797,2.924999952316284,14.149999618530273,1809.5999755859375,114.81999969482422,-0.03381505677728658
2013-12-20,1205.0999755859375,80.58000183105469,2.88700008392334,13.789999961853027,1818.3199462890625,115.94000244140625,0.008416345408783776
2013-12-23,1198.4000244140625,80.44999694824219,2.928999900817871,13.039999961853027,1827.989990234375,115.56999969482422,-0.005575176639224466
2013-12-24,1205.0999755859375,80.52999877929688,2.9830000400543213,12.479999542236328,1833.3199462890625,116.0999984741211,0.005575176639224466
2013-12-26,1214.0999755859375,80.4800033569336,2.990000009536743,12.329999923706055,1842.02001953125,116.73999786376953,0.007440510666761213
2013-12-27,1216.0999755859375,80.38999938964844,3.00600004196167,12.460000038146973,1841.4000244140625,117.12000274658203,0.0016459554700949397
2013-12-30,1203.0999755859375,80.0,2.9760000705718994,13.5600004196167,1841.0699462890625,115.38999938964844,-0.010747458164401813
2013-12-31,1201.9000244140625,80.04000091552734,3.0260000228881836,13.720000267028809,1848.3599853515625,116.12000274658203,-0.0009978804752162063
2014-01-02,1225.0,80.62999725341797,2.984999895095825,14.229999542236328,1831.97998046875,118.0,0.01903718570719448
2014-01-03,1238.4000244140625,80.79000091552734,2.994999885559082,13.760000228881836,1831.3699951171875,119.29000091552734,0.010879399570833392
2014-01-06,1237.800048828125,80.6500015258789,2.9609999656677246,13.550000190734863,1826.77001953125,119.5,-0.0004845937968926961
2014-01-07,1229.4000244140625,80.83000183105469,2.937000036239624,12.920000076293945,1837.8800048828125,118.81999969482422,-0.006809384421340603
2014-01-08,1225.300048828125,81.04000091552734,2.993000030517578,12.869999885559082,1837.489990234375,118.12000274658203,-0.003340513526092437
2014-01-09,1229.300048828125,81.01000213623047,2.9630000591278076,12.890000343322754,1838.1300048828125,118.45999908447266,0.0032591895882276845
2014-01-10,1246.699951171875,80.66000366210938,2.859999895095825,12.140000343322754,1842.3699951171875,120.26000213623047,0.014055079791468472
2014-01-13,1250.9000244140625,80.51000213623047,2.8269999027252197,13.279999732971191,1819.199951171875,121.0199966430664,0.003363290552861997
2014-01-14,1245.199951171875,80.61000061035156,2.86899995803833,12.279999732971191,1838.8800048828125,119.88999938964844,-0.004567191383518576
2014-01-15,1238.0999755859375,81.0,2.884000062942505,12.279999732971191,1848.3800048828125,119.66000366210938,-0.005718193646703007
2014-01-16,1240.0,80.9000015258789,2.8429999351501465,12.529999732971191,1845.8900146484375,119.79000091552734,0.001533452891411713
2014-01-17,1251.699951171875,81.26000213623047,2.8269999027252197,12.4399995803833,1838.699951171875,120.93000030517578,0.009391208725446631
2014-01-21,1242.300048828125,81.0999984741211,2.825000047683716,12.869999885559082,1843.800048828125,119.69999694824219,-0.007538048800282304
2014-01-22,1239.0,81.16999816894531,2.859999895095825,12.84000015258789,1844.8599853515625,119.19000244140625,-0.0026599368951050195
2014-01-23,1262.5999755859375,80.44000244140625,2.7730000019073486,13.770000457763672,1828.4599609375,121.79000091552734,0.018868464968043064
2014-01-24,1264.5,80.45999908447266,2.734999895095825,18.139999389648438,1790.2900390625,122.29000091552734,0.001503719512834678
2014-01-27,1263.5999755859375,80.5,2.7660000324249268,17.420000076293945,1781.56005859375,120.95999908447266,-0.000712016503126911
2014-01-28,1251.0,80.56999969482422,2.746000051498413,15.800000190734863,1792.5,120.94999694824219,-0.010021539139981606
2014-01-29,1262.199951171875,80.51000213623047,2.674999952316284,17.350000381469727,1774.199951171875,122.47000122070312,0.008912959998292003
2014-01-30,1242.199951171875,81.08999633789062,2.693000078201294,17.290000915527344,1794.18994140625,119.7699966430664,-0.01597222964778222
2014-01-31,1240.0999755859375,81.2699966430664,2.6679999828338623,18.40999984741211,1782.5899658203125,120.08999633789062,-0.0016919599958669096
2014-02-03,1260.4000244140625,81.01000213623047,2.5810000896453857,21.440000534057617,1741.8900146484375,121.31999969482422,0.01623714843165569
2014-02-04,1251.699951171875,81.12000274658203,2.624000072479248,19.110000610351562,1755.199951171875,120.98999786376953,-0.006926561928680464
2014-02-05,1257.300048828125,81.02999877929688,2.6670000553131104,19.950000762939453,1751.6400146484375,121.29000091552734,0.004464015110304587
2014-02-06,1257.5999755859375,80.88999938964844,2.7019999027252197,17.229999542236328,1773.4300537109375,121.23999786376953,0.0002385198268903821
2014-02-07,1263.300048828125,80.69000244140625,2.674999952316284,15.289999961853027,1797.02001953125,122.16999816894531,0.004522260225517272
2014-02-10,1274.800048828125,80.66999816894531,2.677999973297119,15.260000228881836,1799.8399658203125,122.91999816894531,0.009061958358516087
2014-02-11,1290.0999755859375,80.62999725341797,2.7190001010894775,14.510000228881836,1819.75,124.36000061035156,0.011930373961170027
2014-02-12,1295.300048828125,80.68000030517578,2.763000011444092,14.300000190734863,1819.260009765625,124.43000030517578,0.004022650425664409
2014-02-13,1300.4000244140625,80.29000091552734,2.7360000610351562,14.140000343322754,1829.8299560546875,125.48999786376953,0.003929561971428797
2014-02-14,1319.0,80.12999725341797,2.746000051498413,13.569999694824219,1838.6300048828125,127.1500015258789,0.014201945513293346
2014-02-18,1324.699951171875,80.01000213623047,2.7109999656677246,13.869999885559082,1840.760009765625,127.4000015258789,0.004312108113140312
2014-02-19,1320.5999755859375,80.16999816894531,2.7339999675750732,15.5,1828.75,126.2699966430664,-0.0030998215570825494
2014-02-20,1317.0999755859375,80.29000091552734,2.753999948501587,14.789999961853027,1839.780029296875,127.5999984741211,-0.0026538288045969693
2014-02-21,1323.9000244140625,80.23999786376953,2.7339999675750732,14.680000305175781,1836.25,127.58000183105469,0.005149612915852586
2014-02-24,1338.300048828125,80.20999908447266,2.75,14.229999542236328,1847.6099853515625,128.99000549316406,0.01081824390288677
2014-02-25,1343.0,80.1500015258789,2.7009999752044678,13.670000076293945,1845.1199951171875,129.2100067138672,0.0035057292357230097
2014-02-26,1328.199951171875,80.41000366210938,2.6730000972747803,14.350000381469727,1845.1600341796875,128.11000061035156,-0.011081312179254788
2014-02-27,1331.5999755859375,80.29000091552734,2.6419999599456787,14.039999961853027,1854.2900390625,128.1999969482422,0.002556603022505044
2014-02-28,1321.4000244140625,79.77999877929688,2.6579999923706055,14.0,1859.449951171875,127.62000274658203,-0.007689409294796334
2014-03-03,1350.0999755859375,80.06999969482422,2.6070001125335693,16.0,1845.72998046875,130.2899932861328,0.02148684660835709
2014-03-04,1337.800048828125,80.16000366210938,2.690999984741211,14.100000381469727,1873.9100341796875,128.67999267578125,-0.009152135496918845
2014-03-05,1340.199951171875,80.11000061035156,2.697999954223633,13.890000343322754,1873.81005859375,128.88999938964844,0.0017923099224788075
2014-03-06,1351.699951171875,79.68000030517578,2.736999988555908,14.210000038146973,1877.030029296875,130.1699981689453,0.00854420326067995
2014-03-07,1338.0999755859375,79.72000122070312,2.7899999618530273,14.109999656677246,1878.0400390625,129.08999633789062,-0.010112344300665654
2014-03-10,1341.4000244140625,79.75,2.7839999198913574,14.199999809265137,1877.1700439453125,129.1300048828125,0.0024631838004482987
2014-03-11,1346.5,79.7699966430664,2.7660000324249268,14.800000190734863,1867.6300048828125,129.86000061035156,0.003794770385582069
2014-03-12,1370.300048828125,79.61000061035156,2.7260000705718994,14.470000267028809,1868.199951171875,131.75999450683594,0.01752109633366583
2014-03-13,1372.199951171875,79.62000274658203,2.6530001163482666,16.219999313354492,1846.3399658203125,132.2100067138672,0.0013855260876454167
2014-03-14,1379.0,79.44000244140625,2.6449999809265137,17.81999969482422,1841.1300048828125,133.10000610351562,0.004943343120337396
2014-03-17,1372.9000244140625,79.38999938964844,2.6989998817443848,15.640000343322754,1858.8299560546875,131.63999938964844,-0.004433290106901744
2014-03-18,1359.0,79.41000366210938,2.680999994277954,14.520000457763672,1872.25,130.6199951171875,-0.010176173535256794
2014-03-19,1341.4000244140625,79.98999786376953,2.7720000743865967,15.119999885559082,1860.77001953125,128.08999633789062,-0.013035272285072175
2014-03-20,1330.5,80.20999908447266,2.7750000953674316,14.520000457763672,1872.010009765625,127.86000061035156,-0.008159051448327403
2014-03-21,1336.0,80.11000061035156,2.75,15.0,1866.52001953125,128.47000122070312,0.004125263678846913
2014-03-24,1311.199951171875,79.93000030517578,2.7330000400543213,15.09000015258789,1857.43994140625,126.18000030517578,-0.01873736390623737
2014-03-25,1311.4000244140625,79.94000244140625,2.734999895095825,14.020000457763672,1865.6199951171875,126.41000366210938,0.0001525762559584365
2014-03-26,1303.4000244140625,79.9800033569336,2.7009999752044678,14.930000305175781,1852.56005859375,125.41000366210938,-0.006119033816973207
2014-03-27,1294.699951171875,80.11000061035156,2.671999931335449,14.619999885559082,1849.0400390625,124.58999633789062,-0.00669728327859076
2014-03-28,1293.800048828125,80.18000030517578,2.7119998931884766,14.40999984741211,1857.6199951171875,124.55999755859375,-0.000695308000776329
2014-03-31,1283.4000244140625,80.0999984741211,2.7230000495910645,13.880000114440918,1872.3399658203125,123.61000061035156,-0.008070837010600407
2014-04-01,1279.5999755859375,80.08000183105469,2.759000062942505,13.100000381469727,1885.52001953125,123.38999938964844,-0.002965315343456787
2014-04-02,1290.5,80.22000122070312,2.802999973297119,13.09000015258789,1890.9000244140625,124.31999969482422,0.008482230162754512
2014-04-03,1284.4000244140625,80.47000122070312,2.7899999618530273,13.369999885559082,1888.77001953125,123.91999816894531,-0.00473803793516403
2014-04-04,1303.199951171875,80.41999816894531,2.7260000705718994,13.960000038146973,1865.0899658203125,125.56999969482422,0.014531038596461876
2014-04-07,1298.0,80.22000122070312,2.694999933242798,15.569999694824219,1845.0400390625,124.91000366210938,-0.0039981225559317934
2014-04-08,1308.699951171875,79.75,2.680999994277954,14.890000343322754,1851.9599609375,126.08999633789062,0.008209622486996082
2014-04-09,1305.5,79.4800033569336,2.684000015258789,13.819999694824219,1872.1800537109375,126.31999969482422,-0.00244813161184787
2014-04-10,1320.0999755859375,79.37999725341797,2.628000020980835,15.890000343322754,1833.0799560546875,127.01000213623047,0.011121363653430194
2014-04-11,1318.699951171875,79.44999694824219,2.61899995803833,17.030000686645508,1815.68994140625,126.93000030517578,-0.00106110700643125
2014-04-14,1327.199951171875,79.7300033569336,2.6389999389648438,16.110000610351562,1830.6099853515625,127.8499984741211,0.006425057299722425
2014-04-15,1300.0,79.80000305175781,2.628000020980835,15.609999656677246,1842.97998046875,125.48999786376953,-0.020707158636276368
2014-04-16,1303.0999755859375,79.81999969482422,2.63700008392334,14.180000305175781,1862.31005859375,125.54000091552734,0.002381757965860487
2014-04-17,1293.4000244140625,79.83000183105469,2.7209999561309814,13.359999656677246,1864.8499755859375,124.75,-0.007471593527117015
2014-04-21,1288.0,79.94999694824219,2.7209999561309814,13.25,1871.8900146484375,124.23999786376953,-0.004183801224072248
2014-04-22,1280.5999755859375,79.91000366210938,2.7260000705718994,13.1899995803833,1879.550048828125,123.77999877929688,-0.005761928644147929
2014-04-23,1284.199951171875,79.86000061035156,2.686000108718872,13.270000457763672,1875.3900146484375,123.76000213623047,0.0028072193175834315
2014-04-24,1290.5,79.80000305175781,2.687999963760376,13.319999694824219,1878.6099853515625,124.55999755859375,0.004893821820934008
2014-04-25,1300.699951171875,79.7699966430664,2.6659998893737793,14.0600004196167,1863.4000244140625,125.43000030517578,0.007872803371142822
2014-04-28,1298.9000244140625,79.68000030517578,2.677000045776367,13.970000267028809,1869.4300537109375,124.87999725341797,-0.001384772320621508
2014-04-29,1296.0,79.80999755859375,2.694999933242798,13.710000038146973,1878.3299560546875,124.86000061035156,-0.0022351732969703164
2014-04-30,1295.5999755859375,79.48999786376953,2.6480000019073486,13.40999984741211,1883.949951171875,124.22000122070312,-0.0003087084588733191
2014-05-01,1283.0999755859375,79.52999877929688,2.6059999465942383,13.25,1883.6800537109375,123.80000305175781,-0.009694883579778768
2014-05-02,1302.5999755859375,79.5199966430664,2.5910000801086426,12.90999984741211,1881.1400146484375,125.05999755859375,0.015083242496170435
2014-05-05,1309.0,79.48999786376953,2.6110000610351562,13.289999961853027,1884.6600341796875,126.22000122070312,0.004901238540162112
2014-05-06,1308.300048828125,79.13999938964844,2.5950000286102295,13.800000190734863,1867.719970703125,125.9800033569336,-0.0005348650712599934
2014-05-07,1288.5999755859375,79.22000122070312,2.5899999141693115,13.399999618530273,1878.2099609375,124.16999816894531,-0.015172283080289617
2014-05-08,1287.4000244140625,79.43000030517578,2.6019999980926514,13.430000305175781,1875.6300048828125,124.16999816894531,-0.0009316391759837117
2014-05-09,1287.300048828125,79.9000015258789,2.622999906539917,12.920000076293945,1878.47998046875,124.0999984741211,-7.765998612985214e-05
2014-05-12,1295.5999755859375,79.9000015258789,2.6559998989105225,12.229999542236328,1896.6500244140625,124.94000244140625,0.006426849857109396
2014-05-13,1294.5999755859375,80.13999938964844,2.618000030517578,12.130000114440918,1897.449951171875,124.5999984741211,-0.0007721412003194317
2014-05-14,1305.699951171875,80.06999969482422,2.5429999828338623,12.170000076293945,1888.530029296875,125.80999755859375,0.008537509764837026
2014-05-15,1293.5,80.0,2.502000093460083,13.170000076293945,1870.8499755859375,124.7699966430664,-0.009387535391780055
2014-05-16,1293.300048828125,80.04000091552734,2.5179998874664307,12.4399995803833,1877.8599853515625,124.5,-0.00015459345020829574
2014-05-19,1293.699951171875,79.98999786376953,2.5360000133514404,12.420000076293945,1885.0799560546875,124.58000183105469,0.00030916300497541016
2014-05-20,1294.5,80.04000091552734,2.509000062942505,12.960000038146973,1872.8299560546875,124.69000244140625,0.0006182280107411842
2014-05-21,1288.0,80.0999984741211,2.5369999408721924,11.90999984741211,1888.030029296875,124.38999938964844,-0.005033892527293027
2014-05-22,1294.9000244140625,80.25,2.555000066757202,12.029999732971191,1892.489990234375,124.66999816894531,0.005342863264508502
2014-05-23,1291.5999755859375,80.38999938964844,2.5360000133514404,11.359999656677246,1900.530029296875,124.51000213623047,-0.0025517499468730165
2014-05-27,1265.4000244140625,80.3499984741211,2.5179998874664307,11.510000228881836,1911.9100341796875,121.8499984741211,-0.020493443975597714
2014-05-28,1259.300048828125,80.56999969482422,2.437999963760376,11.680000305175781,1909.780029296875,121.19999694824219,-0.004832247220515562
2014-05-29,1256.300048828125,80.48999786376953,2.447000026702881,11.569999694824219,1920.030029296875,120.94000244140625,-0.002385117908837664
2014-05-30,1245.5999755859375,80.37000274658203,2.4570000171661377,11.399999618530273,1923.5699462890625,120.43000030517578,-0.008553609957438368
2014-06-02,1243.699951171875,80.63999938964844,2.5339999198913574,11.579999923706055,1924.969970703125,119.69999694824219,-0.0015265535202235725
2014-06-03,1244.300048828125,80.55000305175781,2.5929999351501465,11.869999885559082,1924.239990234375,120.01000213623047,0.00048239362370416927
2014-06-04,1244.0,80.66999816894531,2.6059999465942383,12.079999923706055,1927.8800048828125,119.76000213623047,-0.00024116772390136987
2014-06-05,1253.0,80.37000274658203,2.5840001106262207,11.680000305175781,1940.4599609375,120.66000366210938,0.007208681596943656
2014-06-06,1252.0999755859375,80.41000366210938,2.5969998836517334,10.729999542236328,1949.43994140625,120.61000061035156,-0.0007185537196594538
2014-06-09,1253.5,80.6500015258789,2.61299991607666,11.149999618530273,1951.27001953125,120.6500015258789,0.0011175164219388023
2014-06-10,1259.800048828125,80.81999969482422,2.634999990463257,10.989999771118164,1950.7900390625,121.38999938964844,0.005013378348112774
2014-06-11,1260.800048828125,80.79000091552734,2.640000104904175,11.600000381469727,1943.8900146484375,121.41000366210938,0.0007934618850446995
2014-06-12,1273.5999755859375,80.58000183105469,2.5859999656677246,12.5600004196167,1930.1099853515625,122.63999938964844,0.010101038089279868
2014-06-13,1273.699951171875,80.58000183105469,2.6040000915527344,12.180000305175781,1936.1600341796875,122.95999908447266,7.849533927206664e-05
2014-06-16,1274.9000244140625,80.47000122070312,2.5969998836517334,12.649999618530273,1937.780029296875,122.41999816894531,0.0009417510338058932
2014-06-17,1271.699951171875,80.62999725341797,2.6549999713897705,12.0600004196167,1941.989990234375,122.27999877929688,-0.0025132136631089708
2014-06-18,1272.4000244140625,80.58000183105469,2.61299991607666,10.609999656677246,1956.97998046875,122.66999816894531,0.000550350431645974
2014-06-19,1313.699951171875,80.31999969482422,2.621999979019165,10.619999885559082,1959.47998046875,126.94000244140625,0.03194264624466303
2014-06-20,1316.199951171875,80.37000274658203,2.624000072479248,10.850000381469727,1962.8699951171875,126.5,0.0019012136171543403
2014-06-23,1318.0,80.26000213623047,2.622999906539917,10.979999542236328,1962.6099853515625,126.8499984741211,0.0013666761382351567
2014-06-24,1320.9000244140625,80.33000183105469,2.5859999656677246,12.130000114440918,1949.97998046875,126.9800033569336,0.0021979048502647203
2014-06-25,1322.199951171875,80.22000122070312,2.559000015258789,11.59000015258789,1959.530029296875,126.98999786376953,0.0009836380573053916
2014-06-26,1316.0999755859375,80.2300033569336,2.5250000953674316,11.630000114440918,1957.219970703125,126.7300033569336,-0.004624179680054574
2014-06-27,1319.0,80.04000091552734,2.5320000648498535,11.260000228881836,1960.9599609375,126.66000366210938,0.0022010744273464056
2014-06-30,1321.800048828125,79.77999877929688,2.5160000324249268,11.569999694824219,1960.22998046875,128.0399932861328,0.0021206072596671177
2014-07-01,1326.4000244140625,79.81999969482422,2.562999963760376,11.149999618530273,1973.3199462890625,127.69999694824219,0.0034740428103079424
2014-07-02,1330.699951171875,79.95999908447266,2.628000020980835,10.819999694824219,1974.6199951171875,127.69999694824219,0.0032365590688430146
2014-07-03,1320.4000244140625,80.20999908447266,2.6480000019073486,10.319999694824219,1985.43994140625,127.16000366210938,-0.007770343387195844
2014-07-07,1316.5,80.22000122070312,2.617000102996826,11.329999923706055,1977.6500244140625,127.0199966430664,-0.002958039532572343
2014-07-08,1316.0,80.18000030517578,2.565000057220459,11.979999542236328,1963.7099609375,127.06999969482422,-0.00037986705110171215
2014-07-09,1323.800048828125,79.98999786376953,2.546999931335449,11.649999618530273,1972.8299560546875,127.83999633789062,0.0059095926843788504
2014-07-10,1338.699951171875,80.12999725341797,2.5320000648498535,12.59000015258789,1964.6800537109375,128.5399932861328,0.011192531747925116
2014-07-11,1337.0,80.19000244140625,2.5199999809265137,12.079999923706055,1967.5699462890625,128.77999877929688,-0.0012706592156233043
2014-07-14,1306.300048828125,80.19000244140625,2.5490000247955322,11.819999694824219,1977.0999755859375,125.72000122070312,-0.02322954723047488
2014-07-15,1296.9000244140625,80.38999938964844,2.5490000247955322,11.960000038146973,1973.280029296875,124.52999877929688,-0.007221930704834456
2014-07-16,1299.5999755859375,80.55999755859375,2.5380001068115234,11.0,1981.5699462890625,124.97000122070312,0.002079685842482526
2014-07-17,1316.699951171875,80.5199966430664,2.4749999046325684,14.539999961853027,1958.1199951171875,127.08999633789062,0.013072063269468082
2014-07-18,1309.199951171875,80.5199966430664,2.4839999675750732,12.0600004196167,1978.219970703125,126.12999725341797,-0.005712342947713722
2014-07-21,1313.699951171875,80.55999755859375,2.4739999771118164,12.8100004196167,1973.6300048828125,126.33999633789062,0.003431319976192171
2014-07-22,1306.0999755859375,80.77999877929688,2.4660000801086426,12.239999771118164,1983.530029296875,125.73999786376953,-0.005801967415925979
2014-07-23,1304.5,80.80999755859375,2.4639999866485596,11.520000457763672,1987.010009765625,125.62000274658203,-0.0012257533143538168
2014-07-24,1290.5999755859375,80.87000274658203,2.509000062942505,11.84000015258789,1987.97998046875,124.3499984741211,-0.010712617991875284
2014-07-25,1303.0999755859375,81.02999877929688,2.4690001010894775,12.6899995803833,1978.3399658203125,125.79000091552734,0.0096388148305806
2014-07-28,1303.300048828125,81.02999877929688,2.490999937057495,12.5600004196167,1978.9100341796875,125.58000183105469,0.00015352458617723386
2014-07-29,1298.300048828125,81.20999908447266,2.4619998931884766,13.279999732971191,1969.949951171875,125.19999694824219,-0.00384379302618143
2014-07-30,1294.9000244140625,81.41999816894531,2.553999900817871,13.329999923706055,1970.0699462890625,124.83000183105469,-0.002622263046676565
2014-07-31,1281.300048828125,81.45999908447266,2.555999994277954,16.950000762939453,1930.6700439453125,123.38999938964844,-0.010558265305008696
2014-08-01,1293.5999755859375,81.30000305175781,2.505000114440918,17.030000686645508,1925.1500244140625,124.37999725341797,0.009553784766136886
2014-08-04,1287.699951171875,81.33000183105469,2.490999937057495,15.119999885559082,1938.989990234375,123.98999786376953,-0.004571367029065243
2014-08-05,1284.0,81.5199966430664,2.4830000400543213,16.8700008392334,1920.2099609375,123.87000274658203,-0.0028774381109641922
2014-08-06,1306.699951171875,81.44000244140625,2.4739999771118164,16.3700008392334,1920.239990234375,125.66999816894531,0.017524632377683425
2014-08-07,1310.800048828125,81.5199966430664,2.4240000247955322,16.65999984741211,1909.5699462890625,126.18000030517578,0.0031328374476986554
2014-08-08,1308.9000244140625,81.38999938964844,2.4149999618530273,15.770000457763672,1931.5899658203125,126.19000244140625,-0.0014505666252642158
2014-08-11,1308.5,81.47000122070312,2.4200000762939453,14.229999542236328,1936.9200439453125,125.95999908447266,-0.0003056654798241354
2014-08-12,1308.800048828125,81.5,2.441999912261963,14.130000114440918,1933.75,125.98999786376953,0.00022928118583465107
2014-08-13,1312.800048828125,81.5999984741211,2.4130001068115234,12.899999618530273,1946.719970703125,126.19999694824219,0.003051573813724673
2014-08-14,1313.9000244140625,81.58999633789062,2.4000000953674316,12.420000076293945,1955.1800537109375,126.30999755859375,0.0008375342593867074
2014-08-15,1304.5,81.41999816894531,2.3450000286102295,13.149999618530273,1955.06005859375,125.4800033569336,-0.007180006652363069
2014-08-18,1297.699951171875,81.58000183105469,2.38700008392334,12.319999694824219,1971.739990234375,124.95999908447266,-0.005226396460265903
2014-08-19,1295.0999755859375,81.87999725341797,2.4049999713897705,12.210000038146973,1981.5999755859375,124.68000030517578,-0.002005535738078379
2014-08-20,1293.4000244140625,82.25,2.4260001182556152,11.779999732971191,1986.510009765625,124.22000122070312,-0.0013134644900674175
2014-08-21,1273.699951171875,82.1500015258789,2.4070000648498535,11.760000228881836,1992.3699951171875,122.87999725341797,-0.015348416628314432
2014-08-22,1278.5999755859375,82.33999633789062,2.4030001163482666,11.470000267028809,1988.4000244140625,123.19000244140625,0.0038396979781980534
2014-08-25,1277.300048828125,82.55000305175781,2.38700008392334,11.699999809265137,1997.9200439453125,122.73999786376953,-0.0010171969619161558
2014-08-26,1283.800048828125,82.6500015258789,2.3910000324249268,11.630000114440918,2000.02001953125,123.3499984741211,0.0050759546353971174
2014-08-27,1281.9000244140625,82.43000030517578,2.3610000610351562,11.779999732971191,2000.1199951171875,123.31999969482422,-0.0014810965484315375
2014-08-28,1288.699951171875,82.4800033569336,2.3340001106262207,12.050000190734863,1996.739990234375,124.0,0.0052905490415975365
2014-08-29,1285.800048828125,82.75,2.3429999351501465,12.09000015258789,2003.3699951171875,123.86000061035156,-0.002252789722417603
2014-09-02,1263.699951171875,82.98999786376953,2.4189999103546143,12.25,2002.280029296875,121.6500015258789,-0.01733724355686661
2014-09-03,1268.9000244140625,82.87000274658203,2.4100000858306885,12.359999656677246,2000.719970703125,122.1500015258789,0.004106515517587006
2014-09-04,1265.0999755859375,83.81999969482422,2.447999954223633,12.640000343322754,1997.6500244140625,121.4800033569336,-0.0029992515207100112
2014-09-05,1265.800048828125,83.76000213623047,2.4609999656677246,12.09000015258789,2007.7099609375,122.05999755859375,0.000553220793622522
2014-09-08,1252.699951171875,84.2300033569336,2.4690001010894775,12.65999984741211,2001.5400390625,120.7300033569336,-0.01040318904427906
2014-09-09,1246.800048828125,84.27999877929688,2.5,13.5,1988.43994140625,120.87000274658203,-0.004720874815900444
2014-09-10,1243.5,84.25,2.5339999198913574,12.880000114440918,1995.68994140625,120.26000213623047,-0.002650323812478206
2014-09-11,1237.4000244140625,84.30000305175781,2.5309998989105225,12.800000190734863,1997.449951171875,119.47000122070312,-0.0049175604164419795
2014-09-12,1229.9000244140625,84.23999786376953,2.614000082015991,13.3100004196167,1985.5400390625,118.37999725341797,-0.0060795387282084334
2014-09-15,1233.5999755859375,84.26000213623047,2.5910000801086426,14.119999885559082,1984.1300048828125,118.63999938964844,0.0030038189193488662
2014-09-16,1235.199951171875,84.06999969482422,2.5889999866485596,12.729999542236328,1998.97998046875,118.83000183105469,0.0012961567218114922
2014-09-17,1234.4000244140625,84.69999694824219,2.5999999046325684,12.649999618530273,2001.5699462890625,117.54000091552734,-0.0006478189129381917
2014-09-18,1225.699951171875,84.31999969482422,2.628999948501587,12.029999732971191,2011.3599853515625,117.77999877929688,-0.007072972316843007
2014-09-19,1215.300048828125,84.80000305175781,2.5869998931884766,12.109999656677246,2010.4000244140625,117.08999633789062,-0.008521069455597718
2014-09-22,1216.800048828125,84.66999816894531,2.565999984741211,13.6899995803833,1994.2900390625,116.8499984741211,0.0012335020187990153
2014-09-23,1221.0,84.66000366210938,2.5350000858306885,14.930000305175781,1982.77001953125,117.5999984741211,0.00344569303731479
2014-09-24,1218.5999755859375,85.05000305175781,2.569000005722046,13.270000457763672,1998.300048828125,117.05000305175781,-0.001967556330828124
2014-09-25,1221.199951171875,85.19999694824219,2.510999917984009,15.640000343322754,1965.989990234375,117.38999938964844,0.002131303097120174
2014-09-26,1214.0999755859375,85.63999938964844,2.5350000858306885,14.850000381469727,1982.8499755859375,117.05999755859375,-0.005830900435841002
2014-09-29,1217.5,85.58999633789062,2.490999937057495,15.979999542236328,1977.800048828125,117.02999877929688,0.002796534515589144
2014-09-30,1210.5,85.94000244140625,2.507999897003174,16.309999465942383,1972.2900390625,116.20999908447266,-0.0057660785786319835
2014-10-01,1214.5999755859375,85.97000122070312,2.4030001163482666,16.709999084472656,1946.1600341796875,116.7699966430664,0.003381286984866172
2014-10-02,1214.199951171875,85.5999984741211,2.437999963760376,16.15999984741211,1946.1700439453125,116.73999786376953,-0.0003294008808820692
2014-10-03,1192.199951171875,86.69000244140625,2.447000026702881,14.550000190734863,1967.9000244140625,114.61000061035156,-0.018285084652592154
2014-10-06,1206.699951171875,85.70999908447266,2.424999952316284,15.460000038146973,1964.8199462890625,116.02999877929688,0.012089021785870457
2014-10-07,1211.699951171875,85.66999816894531,2.3499999046325684,17.200000762939453,1935.0999755859375,116.36000061035156,0.0041349713248948206
2014-10-08,1205.300048828125,85.30000305175781,2.3299999237060547,15.109999656677246,1968.8900146484375,117.47000122070312,-0.005295752834792999
2014-10-09,1224.5999755859375,85.5199966430664,2.3269999027252197,18.760000228881836,1928.2099609375,117.63999938964844,0.015885701002019914
2014-10-10,1221.0,85.91000366210938,2.306999921798706,21.239999771118164,1906.1300048828125,117.58999633789062,-0.00294404499679235
2014-10-13,1229.300048828125,85.43000030517578,2.2860000133514404,24.639999389648438,1874.739990234375,118.5199966430664,0.006774746282857791
2014-10-14,1233.5999755859375,85.81999969482422,2.2060000896453857,22.790000915527344,1877.699951171875,118.58999633789062,0.003491762624595829
2014-10-15,1244.0999755859375,85.1500015258789,2.0899999141693115,25.270000457763672,1862.489990234375,118.98999786376953,0.008475653278412487
2014-10-16,1240.5,85.0,2.1530001163482666,25.200000762939453,1862.760009765625,119.22000122070312,-0.0028978331647149247
2014-10-17,1238.300048828125,85.19000244140625,2.1989998817443848,21.989999771118164,1886.760009765625,118.98999786376953,-0.0017750134792242633
2014-10-20,1244.0,84.94999694824219,2.180999994277954,18.56999969482422,1904.010009765625,119.80000305175781,0.004592483646493228
2014-10-21,1251.0,85.30999755859375,2.2079999446868896,16.079999923706055,1941.280029296875,120.0199966430664,0.005611237167786776
2014-10-22,1244.800048828125,85.73999786376953,2.2290000915527344,17.8700008392334,1927.1099853515625,119.33999633789062,-0.0049683178171067155
2014-10-23,1228.5,85.83999633789062,2.2750000953674316,16.530000686645508,1950.8199462890625,118.5199966430664,-0.01318100068857131
2014-10-24,1231.199951171875,85.7300033569336,2.2730000019073486,16.110000610351562,1964.5799560546875,118.3499984741211,0.0021953509044640995
2014-10-27,1229.0999755859375,85.5,2.256999969482422,16.040000915527344,1961.6300048828125,118.05999755859375,-0.0017070895081285897
2014-10-28,1229.199951171875,85.41000366210938,2.2839999198913574,14.390000343322754,1985.050048828125,118.0999984741211,8.133717526082052e-05
2014-10-29,1224.300048828125,85.94999694824219,2.322999954223633,15.149999618530273,1982.300048828125,116.41000366210938,-0.0039942195704769645
2014-10-30,1198.0999755859375,86.1500015258789,2.305000066757202,14.520000457763672,1994.6500244140625,115.19000244140625,-0.021632343693815947
2014-10-31,1171.0999755859375,86.87999725341797,2.3350000381469727,14.029999732971191,2018.050048828125,112.66000366210938,-0.02279349106756534
2014-11-03,1169.4000244140625,87.30999755859375,2.3480000495910645,14.729999542236328,2017.81005859375,112.1500015258789,-0.0014526395819753901
2014-11-04,1167.4000244140625,86.9800033569336,2.3420000076293945,14.890000343322754,2012.0999755859375,112.22000122070312,-0.0017117429361119818
2014-11-05,1145.4000244140625,87.44000244140625,2.3499999046325684,14.170000076293945,2023.5699462890625,109.79000091552734,-0.01902513240824799
2014-11-06,1142.300048828125,88.01000213623047,2.375,13.670000076293945,2031.2099609375,109.87999725341797,-0.002710125789287865
2014-11-07,1169.5999755859375,87.63999938964844,2.312000036239624,13.119999885559082,2031.9200439453125,112.97000122070312,0.023617972636309048
2014-11-10,1159.5999755859375,87.80999755859375,2.3589999675750732,12.670000076293945,2038.260009765625,110.45999908447266,-0.008586692128022655
2014-11-11,1162.800048828125,87.52999877929688,2.359999895095825,12.920000076293945,2039.6800537109375,112.04000091552734,0.0027558346829366087
2014-11-12,1158.9000244140625,87.81999969482422,2.3589999675750732,13.020000457763672,2038.25,111.5,-0.0033596312696433372
2014-11-13,1161.0999755859375,87.66999816894531,2.3469998836517334,13.789999961853027,2039.3299560546875,111.66999816894531,0.001896510199365764
2014-11-14,1185.0,87.52999877929688,2.319999933242798,13.3100004196167,2039.8199462890625,114.47000122070312,0.020374963962937365
2014-11-17,1183.0,87.93000030517578,2.3399999141693115,13.989999771118164,2041.3199462890625,114.05000305175781,-0.0016891895908441867
2014-11-18,1196.699951171875,87.58000183105469,2.322000026702881,13.859999656677246,2051.800048828125,115.05000305175781,0.011514142798771942
2014-11-19,1193.5999755859375,87.6500015258789,2.3510000705718994,13.960000038146973,2048.719970703125,113.68000030517578,-0.002593797781803353
2014-11-20,1190.699951171875,87.58999633789062,2.3350000381469727,13.579999923706055,2052.75,114.86000061035156,-0.0024326015461424433
2014-11-21,1197.5,88.30999755859375,2.315000057220459,12.899999618530273,2063.5,115.38999938964844,0.005694721835856953
2014-11-24,1195.5,88.1500015258789,2.309999942779541,12.619999885559082,2069.409912109375,115.11000061035156,-0.0016715423866902057
2014-11-25,1197.0999755859375,87.91999816894531,2.259999990463257,12.25,2067.030029296875,115.37999725341797,0.0013374369646053097
2014-11-26,1196.5999755859375,87.61000061035156,2.2339999675750732,12.069999694824219,2072.830078125,115.16000366210938,-0.0004177633099144984
2014-11-28,1175.199951171875,88.36000061035156,2.194000005722046,13.329999923706055,2067.56005859375,112.11000061035156,-0.018045877242182762
2014-12-01,1218.0,87.94999694824219,2.2179999351501465,14.15999984741211,2053.43994140625,116.58000183105469,0.03577186495895468
2014-12-02,1199.199951171875,88.6500015258789,2.2850000858306885,12.850000381469727,2066.550048828125,115.13999938964844,-0.015555542198704586
2014-12-03,1208.5,88.95999908447266,2.2869999408721924,12.5,2074.330078125,116.33000183105469,0.007725294072399969
2014-12-04,1207.5,88.69999694824219,2.256999969482422,12.380000114440918,2071.919921875,115.87999725341797,-0.0008278146168105849
2014-12-05,1190.0999755859375,89.33000183105469,2.306999921798706,11.890000343322754,2075.3701171875,114.43000030517578,-0.014514789852628773
2014-12-08,1194.699951171875,89.04000091552734,2.256999969482422,14.210000038146973,2060.31005859375,115.77999877929688,0.0038577502784624684
2014-12-09,1231.5,88.69000244140625,2.2200000286102295,15.350000381469727,2059.820068359375,118.19000244140625,0.030337871608031364
2014-12-10,1228.9000244140625,88.2699966430664,2.1689999103546143,18.530000686645508,2026.1400146484375,117.95999908447266,-0.0021134584034427917
2014-12-11,1225.0999755859375,88.66000366210938,2.177999973297119,20.079999923706055,2035.3299560546875,117.69000244140625,-0.0030970267852454825
2014-12-12,1222.0,88.36000061035156,2.1029999256134033,21.079999923706055,2002.3299560546875,117.41000366210938,-0.002533592640363125
2014-12-15,1207.199951171875,88.45999908447266,2.115999937057495,20.420000076293945,1989.6300048828125,114.38999938964844,-0.012185272725321994
2014-12-16,1193.9000244140625,88.12999725341797,2.071000099182129,23.56999969482422,1972.739990234375,114.94999694824219,-0.011078308205875409
2014-12-17,1194.300048828125,89.12999725341797,2.1480000019073486,19.440000534057617,2012.8900146484375,114.2699966430664,0.00033500075834158594
2014-12-18,1194.699951171875,89.23999786376953,2.2039999961853027,16.809999465942383,2061.22998046875,115.1500015258789,0.0003347863938758522
2014-12-19,1195.9000244140625,89.5999984741211,2.1760001182556152,16.489999771118164,2070.64990234375,114.7699966430664,0.0010039934370027481
2014-12-22,1179.699951171875,89.7699966430664,2.1619999408721924,15.25,2078.5400390625,112.55000305175781,-0.01363893293205809
2014-12-23,1177.9000244140625,90.05999755859375,2.256999969482422,14.800000190734863,2082.169921875,112.73999786376953,-0.0015269147659973115
2014-12-24,1173.5,89.97000122070312,2.2639999389648438,14.369999885559082,2081.8798828125,112.7699966430664,-0.003742476400430128
2014-12-26,1195.300048828125,90.02999877929688,2.25,14.5,2088.77001953125,114.83000183105469,0.01840650444295644
2014-12-29,1181.699951171875,90.19000244140625,2.2070000171661377,15.0600004196167,2090.570068359375,113.66999816894531,-0.01144320240930341
2014-12-30,1200.199951171875,89.98999786376953,2.190000057220459,15.920000076293945,2080.35009765625,115.19999694824219,0.01553413054735664
2014-12-31,1183.9000244140625,90.2699966430664,2.1700000762939453,19.200000762939453,2058.89990234375,113.58000183105469,-0.013674074832771055
2015-01-02,1186.0,91.08000183105469,2.122999906539917,17.790000915527344,2058.199951171875,114.08000183105469,0.0017722065183543023
2015-01-05,1203.9000244140625,91.37999725341797,2.0390000343322754,19.920000076293945,2020.5799560546875,115.80000305175781,0.014980006662454137
2015-01-06,1219.300048828125,91.5,1.9630000591278076,21.1200008392334,2002.6099853515625,117.12000274658203,0.012710656392123099
2015-01-07,1210.5999755859375,91.88999938964844,1.9539999961853027,19.309999465942383,2025.9000244140625,116.43000030517578,-0.007160879321572722
2015-01-08,1208.4000244140625,92.37000274658203,2.0160000324249268,17.010000228881836,2062.139892578125,115.94000244140625,-0.0018188935745326873
2015-01-09,1216.0,91.94000244140625,1.9709999561309814,17.549999237060547,2044.81005859375,117.26000213623047,0.006269592809969637
2015-01-12,1232.699951171875,91.9800033569336,1.9119999408721924,19.600000381469727,2028.260009765625,118.55999755859375,0.013640062420647858
2015-01-13,1234.300048828125,92.30999755859375,1.8899999856948853,20.559999465942383,2023.030029296875,118.16000366210938,0.0012972013624876766
2015-01-14,1234.4000244140625,92.16000366210938,1.8370000123977661,21.479999542236328,2011.27001953125,117.97000122070312,8.099451778331712e-05
2015-01-15,1264.699951171875,92.3499984741211,1.774999976158142,22.389999389648438,1992.6700439453125,120.94000244140625,0.024249859450433675
2015-01-16,1276.9000244140625,92.5199966430664,1.815000057220459,20.950000762939453,2019.4200439453125,122.5199966430664,0.009600383272962532
2015-01-20,1294.199951171875,93.05000305175781,1.8070000410079956,19.889999389648438,2022.550048828125,124.19999694824219,0.013457421344313936
2015-01-21,1293.699951171875,92.9000015258789,1.8530000448226929,18.850000381469727,2032.1199951171875,124.2300033569336,-0.00038641371389047663
2015-01-22,1300.699951171875,94.23999786376953,1.8960000276565552,16.399999618530273,2063.14990234375,125.2300033569336,0.00539625134896049
2015-01-23,1292.5999755859375,95.0,1.8170000314712524,16.65999984741211,2051.820068359375,124.2300033569336,-0.006246868588578813
2015-01-26,1279.4000244140625,94.80000305175781,1.8279999494552612,15.520000457763672,2057.090087890625,122.98999786376953,-0.010264437842764984
2015-01-27,1291.699951171875,94.0199966430664,1.8250000476837158,17.219999313354492,2029.550048828125,124.4000015258789,0.009567905338057514
2015-01-28,1285.9000244140625,94.47000122070312,1.7239999771118164,20.440000534057617,2002.1600341796875,123.41999816894531,-0.004500261174159803
2015-01-29,1254.5999755859375,94.77999877929688,1.7510000467300415,18.760000228881836,2021.25,120.76000213623047,-0.02464210405936118
2015-01-30,1278.5,94.80000305175781,1.6749999523162842,20.969999313354492,1994.989990234375,123.44999694824219,0.018870738528236508
2015-02-02,1276.199951171875,94.5,1.6729999780654907,19.43000030517578,2020.8499755859375,122.41999816894531,-0.0018006415575539947
2015-02-03,1259.699951171875,93.5999984741211,1.7799999713897705,17.329999923706055,2050.030029296875,121.05000305175781,-0.013013315577139473
2015-02-04,1263.800048828125,93.98999786376953,1.7970000505447388,18.329999923706055,2041.510009765625,121.58000183105469,0.0032495353787656
2015-02-05,1262.0,94.69999694824219,1.815000057220459,16.850000381469727,2062.52001953125,121.79000091552734,-0.0014253298741548903
2015-02-06,1233.9000244140625,94.69999694824219,1.937999963760376,17.290000915527344,2055.469970703125,118.63999938964844,-0.02251785941057527
2015-02-09,1240.800048828125,94.44999694824219,1.9479999542236328,18.549999237060547,2046.739990234375,119.16999816894531,0.005576467523876971
2015-02-10,1231.5999755859375,94.76000213623047,1.9910000562667847,17.229999542236328,2068.590087890625,118.47000122070312,-0.007442254987159558
2015-02-11,1219.0,94.98999786376953,1.9880000352859497,16.959999084472656,2068.530029296875,117.06999969482422,-0.010283266746029085
2015-02-12,1220.0999755859375,94.08999633789062,1.9859999418258667,15.34000015258789,2088.47998046875,117.33999633789062,0.0009019520901309974
2015-02-13,1226.5,94.19999694824219,2.0209999084472656,14.6899995803833,2096.989990234375,117.9800033569336,0.005231782127141926
2015-02-17,1208.0999755859375,94.05999755859375,2.1449999809265137,15.800000190734863,2100.340087890625,116.01000213623047,-0.015115727381670219
2015-02-18,1199.699951171875,94.19999694824219,2.065999984741211,15.449999809265137,2099.679931640625,116.33999633789062,-0.0069773724962711725
2015-02-19,1207.0999755859375,94.4000015258789,2.11299991607666,15.289999961853027,2097.449951171875,115.94000244140625,0.006149283661093463
2015-02-20,1204.4000244140625,94.25,2.132999897003174,14.300000190734863,2110.300048828125,115.27999877929688,-0.0022392306033918175
2015-02-23,1200.300048828125,94.56999969482422,2.059000015258789,14.5600004196167,2109.659912109375,115.43000030517578,-0.0034099716670716873
2015-02-24,1196.9000244140625,94.48999786376953,1.9880000352859497,13.6899995803833,2115.47998046875,115.26000213623047,-0.0028366649341622363
2015-02-25,1201.0,94.20999908447266,1.968999981880188,13.84000015258789,2113.860107421875,115.69999694824219,0.003419641802913098
2015-02-26,1209.5999755859375,95.29000091552734,2.0160000324249268,13.90999984741211,2110.739990234375,116.06999969482422,0.0071351631617018185
2015-02-27,1212.5999755859375,95.25,2.002000093460083,13.34000015258789,2104.5,116.16000366210938,0.002477088262295979
2015-03-02,1207.699951171875,95.45999908447266,2.0840001106262207,13.039999961853027,2117.389892578125,115.68000030517578,-0.004049110653326693
2015-03-03,1204.0,95.37999725341797,2.121999979019165,13.859999656677246,2107.780029296875,115.47000122070312,-0.0030683369818884643
2015-03-04,1200.5999755859375,95.97000122070312,2.122999906539917,14.229999542236328,2098.530029296875,115.11000061035156,-0.002827935385908198
2015-03-05,1195.9000244140625,96.37999725341797,2.111999988555908,14.039999961853027,2101.0400390625,115.0,-0.003922351093294196
2015-03-06,1164.0999755859375,97.62000274658203,2.240000009536743,15.199999809265137,2071.260009765625,111.86000061035156,-0.026950825107847187
2015-03-09,1166.4000244140625,97.58999633789062,2.194999933242798,15.0600004196167,2079.429931640625,111.97000122070312,0.00197386790380083
2015-03-10,1160.0999755859375,98.62000274658203,2.125999927520752,16.690000534057617,2044.1600341796875,111.41999816894531,-0.005415915948947969
2015-03-11,1150.699951171875,99.80000305175781,2.1089999675750732,16.8700008392334,2040.239990234375,110.75,-0.00813577684056721
2015-03-12,1152.0999755859375,99.1500015258789,2.0959999561309814,15.420000076293945,2065.949951171875,110.72000122070312,0.0012159324570824026
2015-03-13,1152.5999755859375,100.33000183105469,2.111999988555908,16.0,2053.39990234375,110.87999725341797,0.00043389596775078587
2015-03-16,1153.300048828125,99.5999984741211,2.0980000495910645,15.609999656677246,2081.18994140625,110.80999755859375,0.0006072017488047976
2015-03-17,1148.300048828125,99.58999633789062,2.058000087738037,15.65999984741211,2074.280029296875,110.20999908447266,-0.004344810265399346
2015-03-18,1151.4000244140625,98.55000305175781,1.9509999752044678,13.970000267028809,2099.5,112.37000274658203,0.0026959841412743657
2015-03-19,1169.0999755859375,99.0999984741211,1.9769999980926514,14.069999694824219,2089.27001953125,112.29000091552734,0.015255586684474132
2015-03-20,1184.800048828125,97.91000366210938,1.9299999475479126,13.020000457763672,2108.10009765625,113.56999969482422,0.013339824035723424
2015-03-23,1188.0,97.02999877929688,1.9149999618530273,13.40999984741211,2104.419921875,114.29000091552734,0.0026971957568777682
2015-03-24,1191.699951171875,97.19000244140625,1.878000020980835,13.619999885559082,2091.5,114.56999969482422,0.0031095972006651706
2015-03-25,1197.300048828125,96.9800033569336,1.9199999570846558,15.4399995803833,2061.050048828125,114.7300033569336,0.004688244381404694
2015-03-26,1205.0999755859375,97.44000244140625,2.006999969482422,15.800000190734863,2056.14990234375,115.4800033569336,0.00649346826973396
2015-03-27,1199.800048828125,97.29000091552734,1.9479999542236328,15.069999694824219,2061.02001953125,115.05999755859375,-0.004407613858515624
2015-03-30,1184.800048828125,97.9800033569336,1.9630000591278076,14.510000228881836,2086.239990234375,113.75,-0.012580891750165968
2015-03-31,1183.0999755859375,98.36000061035156,1.934000015258789,15.289999961853027,2067.889892578125,113.66000366210938,-0.001435933541767298
2015-04-01,1208.0999755859375,98.19000244140625,1.8680000305175781,15.109999656677246,2059.68994140625,115.5999984741211,0.02091076569292838
2015-04-02,1200.9000244140625,97.44000244140625,1.9040000438690186,14.670000076293945,2066.9599609375,115.27999877929688,-0.00597756132043159
2015-04-06,1218.5999755859375,97.11000061035156,1.9040000438690186,14.739999771118164,2080.6201171875,116.69000244140625,0.014631342783434143
2015-04-07,1210.5999755859375,97.83000183105469,1.8930000066757202,14.779999732971191,2076.330078125,116.11000061035156,-0.006586554489200758
2015-04-08,1203.0999755859375,98.06999969482422,1.8949999809265137,13.979999542236328,2081.89990234375,115.47000122070312,-0.006214545543826944
2015-04-09,1193.5999755859375,99.16000366210938,1.9579999446868896,13.09000015258789,2091.179931640625,114.66999816894531,-0.007927608751493231
2015-04-10,1204.5999755859375,99.38999938964844,1.9509999752044678,12.579999923706055,2102.06005859375,115.97000122070312,0.009173611346904309
2015-04-13,1199.300048828125,99.48999786376953,1.9390000104904175,13.9399995803833,2092.429931640625,115.13999938964844,-0.004409447390731458
2015-04-14,1192.800048828125,98.76000213623047,1.9040000438690186,13.670000076293945,2095.840087890625,114.44000244140625,-0.005434568565282127
2015-04-15,1201.5,98.33000183105469,1.899999976158142,12.84000015258789,2106.6298828125,115.43000030517578,0.007267250790277124
2015-04-16,1198.0,97.41999816894531,1.878000020980835,12.600000381469727,2104.989990234375,115.02999877929688,-0.0029172765011287183
2015-04-17,1202.9000244140625,97.5199966430664,1.850000023841858,13.890000343322754,2081.179931640625,115.5999984741211,0.0040818286206354415
2015-04-20,1193.5,97.94000244140625,1.8949999809265137,13.300000190734863,2100.39990234375,114.72000122070312,-0.007845161517145094
2015-04-21,1202.9000244140625,97.9800033569336,1.9160000085830688,13.25,2097.2900390625,115.37999725341797,0.007845161517145094
2015-04-22,1186.9000244140625,98.0199966430664,1.972000002861023,12.710000038146973,2107.9599609375,113.83000183105469,-0.013390441663966968
2015-04-23,1194.4000244140625,97.27999877929688,1.9470000267028809,12.479999542236328,2112.929931640625,114.66000366210938,0.006299101033357957
2015-04-24,1175.199951171875,96.91999816894531,1.9170000553131104,12.289999961853027,2117.68994140625,113.05000305175781,-0.016205683354533207
2015-04-27,1203.300048828125,96.7699966430664,1.9240000247955322,13.119999885559082,2108.919921875,115.33000183105469,0.02362951871174168
2015-04-28,1214.0,96.08999633789062,1.9730000495910645,12.40999984741211,2114.760009765625,116.33000183105469,0.008852869596814195
2015-04-29,1209.800048828125,95.12000274658203,2.0350000858306885,13.390000343322754,2106.85009765625,115.51000213623047,-0.003465595586137127
2015-04-30,1182.4000244140625,94.5999984741211,2.0460000038146973,14.550000190734863,2085.510009765625,113.47000122070312,-0.02290880519148164
2015-05-01,1174.5,95.30000305175781,2.117000102996826,12.699999809265137,2108.2900390625,113.08000183105469,-0.006703766742857553
2015-05-04,1186.800048828125,95.4800033569336,2.134999990463257,12.850000381469727,2114.489990234375,114.0999984741211,0.010418125460372352
2015-05-05,1193.199951171875,95.12999725341797,2.1760001182556152,14.3100004196167,2089.4599609375,114.41999816894531,0.005378082159257502
2015-05-06,1190.300048828125,94.12999725341797,2.240000009536743,15.149999618530273,2080.14990234375,114.36000061035156,-0.002433315523068025
2015-05-07,1182.4000244140625,94.62000274658203,2.184000015258789,15.130000114440918,2088.0,113.41999816894531,-0.006659125353704276
2015-05-08,1189.0999755859375,94.79000091552734,2.1500000953674316,12.859999656677246,2116.10009765625,113.97000122070312,0.005650406070160763
2015-05-11,1183.199951171875,95.01000213623047,2.2739999294281006,13.850000381469727,2105.330078125,113.52999877929688,-0.004974106783250498
2015-05-12,1192.5999755859375,94.52999877929688,2.259999990463257,13.859999656677246,2099.1201171875,114.5,0.007913186088978286
2015-05-13,1218.4000244140625,93.62000274658203,2.2820000648498535,13.760000228881836,2098.47998046875,116.55000305175781,0.02140276540104402
2015-05-14,1225.4000244140625,93.36000061035156,2.239000082015991,12.739999771118164,2121.10009765625,117.18000030517578,0.005728798596138063
2015-05-15,1225.5,93.13999938964844,2.1410000324249268,12.380000114440918,2122.72998046875,117.52999877929688,8.158275327208031e-05
2015-05-18,1227.800048828125,94.19000244140625,2.2279999256134033,12.729999542236328,2129.199951171875,117.5199966430664,0.0018750657940209692
2015-05-19,1206.9000244140625,95.2699966430664,2.26200008392334,12.850000381469727,2127.830078125,115.88999938964844,-0.017168880909600226
2015-05-20,1208.9000244140625,95.44999694824219,2.250999927520752,12.880000114440918,2125.85009765625,116.08000183105469,0.001655766550627824
2015-05-21,1204.4000244140625,95.26000213623047,2.184999942779541,12.109999656677246,2130.820068359375,115.69000244140625,-0.003729337524911891
2015-05-22,1204.300048828125,96.01000213623047,2.2149999141693115,12.130000114440918,2126.06005859375,115.5999984741211,-8.301206705230157e-05
2015-05-26,1187.199951171875,97.30000305175781,2.13700008392334,14.0600004196167,2104.199951171875,113.91000366210938,-0.014300973526948368
2015-05-27,1185.9000244140625,97.37000274658203,2.134999990463257,13.270000457763672,2123.47998046875,113.88999938964844,-0.0010955517266060255
2015-05-28,1188.0999755859375,96.97000122070312,2.130000114440918,13.3100004196167,2120.7900390625,114.0199966430664,0.001853371357715794
2015-05-29,1189.4000244140625,96.91000366210938,2.0950000286102295,13.84000015258789,2107.389892578125,114.0999984741211,0.0010936268834482732
2015-06-01,1188.300048828125,97.38999938964844,2.191999912261963,13.970000267028809,2111.72998046875,114.0,-0.000925243412143395
2015-06-02,1194.0999755859375,95.83999633789062,2.2660000324249268,14.239999771118164,2109.60009765625,114.45999908447266,0.004868987707044248
2015-06-03,1184.699951171875,95.47000122070312,2.365999937057495,13.65999984741211,2114.070068359375,113.63999938964844,-0.007903206348653491
2015-06-04,1174.9000244140625,95.45999908447266,2.306999921798706,14.710000038146973,2095.840087890625,112.83999633789062,-0.008306478391888028
2015-06-05,1167.800048828125,96.30999755859375,2.4019999504089355,14.210000038146973,2092.830078125,112.23999786376953,-0.006061379691723268
2015-06-08,1173.199951171875,95.30000305175781,2.38100004196167,15.289999961853027,2079.280029296875,112.56999969482422,0.004613337822188868
2015-06-09,1177.300048828125,95.16999816894531,2.4170000553131104,14.470000267028809,2080.14990234375,112.81999969482422,0.003488706075129855
2015-06-10,1186.0999755859375,94.6500015258789,2.4779999256134033,13.220000267028809,2105.199951171875,113.77999877929688,0.007446870892936275
2015-06-11,1179.9000244140625,94.9800033569336,2.382999897003174,12.850000381469727,2108.860107421875,113.26000213623047,-0.0052408836542428006
2015-06-12,1178.800048828125,94.97000122070312,2.384999990463257,13.779999732971191,2094.110107421875,113.2300033569336,-0.0009326965120806108
2015-06-15,1185.300048828125,94.80999755859375,2.3580000400543213,15.390000343322754,2084.429931640625,113.7300033569336,0.005498934994764504
2015-06-16,1180.5,95.0,2.318000078201294,14.8100004196167,2096.2900390625,113.31999969482422,-0.004057870754626158
2015-06-17,1176.4000244140625,94.30000305175781,2.305999994277954,14.5,2100.43994140625,113.8499984741211,-0.003479129092530009
2015-06-18,1201.5,94.04000091552734,2.3510000705718994,13.1899995803833,2121.239990234375,115.31999969482422,0.021111827743485634
2015-06-19,1201.5,94.08999633789062,2.2669999599456787,13.960000038146973,2109.989990234375,115.12000274658203,0.0
2015-06-22,1183.699951171875,94.33000183105469,2.359999895095825,12.739999771118164,2122.85009765625,113.63999938964844,-0.014925691467098545
2015-06-23,1176.199951171875,95.43000030517578,2.4089999198913574,12.109999656677246,2124.199951171875,112.88999938964844,-0.0063562231970246685
2015-06-24,1172.5999755859375,95.26000213623047,2.371000051498413,13.260000228881836,2108.580078125,112.58999633789062,-0.0030653768027377737
2015-06-25,1171.5,95.19000244140625,2.3929998874664307,14.010000228881836,2102.31005859375,112.44000244140625,-0.0009385057618116477
2015-06-26,1172.9000244140625,95.47000122070312,2.4760000705718994,14.020000457763672,2101.489990234375,112.55999755859375,0.0011943563947358626
2015-06-29,1178.5,94.79000091552734,2.3310000896453857,18.850000381469727,2057.639892578125,113.06999969482422,0.0047631080335994724
2015-06-30,1171.5,95.48999786376953,2.3350000381469727,18.229999542236328,2063.110107421875,112.37000274658203,-0.005957464428335335
2015-07-01,1169.0,96.30999755859375,2.4179999828338623,16.09000015258789,2077.419921875,111.9800033569336,-0.0021362964757827285
2015-07-02,1163.0,96.11000061035156,2.3929998874664307,16.790000915527344,2076.780029296875,111.76000213623047,-0.005145808953403552
2015-07-06,1172.9000244140625,96.30000305175781,2.2780001163482666,17.010000228881836,2068.760009765625,112.05999755859375,0.008476461823922143
2015-07-07,1152.4000244140625,96.87000274658203,2.2309999465942383,16.09000015258789,2081.340087890625,110.76000213623047,-0.01763258994680683
2015-07-08,1163.300048828125,96.29000091552734,2.2060000896453857,19.65999984741211,2046.6800537109375,111.08999633789062,0.009414090400743369
2015-07-09,1159.0,96.61000061035156,2.3010001182556152,19.969999313354492,2051.31005859375,111.36000061035156,-0.0037032714567715175
2015-07-10,1157.699951171875,96.02999877929688,2.4170000553131104,16.829999923706055,2076.6201171875,111.48999786376953,-0.0011223283049073274
2015-07-13,1155.199951171875,96.86000061035156,2.430000066757202,13.899999618530273,2099.60009765625,110.98999786376953,-0.002161789164397021
2015-07-14,1153.300048828125,96.63999938964844,2.3989999294281006,13.369999885559082,2108.949951171875,110.73999786376953,-0.0016460063008070236
2015-07-15,1147.199951171875,97.12999725341797,2.3499999046325684,13.229999542236328,2107.39990234375,110.16000366210938,-0.00530329228715587
2015-07-16,1143.800048828125,97.66000366210938,2.3519999980926514,12.109999656677246,2124.2900390625,109.76000213623047,-0.0029680531118785325
2015-07-17,1131.800048828125,97.86000061035156,2.3489999771118164,11.949999809265137,2126.639892578125,108.6500015258789,-0.010546766320175038
2015-07-20,1106.699951171875,98.02999877929688,2.371999979019165,12.25,2128.280029296875,105.69999694824219,-0.02242675870016253
2015-07-21,1103.4000244140625,97.33000183105469,2.3399999141693115,12.220000267028809,2119.2099609375,105.37000274658203,-0.002986226185726082
2015-07-22,1091.4000244140625,97.5999984741211,2.322000026702881,12.119999885559082,2114.14990234375,104.80000305175781,-0.0109350458429196
2015-07-23,1094.0,97.12000274658203,2.2769999504089355,12.640000343322754,2102.14990234375,104.33000183105469,0.0023794058603039403
2015-07-24,1085.5999755859375,97.23999786376953,2.2709999084472656,13.739999771118164,2079.64990234375,105.3499984741211,-0.007707896950271298
2015-07-27,1096.5,96.5,2.2279999256134033,15.600000381469727,2067.639892578125,104.86000061035156,0.009990481826287478
2015-07-28,1096.300048828125,96.7699966430664,2.25,13.4399995803833,2093.25,105.0199966430664,-0.00018237063843162815
2015-07-29,1092.699951171875,96.9800033569336,2.2790000438690186,12.5,2108.570068359375,105.16999816894531,-0.0032892653285676587
2015-07-30,1088.4000244140625,97.55999755859375,2.2679998874664307,12.130000114440918,2108.6298828125,104.2699966430664,-0.003942902550703842
2015-07-31,1094.9000244140625,97.37000274658203,2.2049999237060547,12.119999885559082,2103.840087890625,104.93000030517578,0.005954306837122836
2015-08-03,1089.4000244140625,97.48999786376953,2.1500000953674316,12.5600004196167,2098.0400390625,104.0999984741211,-0.005035948817229574
2015-08-04,1090.699951171875,97.93000030517578,2.2109999656677246,13.0,2093.320068359375,104.30999755859375,0.001192538806868093
2015-08-05,1085.699951171875,97.95999908447266,2.2679998874664307,12.510000228881836,2099.840087890625,103.93000030517578,-0.00459475190306069
2015-08-06,1090.199951171875,97.83000183105469,2.2339999675750732,13.770000457763672,2083.56005859375,104.38999938964844,0.004136225578012187
2015-08-07,1094.0999755859375,97.55999755859375,2.174999952316284,13.390000343322754,2077.570068359375,104.6500015258789,0.0035709643265038338
2015-08-10,1104.199951171875,97.16000366210938,2.23799991607666,12.229999542236328,2104.179931640625,105.72000122070312,0.009188961461124023
2015-08-11,1107.5999755859375,97.29000091552734,2.13700008392334,13.710000038146973,2084.070068359375,106.26000213623047,0.0030744436249161566
2015-08-12,1123.199951171875,96.26000213623047,2.130000114440918,13.609999656677246,2086.050048828125,107.75,0.013986220544715877
2015-08-13,1115.699951171875,96.44999694824219,2.188999891281128,13.489999771118164,2083.389892578125,106.86000061035156,-0.0066997439646439005
2015-08-14,1112.9000244140625,96.56999969482422,2.196000099182129,12.829999923706055,2091.5400390625,106.8499984741211,-0.0025127239178521776
2015-08-17,1118.5999755859375,96.81999969482422,2.1500000953674316,13.020000457763672,2102.43994140625,107.12999725341797,0.005108638645219266
2015-08-18,1117.0999755859375,96.97000122070312,2.196000099182129,13.789999961853027,2096.919921875,107.11000061035156,-0.0013418618399914095
2015-08-19,1128.0999755859375,96.45999908447266,2.128999948501587,15.25,2079.610107421875,108.55000305175781,0.009798760247176297
2015-08-20,1153.0,95.75,2.0840001106262207,19.139999389648438,2035.72998046875,110.44000244140625,0.021832461299938544
2015-08-21,1159.5999755859375,94.83000183105469,2.053999900817871,28.030000686645508,1970.8900146484375,111.12999725341797,0.005707855724575772
2015-08-24,1153.4000244140625,93.30999755859375,1.996999979019165,40.7400016784668,1893.2099609375,110.52999877929688,-0.005360973645283984
2015-08-25,1138.199951171875,94.52999877929688,2.132999897003174,36.02000045776367,1867.6099853515625,109.16000366210938,-0.01326609907875298
2015-08-26,1124.5999755859375,95.0999984741211,2.171999931335449,30.31999969482422,1940.510009765625,107.66999816894531,-0.012020629120604198
2015-08-27,1122.4000244140625,95.61000061035156,2.1679999828338623,26.100000381469727,1987.6600341796875,107.7300033569336,-0.0019581236090830956
2015-08-28,1133.0999755859375,96.11000061035156,2.186000108718872,26.049999237060547,1988.8699951171875,108.69999694824219,0.009487946300354544
2015-08-31,1131.5999755859375,95.94999694824219,2.200000047683716,28.43000030517578,1972.1800537109375,108.81999969482422,-0.0013246789876699694
2015-09-01,1138.699951171875,95.44999694824219,2.171999931335449,31.399999618530273,1913.8499755859375,109.19999694824219,0.006254679083375514
2015-09-02,1132.5,95.83000183105469,2.193000078201294,26.09000015258789,1948.8599853515625,108.62000274658203,-0.00545963957878115
2015-09-03,1123.699951171875,96.41000366210938,2.1679999828338623,25.610000610351562,1951.1300048828125,107.83999633789062,-0.007800809896323813
2015-09-04,1120.5999755859375,96.2300033569336,2.128000020980835,27.799999237060547,1921.219970703125,107.48999786376953,-0.0027625341162806905
2015-09-08,1120.4000244140625,95.87999725341797,2.194000005722046,24.899999618530273,1969.4100341796875,107.5199966430664,-0.00017844816814349684
2015-09-09,1102.199951171875,96.01000213623047,2.180999994277954,26.229999542236328,1942.0400390625,106.12999725341797,-0.01637764802791075
2015-09-10,1109.5,95.45999908447266,2.2219998836517334,24.3700008392334,1952.2900390625,106.37999725341797,0.006601325224117716
2015-09-11,1103.5,95.19000244140625,2.183000087738037,23.200000762939453,1961.050048828125,106.16000366210938,-0.005422516675857025
2015-09-14,1107.699951171875,95.25,2.180000066757202,24.25,1953.030029296875,106.22000122070312,0.0037988027454547435
2015-09-15,1102.800048828125,95.61000061035156,2.2809998989105225,22.540000915527344,1978.0899658203125,105.9000015258789,-0.004433305016104505
2015-09-16,1119.199951171875,95.41999816894531,2.302999973297119,21.350000381469727,1995.31005859375,107.30999755859375,0.014761656297426207
2015-09-17,1117.300048828125,94.55000305175781,2.2170000076293945,21.139999389648438,1990.199951171875,108.41000366210938,-0.0016989964683835623
2015-09-18,1138.0999755859375,94.86000061035156,2.130000114440918,22.280000686645508,1958.030029296875,109.20999908447266,0.01844507958106245
2015-09-21,1133.0999755859375,95.88999938964844,2.2139999866485596,20.139999389648438,1966.969970703125,108.52999877929688,-0.004402965995981667
2015-09-22,1125.0,96.27999877929688,2.125,22.440000534057617,1942.739990234375,107.79000091552734,-0.007174182201744372
2015-09-23,1131.5999755859375,96.06999969482422,2.1440000534057617,22.1299991607666,1938.760009765625,108.22000122070312,0.005849503214074403
2015-09-24,1153.800048828125,95.98999786376953,2.119999885559082,23.469999313354492,1932.239990234375,110.48999786376953,0.01942834628959389
2015-09-25,1146.0,96.2699966430664,2.1679999828338623,23.6200008392334,1931.3399658203125,109.80999755859375,-0.0067832668675036345
2015-09-28,1132.0,96.02999877929688,2.0950000286102295,27.6299991607666,1881.77001953125,108.41999816894531,-0.01229163851155679
2015-09-29,1127.0999755859375,95.88999938964844,2.053999900817871,26.829999923706055,1884.0899658203125,107.9800033569336,-0.004338039176050579
2015-09-30,1115.5,96.3499984741211,2.059999942779541,24.5,1920.030029296875,106.86000061035156,-0.010345205714490824
2015-10-01,1114.199951171875,96.19000244140625,2.0420000553131104,22.549999237060547,1923.8199462890625,106.7300033569336,-0.001166120109355795
2015-10-02,1137.0999755859375,95.83000183105469,1.9889999628067017,20.940000534057617,1951.3599853515625,108.98999786376953,0.020344525396983393
2015-10-05,1138.0999755859375,96.11000061035156,2.055999994277954,19.540000915527344,1987.050048828125,108.7699966430664,0.0008790436760319764
2015-10-06,1146.800048828125,95.45999908447266,2.0350000858306885,19.399999618530273,1979.9200439453125,109.86000061035156,0.007615313750683583
2015-10-07,1149.0,95.5,2.062000036239624,18.399999618530273,1995.8299560546875,109.69999694824219,0.0019165012618254096
2015-10-08,1144.699951171875,95.31999969482422,2.1080000400543213,17.420000076293945,2013.4300537109375,109.13999938964844,-0.0037494475801524985
2015-10-09,1156.300048828125,94.80999755859375,2.0989999771118164,17.079999923706055,2014.8900146484375,110.87000274658203,0.010082743094216085
2015-10-12,1164.9000244140625,94.83999633789062,2.0899999141693115,16.170000076293945,2017.4599609375,111.30999755859375,0.0074099730009873355
2015-10-13,1165.800048828125,94.76000213623047,2.055000066757202,17.670000076293945,2003.68994140625,111.86000061035156,0.000772321131433884
2015-10-14,1180.0999755859375,93.93000030517578,1.9809999465942383,18.030000686645508,1994.239990234375,113.80999755859375,0.012191571448331828
2015-10-15,1187.9000244140625,94.37000274658203,2.0230000019073486,16.049999237060547,2023.8599853515625,113.29000091552734,0.006587902904208853
2015-10-16,1183.5999755859375,94.54000091552734,2.0230000019073486,15.050000190734863,2033.1099853515625,112.48999786376953,-0.003626441948680892
2015-10-19,1173.300048828125,94.95999908447266,2.0280001163482666,14.979999542236328,2033.6600341796875,112.0199966430664,-0.008740287853461481
2015-10-20,1178.0,94.8499984741211,2.071000099182129,15.75,2030.77001953125,112.7300033569336,0.003997752165893154
2015-10-21,1167.5999755859375,95.05000305175781,2.0299999713897705,16.700000762939453,2018.93994140625,111.7300033569336,-0.008867746141183908
2015-10-22,1166.5999755859375,96.33999633789062,2.0250000953674316,14.449999809265137,2052.510009765625,111.69000244140625,-0.0008568246783458022
2015-10-23,1163.300048828125,97.06999969482422,2.0829999446868896,14.460000038146973,2075.14990234375,111.5,-0.002832678595479088
2015-10-26,1167.0,96.86000061035156,2.058000087738037,15.289999961853027,2071.179931640625,111.43000030517578,0.003175517490032753
2015-10-27,1166.800048828125,96.91000366210938,2.0280001163482666,15.430000305175781,2065.889892578125,111.68000030517578,-0.00017135244509436376
2015-10-28,1177.0999755859375,97.77999877929688,2.0920000076293945,14.329999923706055,2090.35009765625,110.77999877929688,0.008788764836116236
2015-10-29,1147.199951171875,97.27999877929688,2.1730000972747803,14.609999656677246,2089.409912109375,109.72000122070312,-0.025729617395093385
2015-10-30,1141.5,96.94999694824219,2.1510000228881836,15.069999694824219,2079.360107421875,109.30000305175781,-0.004980961312634591
2015-11-02,1135.800048828125,96.93000030517578,2.187000036239624,14.149999618530273,2104.050048828125,108.58999633789062,-0.005005895536445593
2015-11-03,1114.199951171875,97.16000366210938,2.2200000286102295,14.539999961853027,2109.7900390625,106.9800033569336,-0.01920067667017289
2015-11-04,1106.5,97.94999694824219,2.2300000190734863,15.510000228881836,2102.31005859375,105.97000122070312,-0.0069347342721268745
2015-11-05,1104.4000244140625,97.94000244140625,2.244999885559082,15.050000190734863,2099.929931640625,105.63999938964844,-0.0018996573289280505
2015-11-06,1087.5999755859375,99.16000366210938,2.3329999446868896,14.329999923706055,2099.199951171875,104.0999984741211,-0.015328811851509805
2015-11-09,1087.9000244140625,98.9800033569336,2.3420000076293945,16.520000457763672,2078.580078125,104.4000015258789,0.0002758435578282814
2015-11-10,1088.199951171875,99.29000091552734,2.322000026702881,15.289999961853027,2081.719970703125,104.18000030517578,0.0002756553127856165
2015-11-11,1084.699951171875,99.01000213623047,2.3380000591278076,16.059999465942383,2075.0,103.83000183105469,-0.0032215041504368713
2015-11-12,1080.800048828125,98.6500015258789,2.319000005722046,18.3700008392334,2045.969970703125,103.8499984741211,-0.0036018532070940523
2015-11-13,1080.800048828125,98.98999786376953,2.2799999713897705,20.079999923706055,2023.0400390625,103.55999755859375,0.0
2015-11-16,1083.699951171875,99.44000244140625,2.2730000019073486,18.15999984741211,2053.18994140625,103.70999908447266,0.0026795140483333313
2015-11-17,1068.699951171875,99.62999725341797,2.260999917984009,18.84000015258789,2050.43994140625,102.33999633789062,-0.013938156030504523
2015-11-18,1068.800048828125,99.6500015258789,2.2690000534057617,16.850000381469727,2083.580078125,102.43000030517578,9.365862579890916e-05
2015-11-19,1078.0,98.98999786376953,2.247999906539917,16.989999771118164,2081.239990234375,103.55999755859375,0.008570903001564822
2015-11-20,1076.4000244140625,99.56999969482422,2.26200008392334,15.470000267028809,2089.169921875,103.08999633789062,-0.0014853099349743104
2015-11-23,1066.800048828125,99.80000305175781,2.25,15.619999885559082,2086.590087890625,102.26000213623047,-0.008958603455464065
2015-11-24,1074.300048828125,99.52999877929688,2.243000030517578,15.930000305175781,2089.139892578125,102.94000244140625,0.007005773045099417
2015-11-25,1070.5,99.80000305175781,2.2320001125335693,15.1899995803833,2088.8701171875,102.45999908447266,-0.003543503093865752
2015-11-27,1056.199951171875,100.0199966430664,2.2249999046325684,15.119999885559082,2090.110107421875,101.25,-0.013448313986904381
2015-11-30,1065.800048828125,100.16999816894531,2.2179999351501465,16.1299991607666,2080.409912109375,101.91999816894531,0.009048221633438658
2015-12-01,1063.800048828125,99.80000305175781,2.1549999713897705,14.670000076293945,2102.6298828125,102.27999877929688,-0.001878287468333184
2015-12-02,1054.199951171875,99.98999786376953,2.177999973297119,15.90999984741211,2079.510009765625,100.69000244140625,-0.009065310104538149
2015-12-03,1061.699951171875,97.62000274658203,2.3299999237060547,18.110000610351562,2049.6201171875,101.76000213623047,0.007089211925615402
2015-12-04,1084.5,98.3499984741211,2.2750000953674316,14.8100004196167,2091.68994140625,104.0199966430664,0.02124770023791367
2015-12-07,1076.4000244140625,98.66000366210938,2.2249999046325684,15.84000015258789,2077.070068359375,102.66999816894531,-0.007496888732961615
2015-12-08,1076.300048828125,98.47000122070312,2.23799991607666,17.600000381469727,2063.590087890625,102.83999633789062,-9.288389706618716e-05
2015-12-09,1077.5999755859375,97.3499984741211,2.2079999446868896,19.610000610351562,2047.6199951171875,102.63999938964844,0.0012070448032925896
2015-12-10,1073.0999755859375,97.94000244140625,2.239000082015991,19.34000015258789,2052.22998046875,102.55000305175781,-0.004184690258079549
2015-12-11,1076.9000244140625,97.56999969482422,2.1389999389648438,24.389999389648438,2012.3699951171875,103.11000061035156,0.003534932823407111
2015-12-14,1064.699951171875,97.5999984741211,2.2249999046325684,22.729999542236328,2021.93994140625,101.79000091552734,-0.011393542545885538
2015-12-15,1062.9000244140625,98.22000122070312,2.2679998874664307,20.950000762939453,2043.4100341796875,101.5199966430664,-0.0016919789508067495
2015-12-16,1078.0,97.87000274658203,2.2869999408721924,17.860000610351562,2073.070068359375,102.75,0.014106427960112633
2015-12-17,1050.800048828125,99.2699966430664,2.23799991607666,18.940000534057617,2041.8900146484375,100.5,-0.02555564718998582
2015-12-18,1066.199951171875,98.69999694824219,2.1989998817443848,20.700000762939453,2005.550048828125,102.04000091552734,0.014549054313300225
2015-12-21,1081.9000244140625,98.45999908447266,2.197000026702881,18.700000762939453,2021.1500244140625,103.1500015258789,0.014617897667185353
2015-12-22,1074.800048828125,98.23999786376953,2.239000082015991,16.600000381469727,2038.969970703125,102.61000061035156,-0.006584134088143401
2015-12-23,1069.4000244140625,98.33999633789062,2.2639999389648438,15.569999694824219,2064.2900390625,102.30999755859375,-0.005036876826984837
2015-12-24,1077.199951171875,97.9800033569336,2.243000030517578,15.739999771118164,2060.989990234375,103.05000305175781,0.007267270264383008
2015-12-28,1070.5,97.91999816894531,2.2249999046325684,16.90999984741211,2056.5,102.2699966430664,-0.006239207578959238
2015-12-29,1077.5,98.0999984741211,2.306999921798706,16.079999923706055,2078.360107421875,102.19999694824219,0.006517713948165138
2015-12-30,1060.0999755859375,98.2699966430664,2.302999973297119,17.290000915527344,2063.360107421875,101.41999816894531,-0.016280322728812635
2015-12-31,1060.300048828125,98.62999725341797,2.2690000534057617,18.209999084472656,2043.93994140625,101.45999908447266,0.00018871273389731158
2016-01-04,1075.0999755859375,98.87000274658203,2.244999885559082,20.700000762939453,2012.6600341796875,102.88999938964844,0.01386172479955139
2016-01-05,1078.4000244140625,99.4000015258789,2.247999906539917,19.34000015258789,2016.7099609375,103.18000030517578,0.0030648260146568518
2016-01-06,1091.9000244140625,99.18000030517578,2.177000045776367,20.59000015258789,1990.260009765625,104.66999816894531,0.012440836582072734
2016-01-07,1107.699951171875,98.22000122070312,2.1530001163482666,24.989999771118164,1943.0899658203125,106.1500015258789,0.014366429062977915
2016-01-08,1097.800048828125,98.54000091552734,2.130000114440918,27.010000228881836,1922.030029296875,105.68000030517578,-0.008977527848297306
2016-01-11,1096.5,98.7300033569336,2.1579999923706055,24.299999237060547,1923.6700439453125,104.73999786376953,-0.0011849327360060613
2016-01-12,1085.5999755859375,98.97000122070312,2.1019999980926514,22.469999313354492,1938.6800537109375,104.20999908447266,-0.009990481826287478
2016-01-13,1087.5,98.93000030517578,2.065999984741211,25.219999313354492,1890.280029296875,104.72000122070312,0.0017486769311840789
2016-01-14,1073.9000244140625,99.08999633789062,2.0980000495910645,23.950000762939453,1921.8399658203125,103.0199966430664,-0.012584579364649962
2016-01-15,1091.5,98.95999908447266,2.0329999923706055,27.020000457763672,1880.3299560546875,104.08000183105469,0.01625599239180886
2016-01-19,1089.9000244140625,98.98999786376953,2.0350000858306885,26.049999237060547,1881.3299560546875,103.9800033569336,-0.0014669256944550568
2016-01-20,1107.0999755859375,99.08999633789062,1.9839999675750732,27.59000015258789,1859.3299560546875,105.37000274658203,0.015657990517612852
2016-01-21,1099.0999755859375,99.05999755859375,2.0190000534057617,26.690000534057617,1868.989990234375,105.48999786376953,-0.007252320951077529
2016-01-22,1097.199951171875,99.56999969482422,2.0480000972747803,22.34000015258789,1906.9000244140625,105.0,-0.0017302053011150065
2016-01-25,1106.199951171875,99.36000061035156,2.0220000743865967,24.149999618530273,1877.0799560546875,106.08000183105469,0.008169238859200512
2016-01-26,1121.699951171875,99.36000061035156,1.99399995803833,22.5,1903.6300048828125,107.29000091552734,0.013914673700545777
2016-01-27,1116.0999755859375,98.9000015258789,2.000999927520752,23.110000610351562,1882.949951171875,107.69000244140625,-0.005004904333480553
2016-01-28,1115.5999755859375,98.51000213623047,1.9850000143051147,22.420000076293945,1893.3599853515625,106.54000091552734,-0.0004480889181390779
2016-01-29,1116.4000244140625,99.61000061035156,1.930999994277954,20.200000762939453,1940.239990234375,106.94999694824219,0.000716889661638298
2016-02-01,1127.9000244140625,99.0,1.965999960899353,19.979999542236328,1939.3800048828125,108.05000305175781,0.010248273760733895
2016-02-02,1127.300048828125,98.87000274658203,1.8639999628067017,21.979999542236328,1903.030029296875,108.08999633789062,-0.0005320819267531363
2016-02-03,1141.300048828125,97.29000091552734,1.88100004196167,21.649999618530273,1912.530029296875,109.25,0.012342569977745299
2016-02-04,1157.5999755859375,96.47000122070312,1.8639999628067017,21.84000015258789,1915.449951171875,110.56999969482422,0.014180868884579034
2016-02-05,1157.800048828125,97.02999877929688,1.8480000495910645,23.3799991607666,1880.050048828125,112.31999969482422,0.00017281959106441036
2016-02-08,1197.9000244140625,96.56999969482422,1.7350000143051147,26.0,1853.43994140625,113.83000183105469,0.034048349299905745
2016-02-09,1198.699951171875,96.06999969482422,1.7289999723434448,26.540000915527344,1852.2099609375,113.58000183105469,0.0006675513608165318
2016-02-10,1194.699951171875,95.88999938964844,1.7050000429153442,26.290000915527344,1851.8599853515625,114.45999908447266,-0.0033425285262591586
2016-02-11,1247.9000244140625,95.55999755859375,1.6440000534057617,28.139999389648438,1829.0799560546875,119.05999755859375,0.04356709112536539
2016-02-12,1239.0999755859375,95.9800033569336,1.7480000257492065,25.399999618530273,1864.780029296875,118.36000061035156,-0.00707686815854025
2016-02-16,1207.9000244140625,96.87000274658203,1.777999997138977,24.110000610351562,1895.5799560546875,114.7699966430664,-0.025501955096164153
2016-02-17,1211.0999755859375,96.79000091552734,1.819000005722046,22.309999465942383,1926.8199462890625,115.4800033569336,0.002645682545197481
2016-02-18,1226.0999755859375,96.94999694824219,1.7589999437332153,21.639999389648438,1917.8299560546875,118.29000091552734,0.012309362957954484
2016-02-19,1230.4000244140625,96.5999984741211,1.7480000257492065,20.530000686645508,1917.780029296875,117.58000183105469,0.0035009592673835854
2016-02-22,1209.5,97.37999725341797,1.7660000324249268,19.3799991607666,1945.5,115.48999786376953,-0.017132288543675323
2016-02-23,1222.300048828125,97.4800033569336,1.7450000047683716,20.979999542236328,1921.27001953125,117.22000122070312,0.010527318680876085
2016-02-24,1238.699951171875,97.45999908447266,1.7419999837875366,20.719999313354492,1929.800048828125,117.61000061035156,0.013328033410348716
2016-02-25,1238.199951171875,97.29000091552734,1.6970000267028809,19.110000610351562,1951.699951171875,117.91999816894531,-0.00040373049094011293
2016-02-26,1219.800048828125,98.1500015258789,1.7619999647140503,19.809999465942383,1948.050048828125,117.11000061035156,-0.014971721758396228
2016-02-29,1233.9000244140625,98.20999908447266,1.7400000095367432,20.549999237060547,1932.22998046875,118.63999938964844,0.011492953798612149
2016-03-01,1230.300048828125,98.3499984741211,1.8339999914169312,17.700000762939453,1978.3499755859375,117.7699966430664,-0.0029218229364778026
2016-03-02,1241.0999755859375,98.20999908447266,1.8480000495910645,17.09000015258789,1986.449951171875,118.68000030517578,0.008739981710060185
2016-03-03,1257.4000244140625,97.56999969482422,1.8300000429153442,16.700000762939453,1993.4000244140625,120.7300033569336,0.013048052901100782
2016-03-04,1269.9000244140625,97.33999633789062,1.8830000162124634,16.860000610351562,1999.989990234375,120.54000091552734,0.009892060054906615
2016-03-07,1263.199951171875,97.06999969482422,1.9019999504089355,17.350000381469727,2001.760009765625,121.13999938964844,-0.005290031133051265
2016-03-08,1262.0999755859375,97.20999908447266,1.8320000171661377,18.670000076293945,1979.260009765625,120.58000183105469,-0.0008711643665364477
2016-03-09,1256.5999755859375,97.16999816894531,1.8919999599456787,18.34000015258789,1989.260009765625,119.58000183105469,-0.0043673393804049
2016-03-10,1272.0,96.06999969482422,1.9290000200271606,18.049999237060547,1989.5699462890625,121.5,0.012180823359887682
2016-03-11,1258.699951171875,96.16999816894531,1.9769999980926514,16.5,2022.18994140625,119.41000366210938,-0.010511061395113153
2016-03-14,1244.4000244140625,96.62000274658203,1.9630000591278076,16.920000076293945,2019.6400146484375,117.87000274658203,-0.011425897862329393
2016-03-15,1230.4000244140625,96.62999725341797,1.9589999914169312,16.84000015258789,2015.9300537109375,117.95999908447266,-0.011314166048867591
2016-03-16,1229.300048828125,95.88999938964844,1.937999963760376,14.989999771118164,2027.219970703125,120.58999633789062,-0.0008943982001952122
2016-03-17,1264.5,94.76000213623047,1.902999997138977,14.4399995803833,2040.5899658203125,120.12999725341797,0.02823184571645765
2016-03-18,1253.800048828125,94.98999786376953,1.871000051498413,14.020000457763672,2049.580078125,119.80000305175781,-0.008497808326042744
2016-03-21,1243.800048828125,95.29000091552734,1.9229999780654907,13.789999961853027,2051.60009765625,118.95999908447266,-0.008007729856973178
2016-03-22,1248.199951171875,95.6500015258789,1.934999942779541,14.170000076293945,2049.800048828125,119.30999755859375,0.003531225454106668
2016-03-23,1223.699951171875,96.05000305175781,1.875,14.9399995803833,2036.7099609375,116.61000061035156,-0.019823458291527984
2016-03-24,1221.4000244140625,96.13999938964844,1.899999976158142,14.739999771118164,2035.93994140625,116.33000183105469,-0.0018812543119599567
2016-03-28,1219.9000244140625,95.94000244140625,1.8700000047683716,15.239999771118164,2037.050048828125,116.5999984741211,-0.0012288536097644354
2016-03-29,1235.5999755859375,95.16000366210938,1.8140000104904175,13.819999694824219,2055.010009765625,118.76000213623047,0.012787754117695727
2016-03-30,1226.9000244140625,94.83999633789062,1.8300000429153442,13.5600004196167,2063.949951171875,117.0999984741211,-0.007065979589434335
2016-03-31,1234.199951171875,94.58999633789062,1.7860000133514404,13.949999809265137,2059.739990234375,117.63999938964844,0.005932264628275341
2016-04-01,1222.199951171875,94.62000274658203,1.7920000553131104,13.100000381469727,2072.780029296875,116.93000030517578,-0.009770473814591618
2016-04-04,1218.0,94.51000213623047,1.7790000438690186,14.119999885559082,2066.1298828125,116.1500015258789,-0.003442304239960947
2016-04-05,1228.4000244140625,94.62999725341797,1.7269999980926514,15.420000076293945,2045.1700439453125,117.66000366210938,0.008502360171509515
2016-04-06,1222.5,94.43000030517578,1.7549999952316284,14.09000015258789,2066.659912109375,116.94000244140625,-0.004814587092324629
2016-04-07,1236.199951171875,94.4800033569336,1.690999984741211,16.15999984741211,2041.9100341796875,118.61000061035156,0.011144176377580806
2016-04-08,1242.5,94.23999786376953,1.7200000286102295,15.359999656677246,2047.5999755859375,118.43000030517578,0.005083360244175772
2016-04-11,1256.699951171875,93.94999694824219,1.7239999771118164,16.260000228881836,2041.989990234375,120.02999877929688,0.011363719796072758
2016-04-12,1259.4000244140625,93.95999908447266,1.781000018119812,14.850000381469727,2061.719970703125,120.05000305175781,0.0021462376732568345
2016-04-13,1246.800048828125,94.73999786376953,1.7619999647140503,13.84000015258789,2082.419921875,118.7699966430664,-0.01005512838417566
2016-04-14,1225.0,94.9000015258789,1.781000018119812,13.720000267028809,2082.780029296875,117.11000061035156,-0.017639464077110922
2016-04-15,1233.0999755859375,94.69999694824219,1.7519999742507935,13.619999885559082,2080.72998046875,117.91999816894531,0.006590460098726325
2016-04-18,1233.5999755859375,94.48999786376953,1.7730000019073486,13.350000381469727,2094.340087890625,117.73999786376953,0.00040539994060484474
2016-04-19,1253.0,93.9800033569336,1.7829999923706055,13.239999771118164,2100.800048828125,119.58000183105469,0.015603971877910183
2016-04-20,1253.199951171875,94.48999786376953,1.8539999723434448,13.279999732971191,2102.39990234375,118.97000122070312,0.00015956521921189903
2016-04-21,1249.0,94.5999984741211,1.8700000047683716,13.949999809265137,2091.47998046875,119.41999816894531,-0.003357009989702675
2016-04-22,1228.699951171875,95.12000274658203,1.8880000114440918,13.220000267028809,2091.580078125,117.88999938964844,-0.01638657099171681
2016-04-25,1238.9000244140625,94.83999633789062,1.9019999504089355,14.079999923706055,2087.7900390625,118.2300033569336,0.00826724869407336
2016-04-26,1242.199951171875,94.56999969482422,1.930999994277954,13.960000038146973,2091.699951171875,118.69999694824219,0.002660052989487127
2016-04-27,1249.199951171875,94.38999938964844,1.8600000143051147,13.770000457763672,2095.14990234375,119.04000091552734,0.005619345503985684
2016-04-28,1265.5,93.76000213623047,1.8380000591278076,15.220000267028809,2075.81005859375,121.29000091552734,0.012963993663771767
2016-04-29,1289.199951171875,93.08000183105469,1.819000005722046,15.699999809265137,2065.300048828125,123.6500015258789,0.018554532081355823
2016-05-02,1294.699951171875,92.62999725341797,1.8650000095367432,14.680000305175781,2081.429931640625,123.23999786376953,0.004257137284213286
2016-05-03,1290.699951171875,92.94000244140625,1.7999999523162842,15.600000381469727,2063.3701171875,122.95999908447266,-0.003094301340337502
2016-05-04,1273.300048828125,93.18000030517578,1.784000039100647,16.049999237060547,2051.1201171875,122.20999908447266,-0.013572675083322494
2016-05-05,1271.4000244140625,93.77999877929688,1.746999979019165,15.90999984741211,2050.6298828125,122.06999969482422,-0.001493319222276135
2016-05-06,1292.9000244140625,93.88999938964844,1.7790000438690186,14.720000267028809,2057.139892578125,123.18000030517578,0.01676910143887511
2016-05-09,1265.5999755859375,94.1500015258789,1.7599999904632568,14.569999694824219,2058.68994140625,120.6500015258789,-0.021341477420802057
2016-05-10,1263.9000244140625,94.29000091552734,1.7599999904632568,13.630000114440918,2084.389892578125,120.9800033569336,-0.001344100753353672
2016-05-11,1274.5999755859375,93.81999969482422,1.7369999885559082,14.6899995803833,2064.4599609375,122.12000274658203,0.008430186756369196
2016-05-12,1270.300048828125,94.13999938964844,1.7569999694824219,14.40999984741211,2064.110107421875,121.16000366210938,-0.0033792532582230805
2016-05-13,1271.9000244140625,94.61000061035156,1.7050000429153442,15.039999961853027,2046.6099853515625,121.70999908447266,0.001258733184715588
2016-05-16,1273.4000244140625,94.56999969482422,1.753000020980835,14.680000305175781,2066.659912109375,121.80000305175781,0.0011786431028752986
2016-05-17,1276.199951171875,94.55000305175781,1.7589999437332153,15.569999694824219,2047.2099609375,122.22000122070312,0.0021963664184188048
2016-05-18,1273.699951171875,95.08000183105469,1.8799999952316284,15.949999809265137,2047.6300048828125,120.0999984741211,-0.0019608619136297634
2016-05-19,1254.199951171875,95.29000091552734,1.8450000286102295,16.329999923706055,2040.0400390625,119.87000274658203,-0.01542813208282734
2016-05-20,1252.4000244140625,95.30999755859375,1.8489999771118164,15.199999809265137,2052.320068359375,119.70999908447266,-0.001436150231157285
2016-05-23,1251.0999755859375,95.2300033569336,1.8380000591278076,15.819999694824219,2048.0400390625,119.37000274658203,-0.0010385851367962218
2016-05-24,1228.9000244140625,95.56999969482422,1.8589999675750732,14.420000076293945,2076.06005859375,117.30000305175781,-0.017903664652126672
2016-05-25,1223.5,95.3499984741211,1.8700000047683716,13.899999618530273,2090.5400390625,116.9800033569336,-0.004403876274423624
2016-05-26,1220.0999755859375,95.16999816894531,1.8229999542236328,13.430000305175781,2090.10009765625,116.58000183105469,-0.0027828013113238015
2016-05-27,1213.800048828125,95.5199966430664,1.8509999513626099,13.119999885559082,2099.06005859375,115.62000274658203,-0.00517682794215979
2016-05-31,1214.800048828125,95.88999938964844,1.8339999914169312,14.1899995803833,2096.949951171875,116.05999755859375,0.000823519736724343
2016-06-01,1211.9000244140625,95.45999908447266,1.8459999561309814,14.199999809265137,2099.330078125,115.94000244140625,-0.002390098246246808
2016-06-02,1209.800048828125,95.55999755859375,1.8109999895095825,13.630000114440918,2105.260009765625,115.66999816894531,-0.0017342990864133156
2016-06-03,1240.0999755859375,94.02999877929688,1.7039999961853027,13.470000267028809,2099.1298828125,118.87999725341797,0.02473690478824775
2016-06-06,1244.5999755859375,93.9000015258789,1.7230000495910645,13.649999618530273,2109.409912109375,118.91999816894531,0.00362217169757173
2016-06-07,1244.4000244140625,93.83000183105469,1.7130000591278076,14.050000190734863,2112.1298828125,118.81999969482422,-0.00016066787650093062
2016-06-08,1259.800048828125,93.58999633789062,1.7059999704360962,14.079999923706055,2119.1201171875,120.58000183105469,0.012299511303835331
2016-06-09,1270.199951171875,94.0999984741211,1.6799999475479126,14.640000343322754,2115.47998046875,121.25,0.008221312981124385
2016-06-10,1273.4000244140625,94.5999984741211,1.6390000581741333,17.030000686645508,2096.070068359375,121.73999786376953,0.002516177827683208
2016-06-13,1284.4000244140625,94.37000274658203,1.6160000562667847,20.969999313354492,2079.06005859375,122.63999938964844,0.008601194468236706
2016-06-14,1285.5999755859375,94.93000030517578,1.6109999418258667,20.5,2075.320068359375,122.7699966430664,0.0009338142093948676
2016-06-15,1285.800048828125,94.61000061035156,1.5959999561309814,20.139999389648438,2071.5,123.68000030517578,0.0001556142495848789
2016-06-16,1296.0999755859375,94.56999969482422,1.5640000104904175,19.3700008392334,2077.989990234375,122.37999725341797,0.007978605910286873
2016-06-17,1292.5,94.20999908447266,1.6180000305175781,19.40999984741211,2071.219970703125,123.94999694824219,-0.0027814092101872134
2016-06-20,1290.0,93.61000061035156,1.6699999570846558,18.3700008392334,2083.25,123.20999908447266,-0.0019361090268663617
2016-06-21,1270.5,94.0199966430664,1.6970000267028809,18.479999542236328,2088.89990234375,120.83999633789062,-0.015231694595499334
2016-06-22,1268.0,93.72000122070312,1.684999942779541,21.170000076293945,2085.449951171875,120.9000015258789,-0.0019696677630474113
2016-06-23,1261.199951171875,93.52999877929688,1.7389999628067017,17.25,2113.320068359375,120.11000061035156,-0.005377246041874173
2016-06-24,1320.0,95.44999694824219,1.5789999961853027,25.760000228881836,2037.4100341796875,126.0,0.045568126625119554
2016-06-27,1322.5,96.54000091552734,1.4600000381469727,23.850000381469727,2000.5400390625,126.68000030517578,0.0018921481520379757
2016-06-28,1315.300048828125,96.25,1.4609999656677246,18.75,2036.0899658203125,125.31999969482422,-0.005459071134537474
2016-06-29,1323.9000244140625,95.7699966430664,1.4769999980926514,16.639999389648438,2070.77001953125,125.83999633789062,0.006517130786710901
2016-06-30,1318.4000244140625,96.13999938964844,1.4880000352859497,15.630000114440918,2098.860107421875,126.47000122070312,-0.004163045711472968
2016-07-01,1336.699951171875,95.6500015258789,1.4559999704360962,14.770000457763672,2102.949951171875,128.41000366210938,0.013784954775413638
2016-07-05,1356.4000244140625,96.16999816894531,1.3669999837875366,15.579999923706055,2088.550048828125,129.47000122070312,0.014630295802076532
2016-07-06,1364.9000244140625,96.05999755859375,1.3849999904632568,14.960000038146973,2099.72998046875,130.22999572753906,0.006247034498574777
2016-07-07,1360.0999755859375,96.33000183105469,1.3869999647140503,14.760000228881836,2097.89990234375,129.74000549316406,-0.0035229752607088827
2016-07-08,1356.5999755859375,96.30000305175781,1.3660000562667847,13.199999809265137,2129.89990234375,130.52000427246094,-0.0025766569730398814
2016-07-11,1355.0,96.56999969482422,1.434000015258789,13.539999961853027,2137.159912109375,129.2899932861328,-0.001180097201669561
2016-07-12,1334.0999755859375,96.44000244140625,1.5130000114440918,13.550000190734863,2152.139892578125,127.1500015258789,-0.015544565429065571
2016-07-13,1342.4000244140625,96.22000122070312,1.468000054359436,13.039999961853027,2152.429931640625,128.32000732421875,0.006202186015081601
2016-07-14,1331.300048828125,96.08000183105469,1.531000018119812,12.819999694824219,2163.75,127.33000183105469,-0.008303129784920316
2016-07-15,1326.5,96.58000183105469,1.593999981880188,12.670000076293945,2161.739990234375,126.83999633789062,-0.0036120505371028955
2016-07-18,1328.4000244140625,96.55999755859375,1.5870000123977661,12.4399995803833,2166.889892578125,127.04000091552734,0.0014313343033443005
2016-07-19,1331.5,97.05000305175781,1.5579999685287476,11.970000267028809,2163.780029296875,127.20999908447266,0.0023308973728486393
2016-07-20,1318.800048828125,97.19999694824219,1.5800000429153442,11.770000457763672,2173.02001953125,125.38999938964844,-0.009583857031749687
2016-07-21,1330.5,97.0,1.565000057220459,12.739999771118164,2165.169921875,127.30000305175781,0.008832542195506221
2016-07-22,1323.0999755859375,97.47000122070312,1.5700000524520874,12.020000457763672,2175.030029296875,126.3499984741211,-0.005577361821545779
2016-07-25,1319.300048828125,97.29000091552734,1.5709999799728394,12.869999885559082,2168.47998046875,125.47000122070312,-0.0028761196958368984
2016-07-26,1320.699951171875,97.16000366210938,1.562999963760376,13.050000190734863,2169.179931640625,126.0,0.001060532177999285
2016-07-27,1326.5999755859375,97.05000305175781,1.5149999856948853,12.829999923706055,2166.580078125,128.02999877929688,0.004457397609610503
2016-07-28,1332.300048828125,96.73999786376953,1.5110000371932983,12.720000267028809,2170.06005859375,127.66000366210938,0.004287548927691454
2016-07-29,1349.0,95.52999877929688,1.4579999446868896,11.869999885559082,2173.60009765625,128.97999572753906,0.012456768592093326
2016-08-01,1351.4000244140625,95.70999908447266,1.496000051498413,12.4399995803833,2170.840087890625,129.22000122070312,0.001777532976074525
2016-08-02,1364.4000244140625,95.05999755859375,1.5369999408721924,13.369999885559082,2157.030029296875,130.27000427246094,0.009573679254285317
2016-08-03,1356.0999755859375,95.55999755859375,1.5420000553131104,12.859999656677246,2163.7900390625,129.64999389648438,-0.006101874347359093
2016-08-04,1358.800048828125,95.76000213623047,1.503000020980835,12.420000076293945,2164.25,129.8699951171875,0.0019890781304123806
2016-08-05,1336.4000244140625,96.19000244140625,1.5820000171661377,11.390000343322754,2182.8701171875,127.55000305175781,-0.016622543470038664
2016-08-08,1333.4000244140625,96.4000015258789,1.5829999446868896,11.5,2180.889892578125,127.44000244140625,-0.0022473602575390217
2016-08-09,1339.0,96.18000030517578,1.5449999570846558,11.65999984741211,2181.739990234375,127.95999908447266,0.004190977197580992
2016-08-10,1344.300048828125,95.6500015258789,1.5089999437332153,12.050000190734863,2175.489990234375,128.55999755859375,0.003950401091376676
2016-08-11,1342.5,95.86000061035156,1.5729999542236328,11.680000305175781,2185.7900390625,127.66999816894531,-0.0013399203995287934
2016-08-12,1335.800048828125,95.72000122070312,1.5149999856948853,11.550000190734863,2184.050048828125,127.4000015258789,-0.005003147538015007
2016-08-15,1340.300048828125,95.62999725341797,1.5529999732971191,11.8100004196167,2190.14990234375,127.83999633789062,0.0033631060701884152
2016-08-16,1350.5,94.79000091552734,1.5759999752044678,12.640000343322754,2178.14990234375,128.47000122070312,0.0075813883174769
2016-08-17,1342.699951171875,94.72000122070312,1.5609999895095825,12.1899995803833,2182.219970703125,128.5,-0.005792418519633635
2016-08-18,1351.199951171875,94.16000366210938,1.5360000133514404,11.430000305175781,2187.02001953125,129.11000061035156,0.006310574643693556
2016-08-19,1340.4000244140625,94.51000213623047,1.5779999494552612,11.34000015258789,2183.8701171875,127.97000122070312,-0.008024955279562818
2016-08-22,1337.699951171875,94.5199966430664,1.5390000343322754,12.270000457763672,2182.639892578125,127.77999877929688,-0.002016410277178693
2016-08-23,1340.5999755859375,94.54000091552734,1.5529999732971191,12.380000114440918,2186.89990234375,127.76000213623047,0.00216557191257305
2016-08-24,1324.4000244140625,94.79000091552734,1.559000015258789,13.449999809265137,2175.43994140625,126.33999633789062,-0.012157711605415678
2016-08-25,1320.0999755859375,94.7699966430664,1.5770000219345093,13.630000114440918,2172.469970703125,126.2300033569336,-0.003252072314532839
2016-08-26,1321.5,95.56999969482422,1.6349999904632568,13.649999618530273,2169.0400390625,126.05000305175781,0.0010599822517303181
2016-08-29,1322.9000244140625,95.58000183105469,1.565999984741211,12.9399995803833,2180.3798828125,126.30000305175781,0.0010588598789471604
2016-08-30,1311.699951171875,96.05000305175781,1.5700000524520874,13.119999885559082,2176.1201171875,125.02999877929688,-0.00850234632726199
2016-08-31,1306.9000244140625,96.0199966430664,1.5679999589920044,13.420000076293945,2170.949951171875,124.77999877929688,-0.003666029312142882
2016-09-01,1312.199951171875,95.6500015258789,1.5700000524520874,13.479999542236328,2170.860107421875,125.29000091552734,0.004047141416004152
2016-09-02,1322.0999755859375,95.87999725341797,1.5959999561309814,11.979999542236328,2179.97998046875,126.56999969482422,0.0075162823500365405
2016-09-06,1349.4000244140625,94.81999969482422,1.5429999828338623,12.020000457763672,2186.47998046875,128.7100067138672,0.020438704235930416
2016-09-07,1344.300048828125,94.95999908447266,1.5410000085830688,11.9399995803833,2186.159912109375,128.27000427246094,-0.0037865995033081745
2016-09-08,1336.800048828125,95.02999877929688,1.6160000562667847,12.510000228881836,2181.300048828125,127.58999633789062,-0.0055947329752399355
2016-09-09,1330.0999755859375,95.33999633789062,1.6720000505447388,17.5,2127.81005859375,126.75,-0.005024625803116578
2016-09-12,1321.0,95.0999984741211,1.6720000505447388,15.15999984741211,2159.0400390625,126.58999633789062,-0.006865083481867096
2016-09-13,1319.0,95.62999725341797,1.7339999675750732,17.850000381469727,2127.02001953125,125.75,-0.0015151518050107171
2016-09-14,1321.5,95.33000183105469,1.6890000104904175,18.139999389648438,2125.77001953125,126.18000030517578,0.0018935813270291035
2016-09-15,1313.5,95.29000091552734,1.7029999494552612,16.299999237060547,2147.260009765625,125.37000274658203,-0.006072124918748756
2016-09-16,1305.800048828125,96.11000061035156,1.7009999752044678,15.369999885559082,2139.159912109375,125.05999755859375,-0.005879412979798104
2016-09-19,1313.5,95.83999633789062,1.6959999799728394,15.529999732971191,2139.1201171875,125.31999969482422,0.005879412979798104
2016-09-20,1313.699951171875,96.0199966430664,1.687999963760376,15.920000076293945,2139.760009765625,125.44000244140625,0.00015221618146821214
2016-09-21,1326.9000244140625,95.66000366210938,1.6679999828338623,13.300000190734863,2163.1201171875,127.2699966430664,0.009997866634651409
2016-09-22,1340.4000244140625,95.44999694824219,1.6319999694824219,12.020000457763672,2177.179931640625,127.56999969482422,0.010122682135452976
2016-09-23,1337.199951171875,95.4800033569336,1.6150000095367432,12.289999961853027,2164.68994140625,127.6500015258789,-0.0023902560464241773
2016-09-26,1339.699951171875,95.30999755859375,1.5889999866485596,14.5,2146.10009765625,127.55000305175781,0.0018678328051375814
2016-09-27,1325.9000244140625,95.44000244140625,1.555999994277954,13.100000381469727,2159.929931640625,126.62000274658203,-0.010354179302007438
2016-09-28,1319.4000244140625,95.43000030517578,1.5670000314712524,12.390000343322754,2171.3701171875,126.22000122070312,-0.004914386241190449
2016-09-29,1321.699951171875,95.54000091552734,1.5570000410079956,14.020000457763672,2151.1298828125,126.06999969482422,0.0017416435276524922
2016-09-30,1313.300048828125,95.45999908447266,1.6080000400543213,13.289999961853027,2168.27001953125,125.63999938964844,-0.006375659049503213
2016-10-03,1309.0,95.75,1.621999979019165,13.569999694824219,2161.199951171875,125.31999969482422,-0.0032796038609319567
2016-10-04,1266.300048828125,96.12000274658203,1.6829999685287476,13.630000114440918,2150.489990234375,120.97000122070312,-0.03316418589365622
2016-10-05,1265.199951171875,96.12999725341797,1.715999960899353,12.989999771118164,2159.72998046875,120.77999877929688,-0.0008691271779577292
2016-10-06,1249.800048828125,96.66000366210938,1.7419999837875366,12.84000015258789,2160.77001953125,119.66000366210938,-0.012246596274554378
2016-10-07,1248.9000244140625,96.5199966430664,1.7359999418258667,13.479999542236328,2153.739990234375,119.73999786376953,-0.0007203941462403662
2016-10-11,1253.0,97.69999694824219,1.7589999437332153,15.359999656677246,2136.72998046875,119.55000305175781,0.0032774924785767823
2016-10-12,1251.0999755859375,97.97000122070312,1.777999997138977,15.90999984741211,2139.179931640625,119.73999786376953,-0.00151753108679209
2016-10-13,1255.0,97.5199966430664,1.7380000352859497,16.690000534057617,2132.550048828125,120.02999877929688,0.003112427756607694
2016-10-14,1253.0999755859375,98.0199966430664,1.7940000295639038,16.1200008392334,2132.97998046875,119.36000061035156,-0.0015151108775768307
2016-10-17,1254.4000244140625,97.88999938964844,1.7660000324249268,16.209999084472656,2126.5,119.68000030517578,0.001036928370576895
2016-10-18,1260.800048828125,97.9000015258789,1.7489999532699585,15.279999732971191,2139.60009765625,120.41999816894531,0.005089088772621153
2016-10-19,1267.9000244140625,97.87000274658203,1.7519999742507935,14.40999984741211,2144.2900390625,121.11000061035156,0.005615528957908289
2016-10-20,1265.5999755859375,98.31999969482422,1.746999979019165,13.75,2141.340087890625,120.73999786376953,-0.0018157090665287257
2016-10-21,1265.9000244140625,98.69999694824219,1.7400000095367432,13.34000015258789,2141.159912109375,120.83000183105469,0.00023705220583014608
2016-10-24,1262.0,98.66999816894531,1.7630000114440918,13.020000457763672,2151.330078125,120.55999755859375,-0.0030855868275567744
2016-10-25,1271.9000244140625,98.72000122070312,1.7580000162124634,13.460000038146973,2143.159912109375,121.47000122070312,0.00781410055123466
2016-10-26,1264.800048828125,98.62999725341797,1.7899999618530273,14.239999771118164,2139.429931640625,120.79000091552734,-0.005597819151719641
2016-10-27,1267.9000244140625,98.88999938964844,1.843000054359436,15.359999656677246,2133.0400390625,121.01000213623047,0.002447962288740335
2016-10-28,1275.5,98.3499984741211,1.8450000286102295,16.190000534057617,2126.409912109375,121.58000183105469,0.005976250792453008
2016-10-31,1271.5,98.44999694824219,1.8339999914169312,17.059999465942383,2126.14990234375,121.94000244140625,-0.0031409527196926135
2016-11-01,1286.4000244140625,97.69999694824219,1.8200000524520874,18.559999465942383,2111.719970703125,122.7300033569336,0.011650332541121244
2016-11-02,1306.800048828125,97.4000015258789,1.7990000247955322,19.31999969482422,2097.93994140625,123.63999938964844,0.01573379968826938
2016-11-03,1302.0999755859375,97.16000366210938,1.812000036239624,22.079999923706055,2088.659912109375,124.30000305175781,-0.0036031111066421317
2016-11-04,1303.300048828125,97.06999969482422,1.7829999923706055,22.510000228881836,2085.179931640625,124.38999938964844,0.0009212200167434403
2016-11-07,1278.300048828125,97.77999877929688,1.8279999494552612,18.709999084472656,2131.52001953125,122.1500015258789,-0.019368438629986606
2016-11-08,1273.4000244140625,97.86000061035156,1.8619999885559082,18.739999771118164,2139.56005859375,121.63999938964844,-0.003840600616411116
2016-11-09,1272.5999755859375,98.5,2.072000026702881,14.380000114440918,2163.260009765625,121.55999755859375,-0.0006284751409726397
2016-11-10,1265.5,98.79000091552734,2.117000102996826,14.739999771118164,2167.47998046875,119.75,-0.005594731629116723
2016-11-14,1221.199951171875,100.11000061035156,2.2219998836517334,14.479999542236328,2164.199951171875,116.11000061035156,-0.035633359108182106
2016-11-15,1224.0,100.19000244140625,2.23799991607666,13.369999885559082,2180.389892578125,117.12000274658203,0.0022902421952748497
2016-11-16,1223.4000244140625,100.41000366210938,2.2230000495910645,13.720000267028809,2176.93994140625,116.7699966430664,-0.0004902963078956546
2016-11-17,1216.5,100.88999938964844,2.2760000228881836,13.350000381469727,2187.1201171875,116.16999816894531,-0.005656004540798953
2016-11-18,1208.5,101.20999908447266,2.3350000381469727,12.850000381469727,2181.89990234375,115.1500015258789,-0.006597962080038933
2016-11-21,1209.5999755859375,101.05000305175781,2.3389999866485596,12.420000076293945,2198.179931640625,115.58000183105469,0.0009097850981474309
2016-11-22,1211.0,101.04000091552734,2.321000099182129,12.40999984741211,2202.93994140625,115.54000091552734,0.0011567583114064917
2016-11-23,1189.0999755859375,101.69999694824219,2.3570001125335693,12.430000305175781,2204.719970703125,113.25,-0.018249766641106113
2016-11-25,1178.199951171875,101.48999786376953,2.371999979019165,12.34000015258789,2213.35009765625,112.61000061035156,-0.00920888926738428
2016-11-28,1190.5999755859375,101.33000183105469,2.319999933242798,13.149999618530273,2201.719970703125,113.80000305175781,0.010469552569007945
2016-11-29,1187.9000244140625,100.93000030517578,2.302000045776367,12.899999618530273,2204.659912109375,113.2699966430664,-0.0022702983658282605
2016-11-30,1170.800048828125,101.5,2.368000030517578,13.329999923706055,2198.81005859375,111.75,-0.014499745325127655
2016-12-01,1166.9000244140625,101.04000091552734,2.440999984741211,14.069999694824219,2191.080078125,111.54000091552734,-0.0033366367884370973
2016-12-02,1175.0999755859375,100.7699966430664,2.390000104904175,14.119999885559082,2191.949951171875,112.13999938964844,0.007002548829521338
2016-12-05,1174.0,100.13999938964844,2.38700008392334,12.140000343322754,2204.7099609375,111.54000091552734,-0.0009365081756955718
2016-12-06,1167.5999755859375,100.48999786376953,2.3959999084472656,11.789999961853027,2212.22998046875,111.43000030517578,-0.005466382317694141
2016-12-07,1175.0,100.2300033569336,2.3469998836517334,12.220000267028809,2241.35009765625,111.83000183105469,0.0063178085079114155
2016-12-08,1169.800048828125,101.06999969482422,2.38700008392334,12.640000343322754,2246.18994140625,111.56999969482422,-0.004435311828759225
2016-12-09,1159.4000244140625,101.56999969482422,2.4639999866485596,11.75,2259.530029296875,110.4000015258789,-0.008930184786370532
2016-12-12,1163.5,100.95999908447266,2.4790000915527344,12.640000343322754,2256.9599609375,110.81999969482422,0.00353005277921703
2016-12-13,1156.699951171875,101.02999877929688,2.4809999465942383,12.720000267028809,2271.719970703125,110.44999694824219,-0.005861622654292908
2016-12-14,1161.300048828125,102.0,2.5250000953674316,13.1899995803833,2253.280029296875,108.83000183105469,0.003969028209747982
2016-12-15,1127.800048828125,103.12999725341797,2.5799999237060547,12.789999961853027,2262.030029296875,107.33999633789062,-0.029271233629700077
2016-12-16,1135.300048828125,102.94999694824219,2.5969998836517334,12.199999809265137,2258.070068359375,108.05000305175781,0.0066281005113921765
2016-12-19,1140.5,103.13999938964844,2.5420000553131104,11.710000038146973,2262.530029296875,108.58999633789062,0.004569786544949217
2016-12-20,1131.5,103.29000091552734,2.568000078201294,11.449999809265137,2270.760009765625,107.79000091552734,-0.007922576650851276
2016-12-21,1131.0999755859375,103.0199966430664,2.5460000038146973,11.270000457763672,2265.179931640625,107.8499984741211,-0.0003535971206103383
2016-12-22,1128.800048828125,103.08999633789062,2.552999973297119,11.430000305175781,2260.9599609375,107.58999633789062,-0.0020354241577118515
2016-12-23,1131.9000244140625,103.01000213623047,2.5429999828338623,11.4399995803833,2263.7900390625,107.93000030517578,0.0027424934122031175
2016-12-27,1137.300048828125,103.0199966430664,2.562999963760376,11.989999771118164,2268.8798828125,108.55999755859375,0.004759416916297887
2016-12-28,1139.4000244140625,103.26000213623047,2.50600004196167,12.949999809265137,2249.919921875,108.86000061035156,0.0018447543496460383
2016-12-29,1156.4000244140625,102.68000030517578,2.4769999980926514,13.369999885559082,2249.260009765625,110.29000091552734,0.014809922780900209
2016-12-30,1150.0,102.38999938964844,2.446000099182129,14.039999961853027,2238.830078125,109.61000061035156,-0.005549809897020808
2017-01-03,1160.4000244140625,103.20999908447266,2.450000047683716,12.850000381469727,2257.830078125,110.47000122070312,0.009002851929303723
2017-01-04,1163.800048828125,102.69999694824219,2.4519999027252197,11.850000381469727,2270.75,110.86000061035156,0.0029257608917383493
2017-01-05,1179.699951171875,101.5199966430664,2.368000030517578,11.670000076293945,2269.0,112.58000183105469,0.013569572279167552
2017-01-06,1171.9000244140625,102.22000122070312,2.4179999828338623,11.319999694824219,2276.97998046875,111.75,-0.006633743360060507
2017-01-09,1183.5,101.93000030517578,2.375999927520752,11.5600004196167,2268.89990234375,112.66999816894531,0.009849765856593251
2017-01-10,1184.199951171875,102.01000213623047,2.378999948501587,11.489999771118164,2268.89990234375,113.1500015258789,0.0005912499106308644
2017-01-11,1195.5999755859375,101.77999877929688,2.369999885559082,11.260000228881836,2275.320068359375,113.5,0.009580731125188535
2017-01-12,1198.9000244140625,101.3499984741211,2.3610000610351562,11.539999961853027,2270.43994140625,113.91000366210938,0.0027563590874688515
2017-01-13,1195.300048828125,101.18000030517578,2.380000114440918,11.229999542236328,2274.639892578125,114.20999908447266,-0.0030072493432919956
2017-01-17,1212.0,100.33000183105469,2.3269999027252197,11.869999885559082,2267.889892578125,115.8499984741211,0.013874646895224885
2017-01-18,1211.300048828125,100.93000030517578,2.3889999389648438,12.479999542236328,2271.889892578125,114.87000274658203,-0.0005776842959903661
2017-01-19,1200.9000244140625,101.1500015258789,2.4590001106262207,12.779999732971191,2263.68994140625,114.7699966430664,-0.008622907336826913
2017-01-20,1204.300048828125,100.73999786376953,2.4670000076293945,11.539999961853027,2271.31005859375,115.05000305175781,0.002827229814809762
2017-01-23,1215.0,100.16000366210938,2.4030001163482666,11.770000457763672,2265.199951171875,115.79000091552734,0.008845550963396676
2017-01-24,1210.300048828125,100.3499984741211,2.4709999561309814,11.069999694824219,2280.070068359375,115.2699966430664,-0.0038757736862713443
2017-01-25,1197.300048828125,100.02999877929688,2.5230000019073486,10.8100004196167,2298.3701171875,114.31999969482422,-0.010799240583716951
2017-01-26,1189.5,100.37999725341797,2.507999897003174,10.630000114440918,2296.679931640625,113.26000213623047,-0.006536011761648197
2017-01-27,1188.0999755859375,100.52999877929688,2.4809999465942383,10.579999923706055,2294.68994140625,113.48999786376953,-0.0011776788275987826
2017-01-30,1193.199951171875,100.43000030517578,2.4830000400543213,11.880000114440918,2280.89990234375,113.97000122070312,0.004283360803183811
2017-01-31,1208.5999755859375,99.51000213623047,2.4509999752044678,11.989999771118164,2278.8701171875,115.55000305175781,0.012823912008577132
2017-02-01,1205.5999755859375,99.63999938964844,2.4739999771118164,11.8100004196167,2279.550048828125,115.19999694824219,-0.0024852966654380637
2017-02-02,1216.699951171875,99.8499984741211,2.4700000286102295,11.930000305175781,2280.85009765625,115.83999633789062,0.00916488760006029
2017-02-03,1218.5,99.87000274658203,2.490999937057495,10.970000267028809,2297.419921875,116.12999725341797,0.0014783584034638864
2017-02-06,1230.0,99.91000366210938,2.4130001068115234,11.369999885559082,2292.56005859375,117.69999694824219,0.00939357530120244
2017-02-07,1234.199951171875,100.26000213623047,2.3889999389648438,11.289999961853027,2293.080078125,117.45999908447266,0.003408777957932152
2017-02-08,1237.5999755859375,100.27999877929688,2.3510000705718994,11.449999809265137,2294.669921875,118.19000244140625,0.0027510532075201155
2017-02-09,1235.0999755859375,100.6500015258789,2.3949999809265137,10.880000114440918,2307.8701171875,117.29000091552734,-0.002022081854818225
2017-02-10,1234.4000244140625,100.80000305175781,2.4089999198913574,10.850000381469727,2316.10009765625,117.5999984741211,-0.0005668768500655119
2017-02-13,1224.4000244140625,100.95999908447266,2.434000015258789,11.069999694824219,2328.25,116.80000305175781,-0.008134093816161148
2017-02-14,1223.9000244140625,101.25,2.4700000286102295,10.739999771118164,2337.580078125,116.93000030517578,-0.00040844667481820807
2017-02-15,1231.699951171875,101.18000030517578,2.502000093460083,11.970000267028809,2349.25,117.44999694824219,0.006352787968514129
2017-02-16,1240.0,100.44000244140625,2.450000047683716,11.760000228881836,2347.219970703125,118.08000183105469,0.006716090294516697
2017-02-17,1237.5999755859375,100.94999694824219,2.424999952316284,11.489999771118164,2351.159912109375,117.68000030517578,-0.0019373790671677327
2017-02-21,1237.5,101.37000274658203,2.427000045776367,11.569999694824219,2365.3798828125,117.75,-8.078508906983473e-05
2017-02-22,1232.0,101.33000183105469,2.4179999828338623,11.739999771118164,2362.820068359375,117.91000366210938,-0.004454350349380576
2017-02-23,1250.199951171875,101.05000305175781,2.388000011444092,11.710000038146973,2363.81005859375,118.94000244140625,0.014664634347995253
2017-02-24,1256.9000244140625,101.08999633789062,2.316999912261963,11.470000267028809,2367.340087890625,119.69999694824219,0.005344891913360961
2017-02-27,1257.4000244140625,101.12999725341797,2.36899995803833,12.09000015258789,2369.75,119.12000274658203,0.00039772501044499364
2017-02-28,1252.5999755859375,101.12000274658203,2.3580000400543213,12.920000076293945,2363.639892578125,119.2300033569336,-0.0038247447646631016
2017-03-01,1248.9000244140625,101.77999877929688,2.4630000591278076,12.539999961853027,2395.9599609375,119.05999755859375,-0.002958188183111332
2017-03-02,1231.9000244140625,102.19999694824219,2.489000082015991,11.8100004196167,2381.919921875,117.58000183105469,-0.013705470631345307
2017-03-03,1225.5,101.54000091552734,2.492000102996826,10.960000038146973,2383.1201171875,117.51000213623047,-0.0052087888179785935
2017-03-06,1224.5,101.63999938964844,2.49399995803833,11.239999771118164,2375.31005859375,116.72000122070312,-0.0008163265759453253
2017-03-07,1215.0999755859375,101.80999755859375,2.510999917984009,11.449999809265137,2368.389892578125,115.77999877929688,-0.007706239569881035
2017-03-08,1208.5,102.06999969482422,2.552000045776367,11.859999656677246,2362.97998046875,115.05999755859375,-0.005446436678803401
2017-03-09,1202.4000244140625,101.8499984741211,2.5980000495910645,12.300000190734863,2364.8701171875,114.47000122070312,-0.005060341400330515
2017-03-10,1200.699951171875,101.25,2.5820000171661377,11.65999984741211,2372.60009765625,114.72000122070312,-0.0014149003729180265
2017-03-13,1202.4000244140625,101.37999725341797,2.6080000400543213,11.350000381469727,2373.469970703125,114.73999786376953,0.0014149003729180265
2017-03-14,1201.9000244140625,101.69999694824219,2.5950000286102295,12.300000190734863,2365.449951171875,114.12000274658203,-0.000415921471574876
2017-03-15,1200.0999755859375,100.73999786376953,2.507999897003174,11.630000114440918,2385.260009765625,116.25,-0.0014987919775935055
2017-03-16,1226.5,100.2699966430664,2.5220000743865967,11.210000038146973,2381.3798828125,116.7300033569336,0.02175971840450508
2017-03-17,1229.800048828125,100.30000305175781,2.500999927520752,11.279999732971191,2378.25,116.98999786376953,0.0026870095249433845
2017-03-20,1233.5999755859375,100.41000366210938,2.4730000495910645,11.34000015258789,2373.469970703125,117.51000213623047,0.003085109794670693
2017-03-21,1246.0999755859375,99.80999755859375,2.436000108718872,12.470000267028809,2344.02001953125,118.54000091552734,0.010081950338284962
2017-03-22,1249.300048828125,99.68000030517578,2.3959999084472656,12.8100004196167,2348.449951171875,118.83000183105469,0.0025647791657270602
2017-03-23,1246.9000244140625,99.76000213623047,2.4179999828338623,13.119999885559082,2345.9599609375,118.66999816894531,-0.001922942939821759
2017-03-24,1248.199951171875,99.62999725341797,2.4000000953674316,12.960000038146973,2343.97998046875,118.86000061035156,0.0010419837987623026
2017-03-27,1255.4000244140625,99.16999816894531,2.372999906539917,12.5,2341.590087890625,119.52999877929688,0.005751791949558438
2017-03-28,1255.300048828125,99.70999908447266,2.4089999198913574,11.529999732971191,2358.570068359375,119.04000091552734,-7.96396089333129e-05
2017-03-29,1253.4000244140625,100.0,2.385999917984009,11.420000076293945,2361.1298828125,119.33000183105469,-0.0015147484528919009
2017-03-30,1245.0,100.41000366210938,2.4159998893737793,11.539999961853027,2368.06005859375,118.47000122070312,-0.006724348370036104
2017-03-31,1247.300048828125,100.3499984741211,2.3959999084472656,12.369999885559082,2362.719970703125,118.72000122070312,0.0018457243799128165
2017-04-03,1250.800048828125,100.54000091552734,2.3499999046325684,12.380000114440918,2358.840087890625,119.3499984741211,0.0028021313424808625
2017-04-04,1255.0,100.54000091552734,2.3499999046325684,11.789999961853027,2360.159912109375,119.62000274658203,0.0033521869446824226
2017-04-05,1245.4000244140625,100.55999755859375,2.3570001125335693,12.890000343322754,2352.949951171875,119.62000274658203,-0.00767878952414236
2017-04-06,1250.300048828125,100.66999816894531,2.3429999351501465,12.390000343322754,2357.489990234375,119.18000030517578,0.003926778512338913
2017-04-07,1254.300048828125,101.18000030517578,2.372999906539917,12.869999885559082,2355.5400390625,119.45999908447266,0.003194125405133086
2017-04-10,1251.0999755859375,101.0199966430664,2.3610000610351562,14.050000190734863,2357.159912109375,119.45999908447266,-0.0025545421499373333
2017-04-11,1271.199951171875,100.70999908447266,2.2980000972747803,15.069999694824219,2353.780029296875,121.19000244140625,0.015938153002180933
2017-04-12,1275.300048828125,100.77999877929688,2.2960000038146973,15.770000457763672,2344.929931640625,122.0199966430664,0.003220185508955531
2017-04-13,1285.9000244140625,100.55999755859375,2.2320001125335693,15.960000038146973,2328.949951171875,122.5999984741211,0.008277397941952813
2017-04-17,1289.4000244140625,100.30000305175781,2.252000093460083,14.65999984741211,2349.010009765625,122.23999786376953,0.0027181315485904634
2017-04-18,1291.699951171875,99.5,2.178999900817871,14.420000076293945,2342.18994140625,122.81999969482422,0.0017821296255693397
2017-04-19,1281.4000244140625,99.73999786376953,2.2019999027252197,14.930000305175781,2338.169921875,121.7300033569336,-0.00800589317895728
2017-04-20,1281.9000244140625,99.77999877929688,2.240999937057495,14.149999618530273,2355.840087890625,121.95999908447266,0.0003901221057365234
2017-04-21,1287.4000244140625,99.9800033569336,2.236999988555908,14.630000114440918,2348.68994140625,122.30999755859375,0.0042813282190623525
2017-04-24,1275.800048828125,99.08999633789062,2.2730000019073486,10.84000015258789,2374.14990234375,121.4800033569336,-0.009051228501958164
2017-04-25,1265.5999755859375,98.81999969482422,2.3269999027252197,10.760000228881836,2388.610107421875,120.25,-0.008027172357524037
2017-04-26,1262.0999755859375,98.95999908447266,2.311000108718872,10.850000381469727,2387.449951171875,120.83999633789062,-0.002769317802299831
2017-04-27,1263.699951171875,99.08000183105469,2.2960000038146973,10.359999656677246,2388.77001953125,120.38999938964844,0.0012669062050330027
2017-04-28,1266.0999755859375,99.05000305175781,2.2820000648498535,10.819999694824219,2384.199951171875,120.7699966430664,0.0018974031177032558
2017-05-01,1253.300048828125,99.13999938964844,2.325000047683716,10.109999656677246,2388.330078125,119.66999816894531,-0.010161178666199255
2017-05-02,1255.0999755859375,98.9800033569336,2.2960000038146973,10.59000015258789,2391.169921875,119.6500015258789,0.0014351196373922903
2017-05-03,1246.4000244140625,99.20999908447266,2.309000015258789,10.680000305175781,2388.1298828125,117.9800033569336,-0.0069558155103681685
2017-05-04,1226.5,98.76000213623047,2.3559999465942383,10.460000038146973,2389.52001953125,116.79000091552734,-0.01609483100560194
2017-05-05,1224.800048828125,98.6500015258789,2.3519999980926514,10.569999694824219,2399.2900390625,117.01000213623047,-0.001386979488867901
2017-05-08,1225.300048828125,99.1500015258789,2.375999927520752,9.770000457763672,2399.3798828125,116.75,0.0004081465956584651
2017-05-09,1214.300048828125,99.58999633789062,2.4070000648498535,9.960000038146973,2396.919921875,116.05000305175781,-0.009017932534638007
2017-05-10,1217.300048828125,99.66999816894531,2.4140000343322754,10.210000038146973,2399.6298828125,116.04000091552734,0.0024675122566781837
2017-05-11,1222.699951171875,99.62000274658203,2.4000000953674316,10.600000381469727,2394.43994140625,116.5,0.0044261566880958725
2017-05-12,1226.199951171875,99.25,2.3350000381469727,10.399999618530273,2390.89990234375,116.83000183105469,0.002858428292429771
2017-05-15,1228.5999755859375,98.91000366210938,2.3380000591278076,10.420000076293945,2402.320068359375,117.13999938964844,0.001955373350477352
2017-05-16,1235.0,98.11000061035156,2.3289999961853027,10.649999618530273,2400.669921875,117.6500015258789,0.005195680203700093
2017-05-17,1257.5,97.41999816894531,2.2160000801086426,15.59000015258789,2357.030029296875,119.79000091552734,0.018054652911816405
2017-05-18,1251.699951171875,97.87999725341797,2.2330000400543213,14.65999984741211,2365.719970703125,118.80999755859375,-0.0046230346493647545
2017-05-19,1252.699951171875,97.1500015258789,2.244999885559082,12.039999961853027,2381.72998046875,119.4000015258789,0.0007985945473087952
2017-05-22,1260.699951171875,96.9800033569336,2.253999948501587,10.930000305175781,2394.02001953125,119.9000015258789,0.006365900634421884
2017-05-23,1254.800048828125,97.3499984741211,2.2850000858306885,10.720000267028809,2398.419921875,119.13999938964844,-0.004690847276664023
2017-05-24,1252.4000244140625,97.23999786376953,2.2660000324249268,10.020000457763672,2404.389892578125,119.61000061035156,-0.0019145062835237425
2017-05-25,1255.800048828125,97.25,2.255000114440918,9.989999771118164,2415.070068359375,119.4800033569336,0.002711128616023295
2017-05-26,1267.5999755859375,97.4000015258789,2.25,9.8100004196167,2415.820068359375,120.54000091552734,0.009352470994601347
2017-05-30,1262.0999755859375,97.27999877929688,2.2170000076293945,10.380000114440918,2412.909912109375,120.13999938964844,-0.00434834863611222
2017-05-31,1272.0,96.91999816894531,2.196000099182129,10.40999984741211,2411.800048828125,120.62000274658203,0.007813483979482783
2017-06-01,1267.0,97.19999694824219,2.2170000076293945,9.890000343322754,2430.06005859375,120.72000122070312,-0.003938563578929077
2017-06-02,1276.800048828125,96.72000122070312,2.1589999198913574,9.75,2439.070068359375,121.61000061035156,0.007705084616984159
2017-06-05,1279.300048828125,96.80000305175781,2.181999921798706,10.069999694824219,2436.10009765625,121.7300033569336,0.001956105552711307
2017-06-06,1294.4000244140625,96.63999938964844,2.1470000743865967,10.449999809265137,2429.330078125,123.0999984741211,0.011734194674689391
2017-06-07,1290.0999755859375,96.75,2.177999973297119,10.390000343322754,2433.139892578125,122.44999694824219,-0.003327570358595544
2017-06-08,1276.300048828125,96.91999816894531,2.194000005722046,10.15999984741211,2433.7900390625,121.6500015258789,-0.010754410560722683
2017-06-09,1268.5,97.2699966430664,2.1989998817443848,10.699999809265137,2431.77001953125,120.54000091552734,-0.006130205206869022
2017-06-12,1266.0999755859375,97.13999938964844,2.2130000591278076,11.460000038146973,2429.389892578125,120.36000061035156,-0.0018938097960150557
2017-06-13,1265.800048828125,96.9800033569336,2.2070000171661377,10.420000076293945,2440.35009765625,120.4800033569336,-0.00023691832720373895
2017-06-14,1272.800048828125,96.94000244140625,2.138000011444092,10.640000343322754,2437.919921875,119.81999969482422,0.005514864470222314
2017-06-15,1252.199951171875,97.43000030517578,2.1619999408721924,10.899999618530273,2432.4599609375,119.31999969482422,-0.016317271069000938
2017-06-16,1254.0,97.16000366210938,2.1570000648498535,10.380000114440918,2433.14990234375,119.33999633789062,0.0014364768755275037
2017-06-19,1244.199951171875,97.52999877929688,2.190000057220459,10.369999885559082,2453.4599609375,118.43000030517578,-0.007845728356542736
2017-06-20,1241.0,97.75,2.1530001163482666,10.859999656677246,2437.030029296875,118.18000030517578,-0.0025752076317164807
2017-06-21,1243.4000244140625,97.55999755859375,2.1549999713897705,10.75,2435.610107421875,118.5199966430664,0.0019320762655521406
2017-06-22,1247.5999755859375,97.54000091552734,2.1530001163482666,10.479999542236328,2434.5,118.91999816894531,0.0033721036946667837
2017-06-23,1256.199951171875,97.30000305175781,2.1440000534057617,10.020000457763672,2438.300048828125,119.43000030517578,0.0068695659857471725
2017-06-26,1246.300048828125,97.43000030517578,2.13700008392334,9.899999618530273,2439.070068359375,118.36000061035156,-0.007912051139774334
2017-06-27,1246.4000244140625,96.47000122070312,2.197999954223633,11.0600004196167,2419.3798828125,118.80999755859375,8.021469334718034e-05
2017-06-28,1248.0,96.05000305175781,2.2209999561309814,10.029999732971191,2440.68994140625,118.9000015258789,0.0012828542252272257
2017-06-29,1244.199951171875,95.62999725341797,2.2669999599456787,11.4399995803833,2419.699951171875,118.31999969482422,-0.003049556093049688
2017-06-30,1240.699951171875,95.66000366210938,2.302000045776367,11.180000305175781,2423.409912109375,118.0199966430664,-0.002817016742802103
2017-07-03,1217.9000244140625,96.19999694824219,2.3459999561309814,11.220000267028809,2429.010009765625,116.08999633789062,-0.018547612954424864
2017-07-05,1220.4000244140625,96.29000091552734,2.3340001106262207,11.069999694824219,2432.5400390625,116.5199966430664,0.0020506097083856645
2017-07-06,1222.199951171875,95.81999969482422,2.369999885559082,12.539999961853027,2409.75,116.47000122070312,0.0014737796623212063
2017-07-07,1208.5999755859375,96.01000213623047,2.3929998874664307,11.1899995803833,2425.179931640625,115.27999877929688,-0.011189828782629085
2017-07-10,1212.0999755859375,96.05000305175781,2.371000051498413,11.109999656677246,2427.429931640625,115.47000122070312,0.002891727607337913
2017-07-11,1213.5999755859375,95.73999786376953,2.361999988555908,10.890000343322754,2425.530029296875,115.62000274658203,0.0012367565827515747
2017-07-12,1218.0999755859375,95.79000091552734,2.3269999027252197,10.300000190734863,2443.25,116.02999877929688,0.003701118745908616
2017-07-13,1216.300048828125,95.7300033569336,2.3480000495910645,9.899999618530273,2447.830078125,115.81999969482422,-0.001478743893978951
2017-07-14,1226.5999755859375,95.11000061035156,2.319000005722046,9.510000228881836,2459.27001953125,116.7699966430664,0.008432590518839156
2017-07-17,1232.800048828125,95.12999725341797,2.309000015258789,9.819999694824219,2459.139892578125,117.29000091552734,0.00504195032537158
2017-07-18,1241.0999755859375,94.66000366210938,2.263000011444092,9.890000343322754,2460.610107421875,118.11000061035156,0.006710018850760946
2017-07-19,1241.199951171875,94.80000305175781,2.2679998874664307,9.789999961853027,2473.830078125,118.08000183105469,8.055077060920013e-05
2017-07-20,1244.800048828125,94.2699966430664,2.2660000324249268,9.579999923706055,2473.449951171875,118.23999786376953,0.0028962994150303345
2017-07-21,1254.300048828125,93.94000244140625,2.2320001125335693,9.359999656677246,2472.5400390625,119.26000213623047,0.007602773309408839
2017-07-24,1253.9000244140625,93.9800033569336,2.253999948501587,9.430000305175781,2469.909912109375,119.30999755859375,-0.0003189732922193045
2017-07-25,1251.699951171875,94.05000305175781,2.3259999752044678,9.430000305175781,2477.1298828125,118.91999816894531,-0.0017561253424647205
2017-07-26,1249.0,93.66999816894531,2.2820000648498535,9.600000381469727,2477.830078125,119.87999725341797,-0.0021593571989519944
2017-07-27,1259.5999755859375,93.86000061035156,2.309999942779541,10.109999656677246,2475.419921875,119.79000091552734,0.008450959718898865
2017-07-28,1268.4000244140625,93.26000213623047,2.2890000343322754,10.289999961853027,2472.10009765625,120.69000244140625,0.006962092067635872
2017-07-31,1266.5999755859375,92.86000061035156,2.2920000553131104,10.260000228881836,2470.300048828125,120.75,-0.0014201571050573847
2017-08-01,1272.5999755859375,93.02999877929688,2.250999927520752,10.09000015258789,2476.35009765625,120.6500015258789,0.004725906807240499
2017-08-02,1271.800048828125,92.83000183105469,2.26200008392334,10.279999732971191,2477.570068359375,120.4000015258789,-0.0006287743880610819
2017-08-03,1267.800048828125,92.80999755859375,2.2279999256134033,10.4399995803833,2472.159912109375,120.58999633789062,-0.0031501048621089822
2017-08-04,1258.300048828125,93.54000091552734,2.2669999599456787,10.029999732971191,2476.830078125,119.6500015258789,-0.007521510961367994
2017-08-07,1258.199951171875,93.43000030517578,2.256999969482422,9.930000305175781,2480.909912109375,119.51000213623047,-7.955307474905027e-05
2017-08-08,1256.4000244140625,93.63999938964844,2.2829999923706055,10.960000038146973,2474.919921875,119.86000061035156,-0.0014315812317580168
2017-08-09,1273.0,93.5199966430664,2.240999937057495,11.109999656677246,2474.02001953125,121.30999755859375,0.013125811461156545
2017-08-10,1283.699951171875,93.4000015258789,2.2119998931884766,16.040000915527344,2438.2099609375,122.20999908447266,0.00837017549645136
2017-08-11,1287.699951171875,93.06999969482422,2.188999891281128,15.510000228881836,2441.320068359375,122.79000091552734,0.0031111483070125345
2017-08-14,1284.199951171875,93.45999908447266,2.2190001010894775,12.329999923706055,2465.840087890625,121.91999816894531,-0.0027217250231359458
2017-08-15,1273.699951171875,93.8499984741211,2.2660000324249268,12.039999961853027,2464.610107421875,120.9800033569336,-0.008209906077677687
2017-08-16,1276.9000244140625,93.48999786376953,2.2260000705718994,11.739999771118164,2468.110107421875,121.87000274658203,0.0025092722903705678
2017-08-17,1286.4000244140625,93.62000274658203,2.1989998817443848,15.550000190734863,2430.010009765625,122.48999786376953,0.007412353852867426
2017-08-18,1285.699951171875,93.43000030517578,2.194000005722046,14.260000228881836,2425.550048828125,122.30000305175781,-0.0005443592909450956
2017-08-21,1290.800048828125,93.0999984741211,2.180000066757202,13.1899995803833,2428.3701171875,122.76000213623047,0.0039589398932564634
2017-08-22,1285.0999755859375,93.55000305175781,2.2149999141693115,11.350000381469727,2452.510009765625,122.20999908447266,-0.004425701690303541
2017-08-23,1288.9000244140625,93.1500015258789,2.1710000038146973,12.25,2444.0400390625,122.66999816894531,0.0029526430372124324
2017-08-24,1286.5,93.27999877929688,2.194000005722046,12.229999542236328,2438.969970703125,122.29000091552734,-0.001863807630716252
2017-08-25,1292.5,92.73999786376953,2.1689999103546143,11.279999732971191,2443.050048828125,122.73999786376953,0.00465297466078507
2017-08-28,1309.699951171875,92.20999908447266,2.1589999198913574,11.319999694824219,2444.239990234375,124.69000244140625,0.013219738670856351
2017-08-29,1313.0999755859375,92.3499984741211,2.135999917984009,11.699999809265137,2446.300048828125,124.41999816894531,0.0025926692188278366
2017-08-30,1308.0999755859375,92.87999725341797,2.1429998874664307,11.220000267028809,2457.590087890625,124.36000061035156,-0.0038150512418457794
2017-08-31,1316.199951171875,92.66999816894531,2.121000051498413,10.59000015258789,2471.64990234375,125.81999969482422,0.006173075893794788
2017-09-01,1324.5,92.80999755859375,2.1570000648498535,10.130000114440918,2476.550048828125,126.05999755859375,0.006286269787906917
2017-09-05,1339.199951171875,92.30999755859375,2.069999933242798,12.229999542236328,2457.85009765625,127.45999908447266,0.011037354562419388
2017-09-06,1333.9000244140625,92.29000091552734,2.1080000400543213,11.630000114440918,2465.5400390625,126.80999755859375,-0.003965383824777291
2017-09-07,1345.0999755859375,91.52999877929688,2.061000108718872,11.550000190734863,2465.10009765625,128.1300048828125,0.008361341114399679
2017-09-08,1346.0,91.33000183105469,2.061000108718872,12.119999885559082,2461.429931640625,127.97000122070312,0.0006688896405071532
2017-09-11,1331.0,91.86000061035156,2.125,10.729999542236328,2488.110107421875,126.19000244140625,-0.011206691809561242
2017-09-12,1328.0,91.91000366210938,2.1710000038146973,10.579999923706055,2496.47998046875,126.55999755859375,-0.002256488358733044
2017-09-13,1323.4000244140625,92.5199966430664,2.194999933242798,10.5,2498.3701171875,125.61000061035156,-0.003469850010435316
2017-09-14,1324.699951171875,92.12000274658203,2.197000026702881,10.4399995803833,2495.6201171875,126.16000366210938,0.0009817808045111676
2017-09-15,1320.4000244140625,91.87000274658203,2.2019999027252197,10.170000076293945,2500.22998046875,125.52999877929688,-0.0032512423615180808
2017-09-18,1306.300048828125,92.05000305175781,2.2290000915527344,10.149999618530273,2503.8701171875,124.36000061035156,-0.010735988597468271
2017-09-19,1306.199951171875,91.79000091552734,2.243000030517578,10.180000305175781,2506.64990234375,124.62000274658203,-7.662978472566806e-05
2017-09-20,1312.0,92.51000213623047,2.2769999504089355,9.779999732971191,2508.239990234375,123.62000274658203,0.004430569417291252
2017-09-21,1290.5999755859375,92.26000213623047,2.2780001163482666,9.670000076293945,2500.60009765625,122.68000030517578,-0.016445482919126064
2017-09-22,1293.300048828125,92.16999816894531,2.26200008392334,9.59000015258789,2502.219970703125,123.23999786376953,0.0020899215909677693
2017-09-25,1306.800048828125,92.6500015258789,2.2200000286102295,10.210000038146973,2496.659912109375,124.52999877929688,0.010384308915688756
2017-09-26,1297.0,92.97000122070312,2.2290000915527344,10.170000076293945,2496.840087890625,123.13999938964844,-0.007527532775120527
2017-09-27,1283.4000244140625,93.36000061035156,2.309000015258789,9.869999885559082,2507.0400390625,121.9800033569336,-0.010541079977072876
2017-09-28,1285.5,93.08999633789062,2.309000015258789,9.550000190734863,2510.06005859375,122.20999908447266,0.001634922366573477
2017-09-29,1281.5,93.08000183105469,2.3259999752044678,9.510000228881836,2519.360107421875,121.58000183105469,-0.003116480901819152
2017-10-02,1272.699951171875,93.55999755859375,2.3369998931884766,9.449999809265137,2529.1201171875,120.7699966430664,-0.006890677171901949
2017-10-03,1271.5,93.56999969482422,2.3340001106262207,9.510000228881836,2534.580078125,120.83000183105469,-0.0009432837700495966
2017-10-04,1273.699951171875,93.45999908447266,2.3299999237060547,9.630000114440918,2537.739990234375,121.16999816894531,0.0017287063978832506
2017-10-05,1269.9000244140625,93.95999908447266,2.3499999046325684,9.1899995803833,2552.070068359375,120.5199966430664,-0.0029878358398844895
2017-10-06,1271.5999755859375,93.80000305175781,2.369999885559082,9.649999618530273,2549.330078125,121.08999633789062,0.0013377544169914657
2017-10-09,1281.800048828125,93.73999786376953,2.3610000610351562,10.329999923706055,2544.72998046875,122.08000183105469,0.007989447326365529
2017-10-10,1290.5999755859375,93.29000091552734,2.3450000286102295,10.079999923706055,2550.639892578125,122.4000015258789,0.006841829421378343
2017-10-11,1285.800048828125,92.95999908447266,2.3450000286102295,9.850000381469727,2555.239990234375,122.79000091552734,-0.0037260769024234364
2017-10-12,1293.300048828125,93.12000274658203,2.322999954223633,9.90999984741211,2550.929931640625,122.88999938964844,0.005815998493391206
2017-10-13,1301.5,93.08999633789062,2.2799999713897705,9.609999656677246,2553.169921875,123.81999969482422,0.006320316258744185
2017-10-16,1299.9000244140625,93.27999877929688,2.306999921798706,9.90999984741211,2557.639892578125,122.97000122070312,-0.00123008823915427
2017-10-17,1283.0,93.48999786376953,2.2980000972747803,10.3100004196167,2559.360107421875,122.12999725341797,-0.013086271579829223
2017-10-18,1279.9000244140625,93.36000061035156,2.3389999866485596,10.069999694824219,2561.260009765625,121.66999816894531,-0.002419116678914257
2017-10-19,1286.9000244140625,93.2699966430664,2.321000099182129,10.050000190734863,2562.10009765625,122.38999938964844,0.005454275534116704
2017-10-20,1277.4000244140625,93.69999694824219,2.38100004196167,9.970000267028809,2575.2099609375,121.61000061035156,-0.007409463231041968
2017-10-23,1277.699951171875,93.94000244140625,2.375999927520752,11.069999694824219,2564.97998046875,121.80000305175781,0.00023476714183878755
2017-10-24,1275.0,93.95999908447266,2.4059998989105225,11.15999984741211,2569.1298828125,121.33000183105469,-0.0021153697891094225
2017-10-25,1275.4000244140625,93.70999908447266,2.444000005722046,11.229999542236328,2557.14990234375,121.3499984741211,0.00031369543092374386
2017-10-26,1266.300048828125,94.61000061035156,2.4519999027252197,11.300000190734863,2560.39990234375,120.33000183105469,-0.0071605730072059615
2017-10-27,1268.5,94.91999816894531,2.427999973297119,9.800000190734863,2581.070068359375,120.9000015258789,0.0017357990230921772
2017-10-30,1274.0999755859375,94.48999786376953,2.369999885559082,10.5,2572.830078125,121.12999725341797,0.004404927786188395
2017-10-31,1267.0,94.55000305175781,2.375999927520752,10.180000305175781,2575.260009765625,120.66999816894531,-0.005588126504386004
2017-11-01,1274.0999755859375,94.81999969482422,2.375999927520752,10.199999809265137,2579.360107421875,121.11000061035156,0.005588126504386004
2017-11-02,1274.9000244140625,94.69000244140625,2.3469998836517334,9.930000305175781,2579.85009765625,121.19000244140625,0.0006277354683383862
2017-11-03,1266.5,94.94000244140625,2.3429999351501465,9.140000343322754,2587.840087890625,120.62000274658203,-0.0066105728521330676
2017-11-06,1279.4000244140625,94.72000122070312,2.319999933242798,9.399999618530273,2591.1298828125,121.6500015258789,0.010134046656737894
2017-11-07,1273.699951171875,94.91000366210938,2.306999921798706,9.890000343322754,2590.639892578125,121.20999908447266,-0.00446522483841072
2017-11-08,1281.5999755859375,94.87000274658203,2.325000047683716,9.779999732971191,2594.3798828125,121.62999725341797,0.006183266004363475
2017-11-09,1285.5999755859375,94.44000244140625,2.3310000896453857,10.5,2584.6201171875,122.12999725341797,0.0031162381684790574
2017-11-10,1272.4000244140625,94.38999938964844,2.4000000953674316,11.289999961853027,2582.300048828125,121.12999725341797,-0.010320616370499636
2017-11-13,1277.300048828125,94.48999786376953,2.4000000953674316,11.5,2584.840087890625,121.30999755859375,0.003843613213939001
2017-11-14,1281.5,93.83000183105469,2.38100004196167,11.59000015258789,2578.8701171875,121.55999755859375,0.0032827535277863973
2017-11-15,1276.5,93.80999755859375,2.3350000381469727,13.130000114440918,2564.6201171875,121.41000366210938,-0.003909309122587246
2017-11-16,1277.4000244140625,93.93000030517578,2.3610000610351562,11.760000228881836,2585.639892578125,121.4000015258789,0.0007048235582587381
2017-11-17,1295.800048828125,93.66000366210938,2.3540000915527344,11.430000305175781,2578.85009765625,122.86000061035156,0.014301521457896982
2017-11-20,1274.5999755859375,94.08000183105469,2.371999979019165,10.649999618530273,2582.139892578125,121.30999755859375,-0.016495917971793617
2017-11-21,1281.0999755859375,93.94999694824219,2.36299991607666,9.729999542236328,2599.030029296875,121.51000213623047,0.00508668007937807
2017-11-22,1291.5999755859375,93.22000122070312,2.322000026702881,9.880000114440918,2597.080078125,122.62999725341797,0.008162676176656447
2017-11-24,1286.699951171875,92.76000213623047,2.3399999141693115,9.670000076293945,2602.419921875,122.31999969482422,-0.003800977739327749
2017-11-27,1293.800048828125,92.9000015258789,2.328000068664551,9.869999885559082,2601.419921875,122.83000183105469,0.005502899107364456
2017-11-28,1294.699951171875,93.26000213623047,2.3380000591278076,10.029999732971191,2627.0400390625,122.80999755859375,0.000695308000776329
2017-11-29,1282.0999755859375,93.26000213623047,2.375999927520752,10.699999809265137,2626.070068359375,122.04000091552734,-0.009779630834338526
2017-11-30,1273.199951171875,93.01000213623047,2.4170000553131104,11.279999732971191,2647.580078125,121.0999984741211,-0.0069659614591834895
2017-12-01,1278.800048828125,92.9000015258789,2.361999988555908,11.430000305175781,2642.219970703125,121.58999633789062,0.004388798311229181
2017-12-04,1274.300048828125,93.19000244140625,2.378999948501587,11.680000305175781,2639.43994140625,121.18000030517578,-0.003525129832616436
2017-12-05,1261.5999755859375,93.37999725341797,2.3559999465942383,11.329999923706055,2629.570068359375,120.31999969482422,-0.01001630923867669
2017-12-06,1262.800048828125,93.61000061035156,2.3299999237060547,11.020000457763672,2629.27001953125,120.06999969482422,0.0009507790532286009
2017-12-07,1249.800048828125,93.80000305175781,2.375999927520752,10.15999984741211,2636.97998046875,118.48999786376953,-0.010347938786658517
2017-12-08,1245.199951171875,93.9000015258789,2.382999897003174,9.579999923706055,2651.5,118.4800033569336,-0.003687457209357703
2017-12-11,1243.699951171875,93.87000274658203,2.384999990463257,9.34000015258789,2659.989990234375,118.01000213623047,-0.0012053519550523362
2017-12-12,1238.5,94.0999984741211,2.4030001163482666,9.920000076293945,2664.110107421875,118.1500015258789,-0.004189798469907302
2017-12-13,1245.4000244140625,93.43000030517578,2.3489999771118164,10.180000305175781,2662.85009765625,119.16999816894531,0.005555813112327002
2017-12-14,1253.800048828125,93.48999786376953,2.3459999561309814,10.489999771118164,2652.010009765625,118.93000030517578,0.006722195742235648
2017-12-15,1254.300048828125,93.93000030517578,2.3550000190734863,9.420000076293945,2675.81005859375,119.18000030517578,0.0003987081752363508
2017-12-18,1262.199951171875,93.69999694824219,2.3919999599456787,9.529999732971191,2690.159912109375,119.7300033569336,0.006278504505989879
2017-12-19,1260.699951171875,93.47000122070312,2.4630000591278076,10.029999732971191,2681.469970703125,119.81999969482422,-0.0011891079589432252
2017-12-20,1266.0999755859375,93.3499984741211,2.496999979019165,9.720000267028809,2679.25,120.13999938964844,0.004274206737060915
2017-12-21,1267.300048828125,93.27999877929688,2.4809999465942383,9.619999885559082,2684.570068359375,120.30999755859375,0.0009474013739518838
2017-12-22,1275.4000244140625,93.3499984741211,2.484999895095825,9.899999618530273,2683.340087890625,120.94000244140625,0.006371182406176956
2017-12-26,1284.0999755859375,93.26000213623047,2.4670000076293945,10.25,2680.5,121.7699966430664,0.006798190801191595
2017-12-27,1287.0,93.02999877929688,2.4140000343322754,10.470000267028809,2682.6201171875,122.2300033569336,0.0022558637714853447
2017-12-28,1294.0999755859375,92.5999984741211,2.431999921798706,10.180000305175781,2687.5400390625,122.8499984741211,0.005501525365827931
2017-12-29,1306.300048828125,92.12000274658203,2.4049999713897705,11.039999961853027,2673.610107421875,123.6500015258789,0.009383296909513561
2018-01-02,1313.699951171875,91.8499984741211,2.4649999141693115,9.770000457763672,2695.81005859375,125.1500015258789,0.0056487954355946
2018-01-03,1316.199951171875,92.16000366210938,2.447000026702881,9.149999618530273,2713.06005859375,124.81999969482422,0.0019012136171543403
2018-01-04,1319.4000244140625,91.8499984741211,2.453000068664551,9.220000267028809,2723.989990234375,125.45999908447266,0.0024283463684655615
2018-01-05,1320.300048828125,91.94999694824219,2.4760000705718994,9.220000267028809,2743.14990234375,125.33000183105469,0.0006819141750700197
2018-01-08,1318.5999755859375,92.33000183105469,2.4800000190734863,9.520000457763672,2747.7099609375,125.30999755859375,-0.0012884713036926954
2018-01-09,1311.699951171875,92.52999877929688,2.5460000038146973,10.079999923706055,2751.2900390625,124.7300033569336,-0.005246580568031511
2018-01-10,1317.4000244140625,92.33000183105469,2.549999952316284,9.819999694824219,2748.22998046875,125.02999877929688,0.004336147142567803
2018-01-11,1320.5999755859375,91.8499984741211,2.5309998989105225,9.880000114440918,2767.56005859375,125.44000244140625,0.0024260445347756843
2018-01-12,1333.4000244140625,90.97000122070312,2.552000045776367,10.15999984741211,2786.239990234375,126.95999908447266,0.009645929220218896
2018-01-16,1335.4000244140625,90.38999938964844,2.5439999103546143,11.65999984741211,2776.419921875,127.16999816894531,0.00149880121238688
2018-01-17,1338.0,90.54000091552734,2.578000068664551,11.90999984741211,2802.56005859375,126.13999938964844,0.0019450709821953183
2018-01-18,1326.0,90.5,2.6110000610351562,12.220000267028809,2798.030029296875,125.86000061035156,-0.0090090699423655
2018-01-19,1331.9000244140625,90.56999969482422,2.63700008392334,11.270000457763672,2810.300048828125,126.41999816894531,0.004439620791428567
2018-01-22,1330.9000244140625,90.4000015258789,2.6649999618530273,11.029999732971191,2832.969970703125,126.6500015258789,-0.0007510891007012077
2018-01-23,1335.699951171875,90.12000274658203,2.624000072479248,11.100000381469727,2839.1298828125,127.27999877929688,0.0036000389903172447
2018-01-24,1355.9000244140625,89.20999908447266,2.6540000438690186,11.470000267028809,2837.5400390625,128.8300018310547,0.015009996047209206
2018-01-25,1362.4000244140625,89.38999938964844,2.621000051498413,11.579999923706055,2839.25,127.97000122070312,0.004782409794310105
2018-01-26,1351.5999755859375,89.06999969482422,2.6619999408721924,11.079999923706055,2872.8701171875,128.07000732421875,-0.007958810491319745
2018-01-30,1335.4000244140625,89.19000244140625,2.7260000705718994,14.789999961853027,2822.429931640625,126.80000305175781,-0.012058167071073989
2018-01-31,1339.0,89.12999725341797,2.7200000286102295,13.539999961853027,2823.81005859375,127.6500015258789,0.002692175985194112
2018-02-01,1344.300048828125,88.66999816894531,2.7730000019073486,13.470000267028809,2821.97998046875,128.07000732421875,0.003950401091376676
2018-02-02,1333.699951171875,89.19999694824219,2.8540000915527344,17.309999465942383,2762.1298828125,126.38999938964844,-0.00791646976522653
2018-02-05,1333.0,89.55000305175781,2.7939999103546143,37.31999969482422,2648.93994140625,126.70999908447266,-0.0005249568386131997
2018-02-06,1326.0999755859375,89.58999633789062,2.7679998874664307,29.979999542236328,2695.139892578125,125.37999725341797,-0.005189755905579574
2018-02-07,1311.5999755859375,90.26000213623047,2.8440001010894775,27.729999542236328,2681.659912109375,124.79000091552734,-0.010994537916590552
2018-02-08,1316.9000244140625,90.2300033569336,2.8510000705718994,33.459999084472656,2581.0,124.9800033569336,0.004032760898676102
2018-02-09,1313.0999755859375,90.44000244140625,2.8289999961853027,29.059999465942383,2619.550048828125,124.7699966430664,-0.002889772982946681
2018-02-12,1324.199951171875,90.20999908447266,2.8570001125335693,25.610000610351562,2656.0,125.37000274658203,0.008417731344798618
2018-02-13,1328.0999755859375,89.69999694824219,2.8399999141693115,24.969999313354492,2662.93994140625,126.08000183105469,0.0029408644064385925
2018-02-14,1355.5,89.12000274658203,2.9130001068115234,19.260000228881836,2698.6298828125,128.22999572753906,0.02042105891521473
2018-02-15,1352.0999755859375,88.58999633789062,2.8910000324249268,19.1299991607666,2731.199951171875,128.3800048828125,-0.0025114686304110734
2018-02-16,1353.199951171875,89.0999984741211,2.877000093460083,19.459999084472656,2732.219970703125,127.95999908447266,0.0008132005147931665
2018-02-20,1328.800048828125,89.72000122070312,2.8929998874664307,20.600000381469727,2716.260009765625,126.23999786376953,-0.01819580577798785
2018-02-21,1330.0,90.08000183105469,2.943000078201294,20.020000457763672,2701.330078125,125.66000366210938,0.0009026261706850391
2018-02-22,1330.5999755859375,89.75,2.9170000553131104,18.719999313354492,2703.9599609375,126.30000305175781,0.00045100774382689224
2018-02-23,1328.199951171875,89.87999725341797,2.871000051498413,16.489999771118164,2747.300048828125,126.13999938964844,-0.0018053446156436337
2018-02-26,1330.699951171875,89.81999969482422,2.8589999675750732,15.800000190734863,2779.60009765625,126.44999694824219,0.001880477512149703
2018-02-27,1315.5,90.36000061035156,2.9079999923706055,18.59000015258789,2744.280029296875,125.12999725341797,-0.011488261375784958
2018-02-28,1315.5,90.61000061035156,2.868000030517578,19.850000381469727,2713.830078125,125.0,0.0
2018-03-01,1302.9000244140625,90.31999969482422,2.803999900817871,22.469999313354492,2677.669921875,124.72000122070312,-0.0096242535332145
2018-03-02,1321.0999755859375,89.94000244140625,2.8570001125335693,19.59000015258789,2691.25,125.38999938964844,0.013872136457073303
2018-03-05,1318.0999755859375,90.08000183105469,2.88100004196167,18.729999542236328,2720.93994140625,125.18000030517578,-0.0022734172079488246
2018-03-06,1333.5999755859375,89.62000274658203,2.877000093460083,18.360000610351562,2728.1201171875,126.52999877929688,0.011690746933441076
2018-03-07,1326.0,89.63999938964844,2.882999897003174,17.760000228881836,2726.800048828125,125.72000122070312,-0.005715142383890814
2018-03-08,1319.9000244140625,90.12000274658203,2.865999937057495,16.540000915527344,2738.969970703125,125.41999816894531,-0.004610897113995982
2018-03-09,1322.4000244140625,90.08999633789062,2.8940000534057617,14.640000343322754,2786.570068359375,125.54000091552734,0.0018922913369374683
2018-03-12,1319.4000244140625,89.9000015258789,2.869999885559082,15.779999732971191,2783.02001953125,125.54000091552734,-0.0022711796760663816
2018-03-13,1325.9000244140625,89.66000366210938,2.8480000495910645,16.350000381469727,2765.31005859375,125.77999877929688,0.004914386241190449
2018-03-14,1324.4000244140625,89.69999694824219,2.816999912261963,17.229999542236328,2749.47998046875,125.69999694824219,-0.0011319474267272867
2018-03-15,1316.800048828125,90.13999938964844,2.8259999752044678,16.59000015258789,2747.330078125,124.9000015258789,-0.00575495710344498
2018-03-16,1311.300048828125,90.2300033569336,2.8480000495910645,15.800000190734863,2752.010009765625,124.5999984741211,-0.004185539229897728
2018-03-19,1316.800048828125,89.9000015258789,2.8450000286102295,19.020000457763672,2712.919921875,124.87000274658203,0.004185539229897728
2018-03-20,1311.0999755859375,90.37000274658203,2.878999948501587,18.200000762939453,2716.93994140625,124.30999755859375,-0.004338127119398294
2018-03-21,1320.699951171875,89.77999877929688,2.9070000648498535,17.860000610351562,2711.929931640625,126.4800033569336,0.0072954011940575825
2018-03-22,1326.5999755859375,89.86000061035156,2.8320000171661377,23.34000015258789,2643.68994140625,125.9800033569336,0.004457397609610503
2018-03-23,1349.300048828125,89.44000244140625,2.8299999237060547,24.8700008392334,2588.260009765625,127.61000061035156,0.016966715936515442
2018-03-26,1354.4000244140625,89.02999877929688,2.8429999351501465,21.030000686645508,2658.550048828125,128.27999877929688,0.0037725942201793927
2018-03-27,1341.300048828125,89.37000274658203,2.7860000133514404,22.5,2612.6201171875,127.48999786376953,-0.009719240533039297
2018-03-28,1324.199951171875,90.05999755859375,2.7750000953674316,22.8700008392334,2605.0,125.7300033569336,-0.012830862694559464
2018-03-29,1322.800048828125,90.1500015258789,2.740999937057495,19.969999313354492,2640.8701171875,125.79000091552734,-0.0010577275967262878
2018-04-02,1342.0999755859375,90.05000305175781,2.7320001125335693,23.6200008392334,2581.8798828125,127.26000213623047,0.014484794192477501
2018-04-03,1332.800048828125,90.19999694824219,2.7839999198913574,21.100000381469727,2614.449951171875,126.30000305175781,-0.0069535041644925855
2018-04-04,1335.800048828125,90.13999938964844,2.7880001068115234,20.059999465942383,2644.68994140625,126.44999694824219,0.0022483707966793887
2018-04-05,1324.300048828125,90.45999908447266,2.8320000171661377,18.940000534057617,2662.840087890625,125.80000305175781,-0.00864634504119266
2018-04-06,1331.9000244140625,90.11000061035156,2.7750000953674316,21.489999771118164,2604.469970703125,126.38999938964844,0.005722457733424058
2018-04-09,1336.300048828125,89.83999633789062,2.7860000133514404,21.770000457763672,2613.159912109375,126.81999969482422,0.0032981247895707
2018-04-10,1342.0,89.58999633789062,2.796999931335449,20.469999313354492,2656.8701171875,127.12000274658203,0.004256401204820293
2018-04-11,1356.5,89.56999969482422,2.7899999618530273,20.239999771118164,2642.18994140625,128.11000061035156,0.010746814567358598
2018-04-12,1338.4000244140625,89.75,2.8340001106262207,18.489999771118164,2663.989990234375,126.62000274658203,-0.013432964185141394
2018-04-13,1344.800048828125,89.80000305175781,2.8289999961853027,17.40999984741211,2656.300048828125,127.44999694824219,0.004770450489398392
2018-04-16,1347.5,89.43000030517578,2.8320000171661377,16.559999465942383,2677.840087890625,127.62999725341797,0.0020056843799087787
2018-04-17,1347.199951171875,89.5199966430664,2.813999891281128,15.25,2706.389892578125,127.75,-0.00022269553924481045
2018-04-18,1351.199951171875,89.62000274658203,2.867000102996826,15.600000381469727,2708.639892578125,127.8499984741211,0.0029647221128232815
2018-04-19,1346.800048828125,89.94000244140625,2.9140000343322754,15.960000038146973,2693.1298828125,127.5999984741211,-0.003261605814892654
2018-04-20,1336.699951171875,90.31999969482422,2.9509999752044678,16.8799991607666,2670.139892578125,126.62999725341797,-0.007527591093269059
2018-04-23,1322.5,90.94000244140625,2.9730000495910645,16.34000015258789,2670.2900390625,125.62000274658203,-0.010679968716114097
2018-04-24,1331.4000244140625,90.7699966430664,2.9830000400543213,18.020000457763672,2634.56005859375,126.2300033569336,0.006707153771284169
2018-04-25,1321.199951171875,91.16999816894531,3.0239999294281006,17.84000015258789,2639.39990234375,125.41000366210938,-0.007690660944510874
2018-04-26,1316.300048828125,91.55999755859375,2.990000009536743,16.239999771118164,2666.93994140625,124.97000122070312,-0.0037155700328845853
2018-04-27,1320.300048828125,91.54000091552734,2.9570000171661377,15.40999984741211,2669.909912109375,125.5,0.0030342129414098196
2018-04-30,1316.199951171875,91.83999633789062,2.936000108718872,15.930000305175781,2648.050048828125,124.58999633789062,-0.0031102605435355812
2018-05-01,1303.800048828125,92.44999694824219,2.9760000705718994,15.489999771118164,2654.800048828125,123.70999908447266,-0.009465644983154498
2018-05-02,1302.5999755859375,92.51000213623047,2.9639999866485596,15.970000267028809,2635.669921875,123.6500015258789,-0.0009208665713247299
2018-05-03,1310.699951171875,92.41000366210938,2.946000099182129,15.899999618530273,2629.72998046875,124.27999877929688,0.006199060002289869
2018-05-04,1312.699951171875,92.56999969482422,2.944000005722046,14.770000457763672,2663.419921875,124.54000091552734,0.001524739240619688
2018-05-07,1312.199951171875,92.75,2.950000047683716,14.75,2672.6298828125,124.56999969482422,-0.00038096691275768535
2018-05-08,1312.0,93.12000274658203,2.9690001010894775,14.710000038146973,2671.919921875,124.58999633789062,-0.00015239019585600033
2018-05-09,1311.300048828125,93.04000091552734,3.003999948501587,13.420000076293945,2697.7900390625,124.33000183105469,-0.0005336417302306273
2018-05-10,1320.800048828125,92.6500015258789,2.9709999561309814,13.229999542236328,2723.070068359375,125.18000030517578,0.007218601800712321
2018-05-11,1319.0,92.54000091552734,2.9709999561309814,12.649999618530273,2727.719970703125,125.0,-0.0013637768572012376
2018-05-14,1316.5,92.58999633789062,2.994999885559082,12.930000305175781,2730.1298828125,124.48999786376953,-0.0018971737809501121
2018-05-15,1288.9000244140625,93.22000122070312,3.0799999237060547,14.630000114440918,2711.449951171875,122.4800033569336,-0.021187539583849002
2018-05-16,1290.199951171875,93.38999938964844,3.0950000286102295,13.420000076293945,2722.4599609375,122.29000091552734,0.0010080469002327064
2018-05-17,1288.199951171875,93.47000122070312,3.1089999675750732,13.430000305175781,2720.1298828125,122.36000061035156,-0.0015513500441075578
2018-05-18,1290.199951171875,93.63999938964844,3.066999912261963,13.420000076293945,2712.969970703125,122.41000366210938,0.0015513500441075578
2018-05-21,1290.199951171875,93.68000030517578,3.065000057220459,13.079999923706055,2733.010009765625,122.4800033569336,0.0
2018-05-22,1291.699951171875,93.61000061035156,3.065000057220459,13.220000267028809,2724.43994140625,122.41000366210938,0.001161935183777274
2018-05-23,1289.300048828125,94.01000213623047,3.003000020980835,12.579999923706055,2733.2900390625,122.54000091552734,-0.0018596691479242367
2018-05-24,1303.699951171875,93.77999877929688,2.9809999465942383,12.529999732971191,2727.760009765625,123.58999633789062,0.011106864926633264
2018-05-25,1303.300048828125,94.19000244140625,2.930999994277954,13.220000267028809,2721.330078125,123.20999908447266,-0.0003067912135685802
2018-05-29,1298.699951171875,94.83000183105469,2.7679998874664307,17.020000457763672,2689.860107421875,123.19000244140625,-0.003535820483316243
2018-05-30,1301.5,94.1500015258789,2.8420000076293945,14.9399995803833,2724.010009765625,123.37000274658203,0.002153718916270364
2018-05-31,1300.0999755859375,93.98999786376953,2.822000026702881,15.430000305175781,2705.27001953125,123.0999984741211,-0.0010762796451002643
2018-06-01,1294.800048828125,94.19000244140625,2.8949999809265137,13.460000038146973,2734.6201171875,122.48999786376953,-0.004084885026490959
2018-06-04,1293.0999755859375,94.0199966430664,2.937000036239624,12.739999771118164,2746.8701171875,122.37000274658203,-0.001313863341481536
2018-06-05,1297.5,93.88999938964844,2.9189999103546143,12.399999618530273,2748.800048828125,122.8499984741211,0.0033969186184963363
2018-06-06,1297.0999755859375,93.66000366210938,2.9749999046325684,11.640000343322754,2772.35009765625,122.91999816894531,-0.00030835151545183237
2018-06-07,1298.699951171875,93.4000015258789,2.933000087738037,12.130000114440918,2770.3701171875,122.86000061035156,0.001232741993757891
2018-06-08,1298.0999755859375,93.55000305175781,2.937000036239624,12.180000305175781,2779.030029296875,123.01000213623047,-0.00046208842693662433
2018-06-11,1298.9000244140625,93.58000183105469,2.9570000171661377,12.350000381469727,2782.0,123.2300033569336,0.0006161331177771956
2018-06-12,1295.0999755859375,93.80000305175781,2.9570000171661377,12.34000015258789,2786.85009765625,122.81999969482422,-0.0029298778307511597
2018-06-13,1296.9000244140625,93.70999908447266,2.9769999980926514,12.9399995803833,2775.6298828125,123.19000244140625,0.0013889267881950218
2018-06-14,1304.0,94.7699966430664,2.946000099182129,12.119999885559082,2782.489990234375,123.37999725341797,0.005459643319964513
2018-06-15,1274.5999755859375,94.79000091552734,2.9240000247955322,11.979999542236328,2779.659912109375,121.33999633789062,-0.022804078760698232
2018-06-18,1276.199951171875,94.75,2.9260001182556152,12.3100004196167,2773.75,121.11000061035156,0.0012544894477866109
2018-06-19,1275.5999755859375,95.08999633789062,2.8929998874664307,13.350000381469727,2762.590087890625,120.80000305175781,-0.00047023717706196067
2018-06-20,1271.199951171875,95.05999755859375,2.927999973297119,12.789999961853027,2767.320068359375,120.26000213623047,-0.003455339185167716
2018-06-21,1267.199951171875,94.87000274658203,2.8970000743865967,14.640000343322754,2749.760009765625,120.05000305175781,-0.0031515942835920185
2018-06-22,1267.4000244140625,94.5199966430664,2.9000000953674316,13.770000457763672,2754.8798828125,120.33999633789062,0.00015787362465857768
2018-06-25,1265.5999755859375,94.27999877929688,2.875,17.329999923706055,2717.070068359375,119.88999938964844,-0.0014212784296390168
2018-06-26,1256.5999755859375,94.68000030517578,2.880000114440918,15.920000076293945,2723.06005859375,119.26000213623047,-0.007136657182704731
2018-06-27,1252.800048828125,95.29000091552734,2.8269999027252197,17.90999984741211,2699.6298828125,118.58000183105469,-0.0030285563284468964
2018-06-28,1247.800048828125,95.38999938964844,2.8469998836517334,16.850000381469727,2716.31005859375,118.22000122070312,-0.003999045403676682
2018-06-29,1251.300048828125,94.62999725341797,2.8489999771118164,16.09000015258789,2718.3701171875,118.6500015258789,0.0028010100848696595
2018-07-02,1239.800048828125,94.87000274658203,2.865999937057495,15.600000381469727,2726.7099609375,117.45999908447266,-0.009232934241235391
2018-07-03,1251.5999755859375,94.58999633789062,2.8380000591278076,16.139999389648438,2713.219970703125,118.6500015258789,0.00947259763675401
2018-07-05,1257.300048828125,94.47000122070312,2.8399999141693115,14.970000267028809,2736.610107421875,119.05000305175781,0.004543890146389451
2018-07-06,1254.300048828125,94.04000091552734,2.8310000896453857,13.369999885559082,2759.820068359375,118.86000061035156,-0.0023889164756205616
2018-07-09,1258.0999755859375,94.08000183105469,2.859999895095825,12.6899995803833,2784.169921875,119.1500015258789,0.003024939992369191
2018-07-10,1253.800048828125,94.11000061035156,2.872999906539917,12.640000343322754,2793.840087890625,118.93000030517578,-0.003423648167605542
2018-07-11,1242.800048828125,94.72000122070312,2.8420000076293945,13.630000114440918,2774.02001953125,117.63999938964844,-0.008812040976282631
2018-07-12,1245.0,94.80999755859375,2.8529999256134033,12.579999923706055,2798.2900390625,118.12999725341797,0.0017685920911132413
2018-07-13,1239.5999755859375,94.75,2.8310000896453857,12.180000305175781,2801.31005859375,117.61000061035156,-0.004346802680328388
2018-07-16,1238.0999755859375,94.51000213623047,2.8580000400543213,12.829999923706055,2798.429931640625,117.55000305175781,-0.001210800510808241
2018-07-17,1225.699951171875,94.97000122070312,2.864000082015991,12.0600004196167,2809.550048828125,116.27999877929688,-0.010065857197482764
2018-07-18,1226.300048828125,95.08000183105469,2.875,12.100000381469727,2815.6201171875,116.30999755859375,0.0004894760752298666
2018-07-19,1222.4000244140625,95.16999816894531,2.8469998836517334,12.869999885559082,2804.489990234375,115.80999755859375,-0.0031853862009256773
2018-07-20,1229.5,94.45999908447266,2.8949999809265137,12.859999656677246,2801.830078125,116.55999755859375,0.005791423271754859
2018-07-23,1224.0,94.66999816894531,2.9649999141693115,12.619999885559082,2806.97998046875,116.0,-0.0044833985839760615
2018-07-24,1223.9000244140625,94.61000061035156,2.9489998817443848,12.40999984741211,2820.39990234375,116.04000091552734,-8.168273621933508e-05
2018-07-25,1231.4000244140625,94.36000061035156,2.936000108718872,12.289999961853027,2846.070068359375,116.68000030517578,0.006109251967322038
2018-07-26,1225.300048828125,94.75,2.9749999046325684,12.140000343322754,2837.43994140625,115.7699966430664,-0.004966001498039496
2018-07-27,1222.5999755859375,94.68000030517578,2.9600000381469727,13.029999732971191,2818.820068359375,115.83000183105469,-0.0022060331796796007
2018-07-30,1221.300048828125,94.36000061035156,2.9749999046325684,14.260000228881836,2802.60009765625,115.6500015258789,-0.001063813468161534
2018-07-31,1223.699951171875,94.48999786376953,2.9639999866485596,12.829999923706055,2816.2900390625,115.98999786376953,0.0019631109320892293
2018-08-01,1217.9000244140625,94.62000274658203,3.003000020980835,13.149999618530273,2813.360107421875,115.13999938964844,-0.004750931950486148
2018-08-02,1210.5999755859375,95.16999816894531,2.9860000610351562,12.1899995803833,2827.219970703125,114.5199966430664,-0.006011999848420935
2018-08-03,1214.199951171875,95.13999938964844,2.953000068664551,11.640000343322754,2840.35009765625,114.91999816894531,0.002969299191421193
2018-08-06,1208.5999755859375,95.36000061035156,2.937999963760376,11.270000457763672,2850.39990234375,114.33000183105469,-0.004622738754922473
2018-08-07,1209.5999755859375,95.22000122070312,2.9730000495910645,10.930000305175781,2858.449951171875,114.58999633789062,0.0008270615145109517
2018-08-08,1212.5999755859375,95.0999984741211,2.9709999561309814,10.850000381469727,2857.699951171875,114.91000366210938,0.002477088262295979
2018-08-09,1211.9000244140625,95.5,2.934999942779541,11.270000457763672,2853.580078125,114.73999786376953,-0.0005773983842614072
2018-08-10,1211.0999755859375,96.36000061035156,2.8570001125335693,13.15999984741211,2833.280029296875,114.69000244140625,-0.0006603787513004278
2018-08-13,1191.300048828125,96.38999938964844,2.877000093460083,14.779999732971191,2821.929931640625,112.95999908447266,-0.01648382857584263
2018-08-14,1193.0,96.7300033569336,2.8949999809265137,13.3100004196167,2839.9599609375,113.06999969482422,0.0014259543053389834
2018-08-15,1177.5,96.69999694824219,2.8519999980926514,14.640000343322754,2818.3701171875,111.19000244140625,-0.013077596207343056
2018-08-16,1176.199951171875,96.6500015258789,2.871000051498413,13.449999809265137,2840.68994140625,111.0999984741211,-0.001104685378172654
2018-08-17,1176.5,96.0999984741211,2.872999906539917,12.640000343322754,2850.1298828125,112.12999725341797,0.0002550676550168163
2018-08-20,1186.800048828125,95.9000015258789,2.822999954223633,12.489999771118164,2857.050048828125,112.69000244140625,0.00871672139192281
2018-08-21,1192.5999755859375,95.26000213623047,2.8440001010894775,12.859999656677246,2862.9599609375,113.0199966430664,0.004875126658373752
2018-08-22,1196.300048828125,95.1500015258789,2.822999954223633,12.25,2861.820068359375,113.2699966430664,0.0030977237750970943
2018-08-23,1187.0,95.62000274658203,2.821000099182129,12.40999984741211,2856.97998046875,112.19999694824219,-0.0078043853831424315
2018-08-24,1206.300048828125,95.1500015258789,2.8259999752044678,11.989999771118164,2874.68994140625,114.16000366210938,0.016128748439265372
2018-08-27,1209.0,94.77999877929688,2.8480000495910645,12.15999984741211,2896.739990234375,114.58999633789062,0.002235707565859002
2018-08-28,1207.4000244140625,94.72000122070312,2.884000062942505,12.5,2897.52001953125,113.68000030517578,-0.0013242640321067256
2018-08-29,1204.5,94.5999984741211,2.884000062942505,12.25,2914.0400390625,114.19999694824219,-0.0024047645277596175
2018-08-30,1197.699951171875,94.72000122070312,2.859999895095825,13.529999732971191,2901.1298828125,113.63999938964844,-0.005661532869709163
2018-08-31,1200.300048828125,95.13999938964844,2.8529999256134033,12.859999656677246,2901.52001953125,113.51000213623047,0.0021685560260156223
2018-09-04,1192.699951171875,95.41999816894531,2.9019999504089355,13.15999984741211,2896.719970703125,112.93000030517578,-0.006351962565760871
2018-09-05,1194.9000244140625,95.12999725341797,2.9019999504089355,13.90999984741211,2888.60009765625,113.31999969482422,0.0018429166421238818
2018-09-06,1197.9000244140625,95.0199966430664,2.878999948501587,14.649999618530273,2878.050048828125,113.54000091552734,0.002507523830407976
2018-09-07,1193.5999755859375,95.37000274658203,2.941999912261963,14.880000114440918,2871.679931640625,113.2300033569336,-0.003596114122648153
2018-09-10,1193.0,95.1500015258789,2.937000036239624,14.15999984741211,2877.1298828125,113.1500015258789,-0.0005027868974396554
2018-09-11,1195.4000244140625,95.05999755859375,2.9769999980926514,13.220000267028809,2887.889892578125,113.22000122070312,0.0020097347155791923
2018-09-12,1204.699951171875,94.80000305175781,2.9630000591278076,13.140000343322754,2888.919921875,114.16999816894531,0.007749654927954985
2018-09-13,1202.0,94.54000091552734,2.9630000591278076,12.369999885559082,2904.179931640625,113.76000213623047,-0.0022436966462970886
2018-09-14,1195.0,94.9800033569336,2.99399995803833,12.069999694824219,2904.97998046875,113.0199966430664,-0.005840650729542318
2018-09-17,1199.699951171875,94.51000213623047,3.000999927520752,13.680000305175781,2888.800048828125,113.61000061035156,0.003925299454992093
2018-09-18,1196.800048828125,94.62000274658203,3.0480000972747803,12.789999961853027,2904.31005859375,113.44000244140625,-0.0024201158014891533
2018-09-19,1202.199951171875,94.55000305175781,3.0829999446868896,11.75,2907.949951171875,113.87999725341797,0.004501801970304697
2018-09-20,1206.199951171875,93.91000366210938,3.078000068664551,11.800000190734863,2930.75,114.2699966430664,0.0033217105465146446
2018-09-21,1196.199951171875,94.22000122070312,3.068000078201294,11.680000305175781,2929.669921875,113.48999786376953,-0.00832505674484274
2018-09-24,1199.300048828125,94.26000213623047,3.078000068664551,12.199999809265137,2919.3701171875,113.47000122070312,0.0025882691604381947
2018-09-25,1200.0,94.12999725341797,3.1019999980926514,12.420000076293945,2915.56005859375,113.6500015258789,0.0005834628245633411
2018-09-26,1194.0,94.19000244140625,3.061000108718872,12.890000343322754,2905.969970703125,113.05000305175781,-0.005012541823544048
2018-09-27,1182.300048828125,95.0,3.055999994277954,12.40999984741211,2914.0,112.05000305175781,-0.009847279784212404
2018-09-28,1191.5,95.19000244140625,3.055999994277954,12.119999885559082,2913.97998046875,112.76000213623047,0.007751282370461965
2018-10-01,1187.0999755859375,95.30000305175781,3.0799999237060547,12.0,2924.590087890625,112.56999969482422,-0.0036996800454476286
2018-10-02,1202.4000244140625,95.51000213623047,3.055999994277954,12.050000190734863,2923.429931640625,113.87000274658203,0.012806242249857824
2018-10-03,1198.300048828125,95.76000213623047,3.1610000133514404,11.609999656677246,2925.510009765625,113.41999816894531,-0.0034156533069067407
2018-10-04,1197.199951171875,95.75,3.197000026702881,14.220000267028809,2901.610107421875,113.4800033569336,-0.0009184702430271585
2018-10-05,1201.199951171875,95.62000274658203,3.2249999046325684,14.819999694824219,2885.570068359375,113.80000305175781,0.0033355602664464357
2018-10-08,1184.4000244140625,95.7699966430664,3.2330000400543213,15.6899995803833,2884.429931640625,112.54000091552734,-0.014084678619262547
2018-10-09,1187.199951171875,95.68000030517578,3.2079999446868896,15.949999809265137,2880.340087890625,112.5999984741211,0.0023612144438462934
2018-10-10,1189.300048828125,95.51000213623047,3.2249999046325684,22.959999084472656,2785.679931640625,112.87999725341797,0.0017673875050832066
2018-10-11,1223.5,95.0199966430664,3.132999897003174,24.979999542236328,2728.3701171875,115.77999877929688,0.028350664093339084
2018-10-12,1218.0999755859375,95.22000122070312,3.1410000324249268,21.309999465942383,2767.1298828125,115.2300033569336,-0.004423356219553476
2018-10-15,1226.4000244140625,95.06999969482422,3.1630001068115234,21.299999237060547,2750.7900390625,116.0,0.006790820801527708
2018-10-16,1227.300048828125,95.05000305175781,3.1559998989105225,17.6200008392334,2809.919921875,115.80000305175781,0.0007336059237568193
2018-10-17,1223.699951171875,95.58000183105469,3.178999900817871,17.399999618530273,2809.2099609375,115.79000091552734,-0.0029376582988742683
2018-10-18,1226.5,95.9000015258789,3.174999952316284,20.059999465942383,2768.780029296875,115.91999816894531,0.0022855686089613414
2018-10-19,1225.300048828125,95.70999908447266,3.197999954223633,19.889999389648438,2767.780029296875,116.01000213623047,-0.000978832893209436
2018-10-22,1221.199951171875,96.01000213623047,3.196000099182129,19.639999389648438,2755.8798828125,115.70999908447266,-0.0033518099283380565
2018-10-23,1233.4000244140625,95.95999908447266,3.1659998893737793,20.709999084472656,2740.68994140625,116.38999938964844,0.009940661474511892
2018-10-24,1227.800048828125,96.43000030517578,3.124000072479248,25.229999542236328,2656.10009765625,116.66000366210938,-0.004550613589319852
2018-10-25,1229.0999755859375,96.68000030517578,3.135999917984009,24.219999313354492,2705.570068359375,116.4000015258789,0.0010581845953803182
2018-10-26,1232.5,96.36000061035156,3.0769999027252197,24.15999984741211,2658.68994140625,116.7699966430664,0.002762452559275985
2018-10-29,1224.5,96.58000183105469,3.0869998931884766,24.700000762939453,2641.25,116.30999755859375,-0.006512029524622598
2018-10-30,1222.5999755859375,97.01000213623047,3.109999895095825,23.350000381469727,2682.6298828125,115.80000305175781,-0.0015528787665672894
2018-10-31,1212.300048828125,97.12999725341797,3.1589999198913574,21.229999542236328,2711.739990234375,115.1500015258789,-0.008460296595855787
2018-11-01,1236.0,96.27999877929688,3.1440000534057617,19.34000015258789,2740.3701171875,116.62999725341797,0.019360936987836475
2018-11-02,1230.9000244140625,96.54000091552734,3.2139999866485596,19.510000228881836,2723.06005859375,116.6500015258789,-0.004134730067067771
2018-11-05,1229.800048828125,96.3499984741211,3.2009999752044678,19.959999084472656,2738.31005859375,116.37000274658203,-0.0008940347270804949
2018-11-06,1223.800048828125,96.31999969482422,3.2139999866485596,19.90999984741211,2755.449951171875,116.04000091552734,-0.0048907822962700465
2018-11-07,1226.199951171875,96.0,3.2130000591278076,16.360000610351562,2813.889892578125,116.02999877929688,0.0019591045806830465
2018-11-08,1222.9000244140625,96.63999938964844,3.2339999675750732,16.719999313354492,2806.830078125,115.77999877929688,-0.0026948093485055225
2018-11-09,1206.4000244140625,96.91000366210938,3.188999891281128,17.360000610351562,2781.010009765625,114.4800033569336,-0.013584368668582592
2018-11-12,1201.300048828125,97.54000091552734,3.186000108718872,20.450000762939453,2726.219970703125,113.66000366210938,-0.004236394117413056
2018-11-13,1199.199951171875,97.30000305175781,3.1449999809265137,20.020000457763672,2722.179931640625,113.69999694824219,-0.0017497173022613666
2018-11-14,1207.9000244140625,96.80000305175781,3.119999885559082,21.25,2701.580078125,114.63999938964844,0.007228707752084063
2018-11-15,1212.800048828125,96.93000030517578,3.118000030517578,19.979999542236328,2730.199951171875,114.7699966430664,0.004048441325541496
2018-11-16,1220.800048828125,96.47000122070312,3.0739998817443848,18.139999389648438,2736.27001953125,115.62000274658203,0.006574645378254473
2018-11-19,1223.0999755859375,96.19000244140625,3.056999921798706,20.100000381469727,2690.72998046875,115.66999816894531,0.0018821780054922854
2018-11-20,1219.0,96.80999755859375,3.0480000972747803,22.479999542236328,2641.889892578125,115.66999816894531,-0.0033577490512390895
2018-11-21,1225.800048828125,96.70999908447266,3.061000108718872,20.799999237060547,2649.929931640625,115.86000061035156,0.005562881404039821
2018-11-23,1221.0,96.91999816894531,3.053999900817871,21.520000457763672,2632.56005859375,115.7699966430664,-0.00392353677460644
2018-11-26,1220.199951171875,97.06999969482422,3.072000026702881,18.899999618530273,2673.449951171875,115.63999938964844,-0.0006554554094462262
2018-11-27,1211.199951171875,97.37000274658203,3.055000066757202,19.020000457763672,2682.169921875,114.94999694824219,-0.007403176331916228
2018-11-28,1221.4000244140625,96.79000091552734,3.0439999103546143,18.489999771118164,2743.7900390625,115.37999725341797,0.008386198408280698
2018-11-29,1224.0999755859375,96.77999877929688,3.0350000858306885,18.790000915527344,2737.800048828125,115.73999786376953,0.0022080983593433245
2018-11-30,1220.199951171875,97.2699966430664,3.013000011444092,18.06999969482422,2760.169921875,115.54000091552734,-0.003191120435707795
2018-12-03,1233.9000244140625,97.04000091552734,2.992000102996826,16.440000534057617,2790.3701171875,116.41000366210938,0.011165164989324516
2018-12-04,1241.0999755859375,96.97000122070312,2.9240000247955322,20.739999771118164,2700.06005859375,117.12000274658203,0.0058181587735823825
2018-12-06,1238.0999755859375,96.80999755859375,2.875999927520752,21.190000534057617,2695.949951171875,117.13999938964844,-0.0024201367564939957
2018-12-07,1246.800048828125,96.51000213623047,2.8499999046325684,23.229999542236328,2633.080078125,118.08999633789062,0.007002381348266695
2018-12-10,1243.699951171875,97.22000122070312,2.8559999465942383,22.639999389648438,2637.719970703125,117.68000030517578,-0.0024895396566160244
2018-12-11,1241.9000244140625,97.38999938964844,2.878999948501587,21.760000228881836,2636.780029296875,117.54000091552734,-0.0014482837866971465
2018-12-12,1244.4000244140625,97.04000091552734,2.9059998989105225,21.459999084472656,2651.070068359375,117.79000091552734,0.002011021030000393
2018-12-13,1242.699951171875,97.05999755859375,2.9110000133514404,20.649999618530273,2650.5400390625,117.52999877929688,-0.0013671131226420385
2018-12-14,1237.0,97.44000244140625,2.8910000324249268,21.6299991607666,2599.949951171875,117.05999755859375,-0.004597299127495624
2018-12-17,1247.4000244140625,97.0999984741211,2.8570001125335693,24.520000457763672,2545.93994140625,117.87000274658203,0.008372311271494404
2018-12-18,1249.199951171875,97.13999938964844,2.825000047683716,25.579999923706055,2546.159912109375,118.1500015258789,0.0014419026574250537
2018-12-19,1252.0999755859375,97.04000091552734,2.7780001163482666,25.579999923706055,2506.9599609375,117.43000030517578,0.0023188148550019605
2018-12-20,1263.5999755859375,96.27999877929688,2.7890000343322754,28.3799991607666,2467.419921875,119.23999786376953,0.00914264843048418
2018-12-21,1253.800048828125,96.95999908447266,2.7920000553131104,30.110000610351562,2416.6201171875,118.72000122070312,-0.007785791822915833
2018-12-24,1267.5,96.55000305175781,2.749000072479248,36.06999969482422,2351.10009765625,120.0199966430664,0.010867477681361315
2018-12-26,1269.199951171875,97.05000305175781,2.796999931335449,30.40999984741211,2467.699951171875,119.66000366210938,0.0013402857721249717
2018-12-27,1277.300048828125,96.4800033569336,2.743000030517578,29.959999084472656,2488.830078125,120.56999969482422,0.0063617710388754745
2018-12-28,1279.9000244140625,96.38999938964844,2.7360000610351562,28.34000015258789,2485.739990234375,121.05999755859375,0.0020334556603831544
2018-12-31,1278.300048828125,96.16999816894531,2.686000108718872,25.420000076293945,2506.85009765625,121.25,-0.0012508605650429772
2019-01-02,1281.0,96.81999969482422,2.6610000133514404,23.219999313354492,2510.030029296875,121.33000183105469,0.0021099145250547124
2019-01-03,1291.800048828125,96.30999755859375,2.553999900817871,25.450000762939453,2447.889892578125,122.43000030517578,0.008395609500155388
2019-01-04,1282.699951171875,96.19000244140625,2.6589999198913574,21.3799991607666,2531.93994140625,121.44000244140625,-0.007069439157760371
2019-01-07,1286.800048828125,95.70999908447266,2.681999921798706,21.399999618530273,2549.68994140625,121.86000061035156,0.003191361071129606
2019-01-08,1283.199951171875,95.9000015258789,2.7160000801086426,20.469999313354492,2574.409912109375,121.52999877929688,-0.0028016342498524693
2019-01-09,1289.300048828125,95.22000122070312,2.7279999256134033,19.979999542236328,2584.9599609375,122.30999755859375,0.004742553228195057
2019-01-10,1284.699951171875,95.54000091552734,2.7309999465942383,19.5,2596.639892578125,121.58999633789062,-0.0035742832584517714
2019-01-11,1287.0999755859375,95.66999816894531,2.7009999752044678,18.190000534057617,2596.260009765625,121.80000305175781,0.0018664166569104523
2019-01-14,1289.0999755859375,95.58999633789062,2.7100000381469727,19.06999969482422,2582.610107421875,122.08999633789062,0.0015526748231557974
2019-01-15,1286.199951171875,95.97000122070312,2.7109999656677246,18.600000381469727,2610.300048828125,121.87999725341797,-0.0022521847725425204
2019-01-16,1291.5999755859375,96.05999755859375,2.7309999465942383,19.040000915527344,2616.10009765625,122.2699966430664,0.004189644244261714
2019-01-17,1291.0,96.06999969482422,2.749000072479248,18.059999465942383,2635.9599609375,122.11000061035156,-0.0004646291352923271
2019-01-18,1281.300048828125,96.33999633789062,2.7839999198913574,17.799999237060547,2670.7099609375,121.0199966430664,-0.0075418862228433525
2019-01-22,1282.5,96.30000305175781,2.7300000190734863,20.799999237060547,2632.89990234375,121.44999694824219,0.0009360724211253668
2019-01-23,1283.0999755859375,96.12000274658203,2.755000114440918,19.520000457763672,2638.699951171875,121.27999877929688,0.000467707828643249
2019-01-24,1279.0999755859375,96.5999984741211,2.7119998931884766,18.889999389648438,2642.330078125,121.08999633789062,-0.003122319355127523
2019-01-25,1297.4000244140625,95.79000091552734,2.753000020980835,17.420000076293945,2664.760009765625,122.86000061035156,0.01420559407819777
2019-01-28,1302.4000244140625,95.75,2.74399995803833,18.8700008392334,2643.85009765625,123.29000091552734,0.003846454397078425
2019-01-29,1308.199951171875,95.81999969482422,2.7119998931884766,19.1299991607666,2640.0,123.9800033569336,0.004443374208731754
2019-01-30,1309.9000244140625,95.33999633789062,2.694999933242798,17.65999984741211,2681.050048828125,124.69000244140625,0.0012987078392665552
2019-01-31,1319.699951171875,95.58000183105469,2.634999990463257,16.56999969482422,2704.10009765625,124.75,0.0074535839816558536
2019-02-01,1316.9000244140625,95.58000183105469,2.690999984741211,16.139999389648438,2706.530029296875,124.5,-0.0021238927681554998
2019-02-04,1314.300048828125,95.8499984741211,2.7239999771118164,15.729999542236328,2724.8701171875,123.95999908447266,-0.0019762666158227304
2019-02-05,1314.199951171875,96.0999984741211,2.7019999027252197,15.569999694824219,2737.699951171875,124.27999877929688,-7.616332988291674e-05
2019-02-06,1309.5,96.41999816894531,2.7019999027252197,15.380000114440918,2731.610107421875,123.44000244140625,-0.0035826933617428836
2019-02-07,1309.4000244140625,96.51000213623047,2.6519999504089355,16.3700008392334,2706.050048828125,123.73999786376953,-7.634929554711789e-05
2019-02-08,1313.699951171875,96.63999938964844,2.631999969482422,15.720000267028809,2707.8798828125,124.20999908447266,0.003278510654843636
2019-02-11,1307.0,97.05999755859375,2.6610000133514404,15.970000267028809,2709.800048828125,123.5999984741211,-0.0051131116828413425
2019-02-12,1309.199951171875,96.70999908447266,2.684000015258789,15.430000305175781,2744.72998046875,123.86000061035156,0.0016817917066491717
2019-02-13,1310.800048828125,97.12999725341797,2.7079999446868896,15.649999618530273,2753.030029296875,123.37000274658203,0.0012214487444177635
2019-02-14,1309.800048828125,96.9800033569336,2.6570000648498535,16.219999313354492,2745.72998046875,124.05999755859375,-0.0007631840122668265
2019-02-15,1318.0999755859375,96.91999816894531,2.6659998893737793,14.90999984741211,2775.60009765625,124.80000305175781,0.006316796133235769
2019-02-19,1340.0999755859375,96.5199966430664,2.6470000743865967,14.880000114440918,2779.760009765625,126.69999694824219,0.01655293261183477
2019-02-20,1343.300048828125,96.44999694824219,2.6540000438690186,14.020000457763672,2784.699951171875,126.4800033569336,0.002385089610256408
2019-02-21,1323.5,96.61000061035156,2.687999963760376,14.460000038146973,2774.8798828125,125.05000305175781,-0.014849566751192533
2019-02-22,1329.199951171875,96.51000213623047,2.6549999713897705,13.510000228881836,2792.669921875,125.5,0.0042974780783104904
2019-02-25,1325.9000244140625,96.41000366210938,2.6730000972747803,14.850000381469727,2796.110107421875,125.37000274658203,-0.002485728211593319
2019-02-26,1325.0999755859375,96.0,2.635999917984009,15.170000076293945,2793.89990234375,125.58000183105469,-0.0006035826876003014
2019-02-27,1317.699951171875,96.1500015258789,2.693000078201294,14.699999809265137,2792.3798828125,124.69000244140625,-0.005600154350637432
2019-02-28,1312.800048828125,96.16000366210938,2.7109999656677246,14.779999732971191,2784.489990234375,123.98999786376953,-0.0037254575258760525
2019-03-01,1296.4000244140625,96.52999877929688,2.755000114440918,13.569999694824219,2803.68994140625,121.87999725341797,-0.01257108687016828
2019-03-04,1284.800048828125,96.68000030517578,2.7219998836517334,14.630000114440918,2792.81005859375,121.55999755859375,-0.008988108902638459
2019-03-05,1282.0,96.8499984741211,2.7219998836517334,14.739999771118164,2789.64990234375,121.72000122070312,-0.002181743716337614
2019-03-06,1284.9000244140625,96.87000274658203,2.691999912261963,15.739999771118164,2771.449951171875,121.61000061035156,0.0022595548095685203
2019-03-07,1283.800048828125,97.66999816894531,2.635999917984009,16.59000015258789,2748.929931640625,121.51000213623047,-0.0008564453784476456
2019-03-08,1297.0,97.37000274658203,2.625,16.049999237060547,2743.070068359375,122.83999633789062,0.01022943740470783
2019-03-11,1288.800048828125,97.22000122070312,2.6429998874664307,14.329999923706055,2783.300048828125,122.23999786376953,-0.006342314567176821
2019-03-12,1296.300048828125,96.94000244140625,2.6050000190734863,13.770000457763672,2791.52001953125,122.9800033569336,0.005802499524032001
2019-03-13,1307.5,96.55000305175781,2.6110000610351562,13.40999984741211,2810.919921875,123.83999633789062,0.008602826665779162
2019-03-14,1293.4000244140625,96.79000091552734,2.630000114440918,13.5,2808.47998046875,122.41000366210938,-0.010842488050706756
2019-03-15,1301.800048828125,96.5999984741211,2.5929999351501465,12.880000114440918,2822.47998046875,122.97000122070312,0.006473530758076329
2019-03-18,1300.300048828125,96.5199966430664,2.6019999980926514,13.100000381469727,2832.93994140625,123.04000091552734,-0.0011529150377436181
2019-03-19,1305.0,96.37999725341797,2.614000082015991,13.5600004196167,2832.570068359375,123.37999725341797,0.0036079961480899314
2019-03-20,1300.5,95.76000213623047,2.5350000858306885,13.90999984741211,2824.22998046875,124.18000030517578,-0.0034542348680881574
2019-03-21,1306.0999755859375,96.5,2.5369999408721924,13.630000114440918,2854.8798828125,123.68000030517578,0.004296773002431031
2019-03-22,1311.5999755859375,96.6500015258789,2.4549999237060547,16.479999542236328,2800.7099609375,123.97000122070312,0.00420216846540189
2019-03-25,1321.9000244140625,96.56999969482422,2.4200000762939453,16.329999923706055,2798.360107421875,124.91999816894531,0.007822366697732619
2019-03-26,1314.300048828125,96.73999786376953,2.4140000343322754,14.680000305175781,2818.4599609375,124.30000305175781,-0.005765872414879247
2019-03-27,1309.9000244140625,96.7699966430664,2.374000072479248,15.149999618530273,2805.3701171875,123.6500015258789,-0.0033534245976776234
2019-03-28,1289.800048828125,97.19999694824219,2.3889999389648438,14.430000305175781,2815.43994140625,121.9000015258789,-0.015463611608309336
2019-03-29,1293.0,97.27999877929688,2.4140000343322754,13.710000038146973,2834.39990234375,122.01000213623047,0.0024778943384520247
2019-04-01,1288.4000244140625,97.25,2.496999979019165,13.399999618530273,2867.18994140625,121.52999877929688,-0.0035639423656812497
2019-04-02,1290.0,97.36000061035156,2.4809999465942383,13.359999656677246,2867.239990234375,121.9800033569336,0.0012410609495416836
2019-04-03,1289.9000244140625,97.08999633789062,2.5169999599456787,13.739999771118164,2873.39990234375,121.80000305175781,-7.750345753088084e-05
2019-04-04,1289.0,97.30999755859375,2.51200008392334,13.579999923706055,2879.389892578125,122.11000061035156,-0.0006979909589999167
2019-04-05,1290.4000244140625,97.4000015258789,2.500999927520752,12.819999694824219,2892.739990234375,121.9800033569336,0.0010855427915750226
2019-04-08,1297.0999755859375,97.05000305175781,2.5190000534057617,13.180000305175781,2895.77001953125,122.51000213623047,0.0051787177938296125
2019-04-09,1303.5,97.01000213623047,2.499000072479248,14.279999732971191,2878.199951171875,123.1500015258789,0.004921969848965091
2019-04-10,1309.0999755859375,96.94999694824219,2.4769999980926514,13.300000190734863,2888.2099609375,123.52999877929688,0.004286905162994792
2019-04-11,1288.5999755859375,97.18000030517578,2.503999948501587,13.020000457763672,2888.320068359375,121.94999694824219,-0.015783520778200888
2019-04-12,1290.5999755859375,96.97000122070312,2.559999942779541,12.010000228881836,2907.409912109375,121.83000183105469,0.0015508688265573056
2019-04-15,1286.800048828125,96.94000244140625,2.552999973297119,12.319999694824219,2905.580078125,121.5999984741211,-0.0029486532746494376
2019-04-16,1272.5999755859375,97.04000091552734,2.5920000076293945,12.180000305175781,2907.06005859375,120.51000213623047,-0.01109652169596309
2019-04-17,1272.199951171875,97.01000213623047,2.5920000076293945,12.600000381469727,2900.449951171875,120.27999877929688,-0.00031438575044795414
2019-04-18,1271.9000244140625,97.47000122070312,2.559999942779541,12.09000015258789,2905.030029296875,120.37000274658203,-0.0002357822114547048
2019-04-22,1273.5,97.27999877929688,2.5899999141693115,12.420000076293945,2907.969970703125,120.37000274658203,0.001257150767118631
2019-04-23,1269.300048828125,97.56999969482422,2.569999933242798,12.279999732971191,2933.679931640625,120.12000274658203,-0.0033034095568353905
2019-04-24,1275.5,98.0999984741211,2.5220000743865967,13.140000343322754,2927.25,120.47000122070312,0.004872652719190462
2019-04-25,1275.800048828125,98.19999694824219,2.5339999198913574,13.25,2926.169921875,120.56999969482422,0.0002352124985423032
2019-04-26,1284.9000244140625,98.01000213623047,2.505000114440918,12.729999542236328,2939.8798828125,121.37000274658203,0.0071074422097749945
2019-04-29,1278.5999755859375,97.86000061035156,2.5360000133514404,13.109999656677246,2943.030029296875,120.83000183105469,-0.004915203051928607
2019-04-30,1282.800048828125,97.4800033569336,2.509000062942505,13.119999885559082,2945.830078125,121.19999694824219,0.0032795166444525847
2019-05-01,1281.4000244140625,97.69000244140625,2.510999917984009,14.800000190734863,2923.72998046875,120.4000015258789,-0.001091977625139684
2019-05-02,1269.699951171875,97.83000183105469,2.552000045776367,14.420000076293945,2917.52001953125,119.94000244140625,-0.009172635638249993
2019-05-03,1279.199951171875,97.5199966430664,2.5309998989105225,12.869999885559082,2945.639892578125,120.6500015258789,0.0074542307295963894
2019-05-06,1281.699951171875,97.5199966430664,2.5,15.4399995803833,2932.469970703125,120.80999755859375,0.0019524392904868293
2019-05-07,1283.5,97.62999725341797,2.447999954223633,19.31999969482422,2884.050048828125,121.20999908447266,0.0014034376717937391
2019-05-08,1279.4000244140625,97.62000274658203,2.4820001125335693,19.399999618530273,2879.419921875,120.91000366210938,-0.0031994842127271994
2019-05-09,1283.5,97.37000274658203,2.4570000171661377,19.100000381469727,2870.719970703125,121.19999694824219,0.0031994842127271994
2019-05-10,1285.699951171875,97.33000183105469,2.4549999237060547,16.040000915527344,2881.39990234375,121.43000030517578,0.0017125578011549791
2019-05-13,1300.0999755859375,97.31999969482422,2.4049999713897705,20.549999237060547,2811.8701171875,122.66999816894531,0.01113788667716964
2019-05-14,1294.699951171875,97.52999877929688,2.4189999103546143,18.059999465942383,2834.409912109375,122.45999908447266,-0.004162195438771832
2019-05-15,1296.300048828125,97.56999969482422,2.378999948501587,16.440000534057617,2850.9599609375,122.38999938964844,0.0012351199225513199
2019-05-16,1285.0,97.83999633789062,2.4049999713897705,15.289999961853027,2876.320068359375,121.51000213623047,-0.008755371943978574
2019-05-17,1274.5,98.0,2.3929998874664307,15.960000038146973,2859.530029296875,120.6500015258789,-0.00820477351315052
2019-05-20,1276.0999755859375,97.93000030517578,2.4159998893737793,16.309999465942383,2840.22998046875,120.63999938964844,0.0012545877919816206
2019-05-21,1272.0,98.05999755859375,2.4260001182556152,14.949999809265137,2864.360107421875,120.36000061035156,-0.0032180677080839715
2019-05-22,1273.5999755859375,98.11000061035156,2.3929998874664307,14.75,2856.27001953125,120.23999786376953,0.001257052020717353
2019-05-23,1284.800048828125,97.8499984741211,2.2960000038146973,16.920000076293945,2822.239990234375,121.16999816894531,0.008755585276167821
2019-05-24,1283.0,97.61000061035156,2.3239998817443848,15.850000381469727,2826.06005859375,121.30000305175781,-0.0014020165813164454
2019-05-28,1276.5,97.95999908447266,2.2679998874664307,17.5,2802.389892578125,120.83000183105469,-0.00507912793409826
2019-05-29,1280.5999755859375,98.13999938964844,2.2360000610351562,17.899999618530273,2783.02001953125,120.87000274658203,0.003206741338613206
2019-05-30,1287.0999755859375,98.13999938964844,2.2269999980926514,17.299999237060547,2788.860107421875,121.69000244140625,0.005062907666908423
2019-05-31,1305.800048828125,97.75,2.1419999599456787,18.709999084472656,2752.06005859375,123.33000183105469,0.014424310458736933
2019-06-03,1322.699951171875,97.13999938964844,2.0810000896453857,18.860000610351562,2744.449951171875,125.11000061035156,0.012859147970709195
2019-06-04,1323.4000244140625,97.06999969482422,2.11899995803833,16.969999313354492,2803.27001953125,125.1500015258789,0.0005291359094377057
2019-06-05,1328.300048828125,97.37000274658203,2.122999906539917,16.09000015258789,2826.14990234375,125.47000122070312,0.003695764872375662
2019-06-06,1337.5999755859375,97.02999877929688,2.124000072479248,15.930000305175781,2843.489990234375,125.87999725341797,0.00697697917997786
2019-06-07,1341.199951171875,96.61000061035156,2.0840001106262207,16.299999237060547,2873.340087890625,126.58999633789062,0.0026877541074794564
2019-06-10,1324.699951171875,96.76000213623047,2.1429998874664307,15.9399995803833,2886.72998046875,125.33000183105469,-0.012378717355321811
2019-06-11,1326.4000244140625,96.69000244140625,2.140000104904175,15.989999771118164,2885.719970703125,125.18000030517578,0.0012825419568347485
2019-06-12,1331.9000244140625,97.0,2.127000093460083,15.90999984741211,2879.840087890625,125.83000183105469,0.004137988749946864
2019-06-13,1339.199951171875,97.01000213623047,2.0910000801086426,15.819999694824219,2891.639892578125,126.5999984741211,0.005465871737307282
2019-06-14,1340.0999755859375,97.56999969482422,2.0929999351501465,15.279999732971191,2886.97998046875,126.55999755859375,0.0006718355335486592
2019-06-17,1338.699951171875,97.55999755859375,2.0859999656677246,15.350000381469727,2889.669921875,126.4800033569336,-0.0010452624905257224
2019-06-18,1346.5999755859375,97.63999938964844,2.059999942779541,15.149999618530273,2917.75,127.12000274658203,0.005883921663461855
2019-06-19,1344.5999755859375,97.12000274658203,2.0290000438690186,14.329999923706055,2926.4599609375,127.88999938964844,-0.0014863261032118658
2019-06-20,1392.9000244140625,96.62999725341797,2.000999927520752,14.75,2954.179931640625,131.11000061035156,0.03529136934367472
2019-06-21,1396.199951171875,96.22000122070312,2.068000078201294,15.399999618530273,2950.4599609375,131.97999572753906,0.0023663033426526425
2019-06-24,1414.300048828125,95.9800033569336,2.0209999084472656,15.260000228881836,2945.35009765625,133.94000244140625,0.012880517986897821
2019-06-25,1414.9000244140625,96.16000366210938,1.99399995803833,16.280000686645508,2917.3798828125,134.1999969482422,0.0004241309058388154
2019-06-26,1411.5999755859375,96.20999908447266,2.0490000247955322,16.209999084472656,2913.780029296875,132.97000122070312,-0.0023350789510780956
2019-06-27,1408.4000244140625,96.19000244140625,2.005000114440918,15.819999694824219,2924.919921875,132.83999633789062,-0.002269469890296527
2019-06-28,1409.699951171875,96.12999725341797,2.0,15.079999923706055,2941.760009765625,133.1999969482422,0.0009225555241272332
2019-07-01,1385.5999755859375,96.83999633789062,2.0339999198913574,14.0600004196167,2964.330078125,130.6199951171875,-0.017243639951311174
2019-07-02,1404.5999755859375,96.7300033569336,1.9759999513626099,12.930000305175781,2973.010009765625,133.41000366210938,0.013619306155092659
2019-07-03,1417.699951171875,96.7699966430664,1.9529999494552612,12.569999694824219,2995.820068359375,133.6300048828125,0.00928325833838084
2019-07-05,1396.699951171875,97.25,2.0480000972747803,13.279999732971191,2990.409912109375,132.13999938964844,-0.014923529329707641
2019-07-08,1397.0,97.37999725341797,2.0339999198913574,13.960000038146973,2975.949951171875,131.2899932861328,0.0002148039048739392
2019-07-09,1397.5,97.48999786376953,2.053999900817871,14.09000015258789,2979.6298828125,131.75,0.00035784577229236447
2019-07-10,1410.0999755859375,97.0999984741211,2.061000108718872,13.029999732971191,2993.070068359375,133.8300018310547,0.008975680500220129
2019-07-11,1404.300048828125,97.05000305175781,2.119999885559082,12.930000305175781,2999.909912109375,132.6999969482422,-0.0041216137849033885
2019-07-12,1409.9000244140625,96.80999755859375,2.1059999465942383,12.390000343322754,3013.77001953125,133.52999877929688,0.003979804442910684
2019-07-15,1411.4000244140625,96.93000030517578,2.0920000076293945,12.680000305175781,3014.300048828125,133.52999877929688,0.0010633396770112213
2019-07-16,1409.199951171875,97.4000015258789,2.121999979019165,12.859999656677246,3004.0400390625,132.39999389648438,-0.0015600040469463394
2019-07-17,1421.300048828125,97.22000122070312,2.061000108718872,13.970000267028809,2984.419921875,134.5800018310547,0.008549847281971168
2019-07-18,1426.0999755859375,96.79000091552734,2.0380001068115234,13.529999732971191,2995.110107421875,136.47999572753906,0.003371448523743048
2019-07-19,1425.0999755859375,97.1500015258789,2.0480000972747803,14.449999809265137,2976.610107421875,134.47000122070312,-0.0007014590755680672
2019-07-22,1425.300048828125,97.26000213623047,2.0429999828338623,13.529999732971191,2985.030029296875,134.4499969482422,0.00014038257143056398
2019-07-23,1420.0999755859375,97.70999908447266,2.0739998817443848,12.609999656677246,3005.469970703125,133.69000244140625,-0.0036550776599471035
2019-07-24,1422.800048828125,97.7300033569336,2.049999952316284,12.069999694824219,3019.56005859375,134.3699951171875,0.0018995209334571328
2019-07-25,1413.9000244140625,97.81999969482422,2.0739998817443848,12.739999771118164,3003.669921875,133.4199981689453,-0.006274934527660925
2019-07-26,1418.5,98.01000213623047,2.0810000896453857,12.15999984741211,3025.860107421875,133.63999938964844,0.0032481143839335758
2019-07-29,1419.5999755859375,98.04000091552734,2.055000066757202,12.829999923706055,3020.969970703125,134.52999877929688,0.0007751493255891972
2019-07-30,1429.699951171875,98.05000305175781,2.061000108718872,13.9399995803833,3013.179931640625,134.97999572753906,0.007089473307916094
2019-07-31,1426.0999755859375,98.5199966430664,2.0209999084472656,16.1200008392334,2980.3798828125,133.2100067138672,-0.0025211692591504686
2019-08-01,1420.9000244140625,98.38999938964844,1.8940000534057617,17.8700008392334,2953.56005859375,136.41000366210938,-0.0036529377971197263
2019-08-02,1445.5999755859375,98.0999984741211,1.8550000190734863,17.610000610351562,2932.050048828125,135.88999938964844,0.0172339525633447
2019-08-05,1464.5999755859375,97.5,1.7350000143051147,24.59000015258789,2844.739990234375,137.7899932861328,0.013057707568043142
2019-08-06,1472.4000244140625,97.62999725341797,1.7389999628067017,20.170000076293945,2881.77001953125,138.91000366210938,0.005311588128471989
2019-08-07,1507.300048828125,97.54000091552734,1.684000015258789,19.489999771118164,2883.97998046875,141.02000427246094,0.023426264124912777
2019-08-08,1497.699951171875,97.62000274658203,1.715999960899353,16.90999984741211,2938.090087890625,141.72999572753906,-0.006389437814637411
2019-08-09,1496.5999755859375,97.48999786376953,1.7339999675750732,17.969999313354492,2918.64990234375,141.25999450683594,-0.0007347130630357412
2019-08-12,1505.300048828125,97.37999725341797,1.6390000581741333,21.09000015258789,2882.699951171875,142.6300048828125,0.005796393970688207
2019-08-13,1502.199951171875,97.80999755859375,1.6799999475479126,17.520000457763672,2926.320068359375,141.77999877929688,-0.0020615785564279676
2019-08-14,1515.9000244140625,97.98999786376953,1.5809999704360962,22.100000381469727,2840.60009765625,142.75,0.009078670323797056
2019-08-15,1519.5999755859375,98.13999938964844,1.5290000438690186,21.18000030517578,2847.60009765625,143.6999969482422,0.0024377881760617726
2019-08-16,1512.5,98.13999938964844,1.5390000343322754,18.469999313354492,2888.679931640625,142.77999877929688,-0.004683215342362601
2019-08-19,1500.4000244140625,98.3499984741211,1.5980000495910645,16.8799991607666,2923.64990234375,141.11000061035156,-0.008032155425562237
2019-08-20,1504.5999755859375,98.19000244140625,1.5609999895095825,17.5,2900.510009765625,142.2100067138672,0.0027953104204057055
2019-08-21,1504.5999755859375,98.30000305175781,1.5770000219345093,15.800000190734863,2924.429931640625,141.75999450683594,0.0
2019-08-22,1497.300048828125,98.16999816894531,1.6100000143051147,16.68000030517578,2922.949951171875,141.39999389648438,-0.004863547145385283
2019-08-23,1526.5999755859375,97.63999938964844,1.527999997138977,19.8700008392334,2847.110107421875,144.1699981689453,0.019379505617472148
2019-08-26,1526.300048828125,98.08000183105469,1.5449999570846558,19.31999969482422,2878.3798828125,144.19000244140625,-0.00019648645968040057
2019-08-27,1541.0,98.0,1.4900000095367432,20.309999465942383,2869.159912109375,145.57000732421875,0.009585018407868517
2019-08-28,1537.800048828125,98.20999908447266,1.465999960899353,19.350000381469727,2887.93994140625,145.16000366210938,-0.0020787009701006554
2019-08-29,1526.5,98.51000213623047,1.5160000324249268,17.8799991607666,2924.580078125,144.1199951171875,-0.007375322175081855
2019-08-30,1519.0999755859375,98.91999816894531,1.50600004196167,18.979999542236328,2926.4599609375,143.75,-0.004859495032714989
2019-09-03,1545.9000244140625,98.94999694824219,1.465999960899353,19.65999984741211,2906.27001953125,145.75,0.017488242652852648
2019-09-04,1550.300048828125,98.44999694824219,1.4589999914169312,17.329999923706055,2937.780029296875,146.66000366210938,0.002842211273165418
2019-09-05,1515.4000244140625,98.41000366210938,1.565000057220459,16.270000457763672,2976.0,143.13999938964844,-0.022769045460323767
2019-09-06,1506.199951171875,98.38999938964844,1.5499999523162842,15.0,2978.7099609375,141.9199981689453,-0.006089556358749526
2019-09-09,1502.199951171875,98.27999877929688,1.621999979019165,15.270000457763672,2978.429931640625,141.38999938964844,-0.002659222501661951
2019-09-10,1490.300048828125,98.33000183105469,1.7020000219345093,15.199999809265137,2979.389892578125,140.17999267578125,-0.007953193028797045
2019-09-11,1494.4000244140625,98.6500015258789,1.7330000400543213,14.609999656677246,3000.929931640625,141.02999877929688,0.0027473300929079514
2019-09-12,1498.699951171875,98.30999755859375,1.7910000085830688,14.220000267028809,3009.570068359375,141.32000732421875,0.002873228259018923
2019-09-13,1490.9000244140625,98.26000213623047,1.902999997138977,13.739999771118164,3007.389892578125,140.14999389648438,-0.005218052260891781
2019-09-16,1503.0999755859375,98.6500015258789,1.840999960899353,14.670000076293945,2997.9599609375,141.32000732421875,0.008149645086967361
2019-09-17,1505.0999755859375,98.26000213623047,1.812000036239624,14.4399995803833,3005.699951171875,141.60000610351562,0.0013296990407196674
2019-09-18,1507.5,98.5999984741211,1.7860000133514404,13.949999809265137,3006.72998046875,140.7100067138672,0.0015933246639150411
2019-09-19,1498.4000244140625,98.2699966430664,1.7740000486373901,14.050000190734863,3006.7900390625,141.27999877929688,-0.006054761178041268
2019-09-20,1507.300048828125,98.51000213623047,1.7549999952316284,15.319999694824219,2992.070068359375,142.9499969482422,0.005922114787614063
2019-09-23,1523.699951171875,98.5999984741211,1.7079999446868896,14.90999984741211,2991.780029296875,143.75,0.010821552218634345
2019-09-24,1532.0999755859375,98.33999633789062,1.6349999904632568,17.049999237060547,2966.60009765625,144.50999450683594,0.0054977719571276396
2019-09-25,1504.5999755859375,99.04000091552734,1.7319999933242798,15.960000038146973,2984.8701171875,141.8300018310547,-0.0181122614868352
2019-09-26,1507.5,99.20999908447266,1.684999942779541,16.06999969482422,2977.6201171875,141.7899932861328,0.0019255837015004218
2019-09-27,1499.0999755859375,99.11000061035156,1.6749999523162842,17.219999313354492,2961.7900390625,141.05999755859375,-0.005587737868885334
2019-09-30,1465.699951171875,99.37999725341797,1.6749999523162842,16.239999771118164,2976.739990234375,138.8699951171875,-0.02253200101306163
2019-10-01,1482.0,99.12999725341797,1.6440000534057617,18.559999465942383,2940.25,139.6300048828125,0.011059616136638084
2019-10-02,1501.0,99.04000091552734,1.5959999561309814,20.559999465942383,2887.610107421875,141.25999450683594,0.012739025777429802
2019-10-03,1507.0999755859375,98.86000061035156,1.5360000133514404,19.1200008392334,2910.6298828125,141.89999389648438,0.004055705592803882
2019-10-04,1506.199951171875,98.80999755859375,1.5149999856948853,17.040000915527344,2952.010009765625,141.89999389648438,-0.0005973679771029694
2019-10-07,1497.699951171875,98.98999786376953,1.5529999732971191,17.860000610351562,2938.7900390625,140.69000244140625,-0.005659324852886449
2019-10-08,1497.199951171875,99.13999938964844,1.5369999408721924,20.280000686645508,2893.06005859375,141.9199981689453,-0.000333900978963797
2019-10-09,1506.0999755859375,99.12000274658203,1.5889999866485596,18.639999389648438,2919.39990234375,142.0500030517578,0.005926847590369988
2019-10-10,1494.800048828125,98.70999908447266,1.6579999923706055,17.56999969482422,2938.1298828125,140.80999755859375,-0.007531060731031047
2019-10-11,1482.699951171875,98.30000305175781,1.7519999742507935,15.579999923706055,2970.27001953125,140.02999877929688,-0.008127734184569135
2019-10-14,1491.699951171875,98.44999694824219,1.7330000400543213,14.569999694824219,2966.14990234375,140.58999633789062,0.006051659334595172
2019-10-15,1477.5999755859375,98.29000091552734,1.7710000276565552,13.539999961853027,2995.679931640625,139.61000061035156,-0.009497243064429561
2019-10-16,1488.0,98.01000213623047,1.7480000257492065,13.680000305175781,2989.68994140625,140.41000366210938,0.007013803030789134
2019-10-17,1492.300048828125,97.61000061035156,1.7569999694824219,13.789999961853027,2997.949951171875,140.61000061035156,0.0028856502644307724
2019-10-18,1488.199951171875,97.27999877929688,1.746999979019165,14.25,2986.199951171875,140.4600067138672,-0.0027512835044971595
2019-10-21,1482.4000244140625,97.33000183105469,1.7920000553131104,14.0,3006.719970703125,139.7899932861328,-0.0039048907125396326
2019-10-22,1481.699951171875,97.52999877929688,1.7680000066757202,14.460000038146973,2995.989990234375,140.1999969482422,-0.00047236817986640034
2019-10-23,1489.9000244140625,97.47000122070312,1.7589999437332153,14.010000228881836,3004.52001953125,140.52999877929688,0.0055189757191058675
2019-10-24,1498.9000244140625,97.62999725341797,1.7660000324249268,13.710000038146973,3010.2900390625,141.52999877929688,0.006022502044865874
2019-10-25,1499.5,97.83000183105469,1.8009999990463257,12.649999618530273,3022.550048828125,141.86000061035156,0.00040019716452732723
2019-10-28,1490.0,97.76000213623047,1.8530000448226929,13.109999656677246,3039.419921875,140.63999938964844,-0.00635559924955853
2019-10-29,1487.0,97.69000244140625,1.8350000381469727,13.199999809265137,3036.889892578125,140.25,-0.0020154524793500883
2019-10-30,1493.199951171875,97.6500015258789,1.7979999780654907,12.329999923706055,3046.77001953125,141.02000427246094,0.004160767879948679
2019-10-31,1511.4000244140625,97.3499984741211,1.690999984741211,13.220000267028809,3037.56005859375,142.42999267578125,0.012114954399792488
2019-11-01,1508.0,97.23999786376953,1.7280000448226929,12.300000190734863,3066.909912109375,142.55999755859375,-0.0022521201719944983
2019-11-04,1508.0,97.51000213623047,1.7860000133514404,12.829999923706055,3078.27001953125,142.14999389648438,0.0
2019-11-05,1480.800048828125,97.9800033569336,1.8660000562667847,13.100000381469727,3074.6201171875,139.85000610351562,-0.018201754334461917
2019-11-06,1490.199951171875,97.94999694824219,1.8140000104904175,12.619999885559082,3076.780029296875,140.4499969482422,0.006327791120031456
2019-11-07,1464.199951171875,98.13999938964844,1.9259999990463257,12.729999542236328,3085.179931640625,138.27000427246094,-0.01760132148891813
2019-11-08,1461.300048828125,98.3499984741211,1.9329999685287476,12.069999694824219,3093.080078125,137.38999938964844,-0.001982500969778478
2019-11-11,1455.5,98.19999694824219,1.9429999589920044,12.6899995803833,3087.010009765625,137.05999755859375,-0.003976999709096596
2019-11-12,1452.0999755859375,98.30999755859375,1.909000039100647,12.680000305175781,3091.840087890625,137.42999267578125,-0.0023387164619208534
2019-11-13,1461.699951171875,98.37000274658203,1.8700000047683716,13.0,3094.0400390625,137.97999572753906,0.00658934076646478
2019-11-14,1471.800048828125,98.16000366210938,1.815000057220459,13.050000190734863,3096.6298828125,138.55999755859375,0.006886066178064532
2019-11-15,1467.300048828125,98.0,1.8339999914169312,12.050000190734863,3120.4599609375,138.2100067138672,-0.003062164177332072
2019-11-18,1470.9000244140625,97.79000091552734,1.8079999685287476,12.460000038146973,3122.030029296875,138.6199951171875,0.00245046443238639
2019-11-19,1473.300048828125,97.86000061035156,1.7860000133514404,12.859999656677246,3120.179931640625,138.69000244140625,0.0016303409319782247
2019-11-20,1473.300048828125,97.93000030517578,1.7380000352859497,12.779999732971191,3108.4599609375,138.75999450683594,0.0
2019-11-21,1463.0999755859375,97.98999786376953,1.7719999551773071,13.130000114440918,3103.5400390625,138.0,-0.006947360157733229
2019-11-22,1463.0999755859375,98.2699966430664,1.7740000486373901,12.34000015258789,3110.2900390625,137.74000549316406,0.0
2019-11-25,1456.5999755859375,98.31999969482422,1.7640000581741333,11.869999885559082,3133.639892578125,137.0800018310547,-0.004452519674764233
2019-11-26,1459.800048828125,98.25,1.7400000095367432,11.539999961853027,3140.52001953125,137.74000549316406,0.0021945374432128517
2019-11-27,1453.4000244140625,98.41000366210938,1.7669999599456787,11.75,3153.6298828125,137.00999450683594,-0.00439381748560308
2019-11-29,1465.5999755859375,98.2699966430664,1.7760000228881836,12.619999885559082,3140.97998046875,137.86000061035156,0.008359042281367302
2019-12-02,1462.300048828125,97.86000061035156,1.8359999656677246,14.90999984741211,3113.8701171875,137.7899932861328,-0.002254126252647204
2019-12-03,1478.199951171875,97.73999786376953,1.7089999914169312,15.960000038146973,3093.199951171875,139.11000061035156,0.010814526309483874
2019-12-04,1474.0,97.6500015258789,1.781000018119812,14.800000190734863,3112.760009765625,138.9199981689453,-0.0028453045693535017
2019-12-05,1476.9000244140625,97.41000366210938,1.7970000505447388,14.520000457763672,3117.429931640625,139.0,0.00196551921359589
2019-12-06,1459.0999755859375,97.69999694824219,1.8420000076293945,13.619999885559082,3145.909912109375,137.6199951171875,-0.012125522425176172
2019-12-09,1459.300048828125,97.63999938964844,1.8289999961853027,15.859999656677246,3135.9599609375,137.5800018310547,0.00013711159596141442
2019-12-10,1462.5999755859375,97.41000366210938,1.8329999446868896,15.680000305175781,3132.52001953125,137.97000122070312,0.00225875501095274
2019-12-11,1469.4000244140625,97.16000366210938,1.7899999618530273,14.989999771118164,3141.6298828125,138.9199981689453,0.0046385136565483265
2019-12-12,1466.699951171875,97.4000015258789,1.8969999551773071,13.9399995803833,3168.570068359375,138.42999267578125,-0.0018392248396015276
2019-12-13,1475.5999755859375,97.16999816894531,1.819000005722046,12.630000114440918,3168.800048828125,139.0500030517578,0.006049724215781538
2019-12-16,1475.0,97.06999969482422,1.8919999599456787,12.140000343322754,3191.449951171875,139.0399932861328,-0.00040668040342417555
2019-12-17,1474.5999755859375,97.20999908447266,1.8890000581741333,12.289999961853027,3192.52001953125,139.00999450683594,-0.00027123977476684047
2019-12-18,1472.5999755859375,97.41000366210938,1.9240000247955322,12.579999923706055,3191.139892578125,139.02000427246094,-0.0013572206434195877
2019-12-19,1478.199951171875,97.41999816894531,1.9079999923706055,12.5,3205.3701171875,139.3800048828125,0.0037955689629018963
2019-12-20,1474.699951171875,97.70999908447266,1.9170000553131104,12.510000228881836,3221.219970703125,139.52000427246094,-0.0023705521722883205
2019-12-23,1482.5,97.66000366210938,1.934999942779541,12.609999656677246,3224.010009765625,139.9499969482422,0.005275305725533919
2019-12-24,1499.0999755859375,97.6500015258789,1.909999966621399,12.670000076293945,3223.3798828125,141.27000427246094,0.011135059860574614
2019-12-26,1509.300048828125,97.58999633789062,1.9049999713897705,12.649999618530273,3239.909912109375,142.3800048828125,0.0067810877844305395
2019-12-27,1513.800048828125,96.91999816894531,1.8739999532699585,13.430000305175781,3240.02001953125,142.3300018310547,0.0029770786135143723
2019-12-30,1514.5,96.73999786376953,1.8949999809265137,14.819999694824219,3221.2900390625,142.6300048828125,0.0004622733368915277
2019-12-31,1519.5,96.38999938964844,1.9190000295639038,13.779999732971191,3230.780029296875,142.89999389648438,0.0032959818895559323
2020-01-02,1524.5,96.8499984741211,1.8819999694824219,12.470000267028809,3257.85009765625,143.9499969482422,0.003285154071461349
2020-01-03,1549.199951171875,96.83999633789062,1.7879999876022339,14.020000457763672,3234.85009765625,145.86000061035156,0.016072149694004167
2020-01-06,1566.199951171875,96.66999816894531,1.8109999895095825,13.850000381469727,3246.280029296875,147.38999938964844,0.010913635018348522
2020-01-07,1571.800048828125,96.9800033569336,1.8270000219345093,13.789999961853027,3237.179931640625,147.97000122070312,0.0035692183565130264
2020-01-08,1557.4000244140625,97.30000305175781,1.8739999532699585,13.449999809265137,3253.050048828125,146.86000061035156,-0.009203710678121979
2020-01-09,1551.699951171875,97.44999694824219,1.8580000400543213,12.539999961853027,3274.699951171875,146.02999877929688,-0.0036667071971185905
2020-01-10,1557.5,97.36000061035156,1.8250000476837158,12.5600004196167,3265.35009765625,146.91000366210938,0.0037308990396738295
2020-01-13,1548.4000244140625,97.3499984741211,1.8480000495910645,12.319999694824219,3288.1298828125,145.82000732421875,-0.005859816190831424
2020-01-14,1542.4000244140625,97.37000274658203,1.8179999589920044,12.390000343322754,3283.14990234375,145.69000244140625,-0.0038824947858762116
2020-01-15,1552.0999755859375,97.2300033569336,1.7879999876022339,12.420000076293945,3289.2900390625,146.5399932861328,0.006269176242541086
2020-01-16,1549.0,97.31999969482422,1.809000015258789,12.319999694824219,3316.81005859375,146.30999755859375,-0.0019992755105731064
2020-01-17,1558.800048828125,97.61000061035156,1.8359999656677246,12.100000381469727,3329.6201171875,146.5800018310547,0.006306764371860396
2020-01-21,1556.4000244140625,97.52999877929688,1.7690000534057617,12.850000381469727,3320.7900390625,146.74000549316406,-0.0015408479920910878
2020-01-22,1555.300048828125,97.52999877929688,1.7690000534057617,12.90999984741211,3321.75,146.7899932861328,-0.0007069933514571858
2020-01-23,1564.5999755859375,97.69000244140625,1.7400000095367432,12.979999542236328,3325.5400390625,147.1199951171875,0.005961700201771336
2020-01-24,1571.0999755859375,97.8499984741211,1.680999994277954,14.5600004196167,3295.469970703125,147.97999572753906,0.004145810767128388
2020-01-27,1576.800048828125,97.95999908447266,1.6050000190734863,18.229999542236328,3243.6298828125,148.99000549316406,0.003621512391023707
2020-01-28,1569.199951171875,98.0199966430664,1.6410000324249268,16.280000686645508,3276.239990234375,147.66000366210938,-0.0048316035862789874
2020-01-29,1569.800048828125,97.98999786376953,1.593999981880188,16.389999389648438,3273.39990234375,148.4600067138672,0.0003823495785670872
2020-01-30,1583.5,97.87000274658203,1.5579999685287476,15.489999771118164,3283.659912109375,148.47000122070312,0.008689333181302494
2020-01-31,1582.9000244140625,97.38999938964844,1.5199999809265137,18.84000015258789,3225.52001953125,149.3300018310547,-0.0003789638633726611
2020-02-03,1577.199951171875,97.80000305175781,1.5199999809265137,17.969999313354492,3248.919921875,148.36000061035156,-0.0036075310705907526
2020-02-04,1550.4000244140625,97.95999908447266,1.6030000448226929,16.049999237060547,3297.590087890625,146.42999267578125,-0.017138114161284967
2020-02-05,1557.800048828125,98.2699966430664,1.6490000486373901,15.149999618530273,3334.68994140625,146.61000061035156,0.004761622946684696
2020-02-06,1565.0999755859375,98.5,1.6440000534057617,14.960000038146973,3345.780029296875,147.39999389648438,0.004675103267282488
2020-02-07,1568.5999755859375,98.68000030517578,1.5779999494552612,15.470000267028809,3327.7099609375,147.7899932861328,0.002233782116915606
2020-02-10,1574.699951171875,98.83000183105469,1.5470000505447388,15.039999961853027,3352.090087890625,148.1699981689453,0.0038812607041434077
2020-02-11,1565.5999755859375,98.72000122070312,1.590000033378601,15.180000305175781,3357.75,147.66000366210938,-0.0057956254306672506
2020-02-12,1567.4000244140625,99.05000305175781,1.6299999952316284,13.739999771118164,3379.449951171875,147.5399932861328,0.0011490897071118056
2020-02-13,1575.0999755859375,99.06999969482422,1.6169999837875366,14.149999618530273,3373.93994140625,148.3800048828125,0.0049005356127649335
2020-02-14,1582.699951171875,99.12000274658203,1.5880000591278076,13.680000305175781,3380.159912109375,149.0,0.0048134716803991395
2020-02-18,1600.0,99.45999908447266,1.555999994277954,14.829999923706055,3370.2900390625,150.91000366210938,0.010871410739791365
2020-02-19,1607.5,99.5999984741211,1.5700000524520874,14.380000114440918,3386.14990234375,151.7899932861328,0.004676547883901705
2020-02-20,1616.5999755859375,99.87000274658203,1.524999976158142,15.5600004196167,3373.22998046875,152.41000366210938,0.005644986085864723
2020-02-21,1644.5999755859375,99.26000213623047,1.4709999561309814,17.079999923706055,3337.75,154.6999969482422,0.0171720154941708
2020-02-24,1672.4000244140625,99.29000091552734,1.3769999742507935,25.030000686645508,3225.889892578125,156.08999633789062,0.016762556388819405
2020-02-25,1646.9000244140625,98.97000122070312,1.3300000429153442,27.850000381469727,3128.2099609375,153.3000030517578,-0.015364987376213612
2020-02-26,1640.0,99.0,1.309999942779541,27.559999465942383,3116.389892578125,153.97000122070312,-0.004198505886171766
2020-02-27,1640.0,98.44000244140625,1.2990000247955322,39.15999984741211,2978.760009765625,154.0,0.0
2020-02-28,1564.0999755859375,98.12999725341797,1.1269999742507935,40.11000061035156,2954.219970703125,148.3800048828125,-0.04738567874706412
2020-03-02,1592.300048828125,97.36000061035156,1.0880000591278076,33.41999816894531,3090.22998046875,149.1999969482422,0.01786897945635424
2020-03-03,1642.0999755859375,97.1500015258789,1.0099999904632568,36.81999969482422,3003.3701171875,153.88999938964844,0.030796353102672036
2020-03-04,1641.0999755859375,97.33999633789062,0.9919999837875366,31.989999771118164,3130.1201171875,154.16000366210938,-0.000609161821269133
2020-03-05,1666.4000244140625,96.81999969482422,0.9259999990463257,39.619998931884766,3023.93994140625,157.49000549316406,0.015298891788606994
2020-03-06,1670.800048828125,95.94999694824219,0.7059999704360962,41.939998626708984,2972.3701171875,157.5500030517578,0.002636957249874783
2020-03-09,1674.5,94.9000015258789,0.49900001287460327,54.459999084472656,2746.56005859375,157.80999755859375,0.002212030386840702
2020-03-10,1659.0999755859375,96.41000366210938,0.7480000257492065,47.29999923706055,2882.22998046875,154.47999572753906,-0.009239341300194326
2020-03-11,1641.4000244140625,96.51000213623047,0.8199999928474426,53.900001525878906,2741.3798828125,153.92999267578125,-0.010725720864527943
2020-03-12,1589.300048828125,97.47000122070312,0.8489999771118164,75.47000122070312,2480.639892578125,147.7899932861328,-0.03225585264372555
2020-03-13,1515.699951171875,98.75,0.9509999752044678,57.83000183105469,2711.02001953125,143.27999877929688,-0.047416352203101475
2020-03-16,1485.9000244140625,98.08999633789062,0.7279999852180481,82.69000244140625,2386.1298828125,141.63999938964844,-0.01985668052992029
2020-03-17,1524.9000244140625,99.58000183105469,0.996999979019165,75.91000366210938,2529.18994140625,143.55999755859375,0.02590818443844789
2020-03-18,1477.300048828125,101.16000366210938,1.2660000324249268,76.44999694824219,2398.10009765625,140.6999969482422,-0.03171271975140133
2020-03-19,1478.5999755859375,102.76000213623047,1.11899995803833,72.0,2409.389892578125,138.0399932861328,0.0008795472315563657
2020-03-20,1484.0,102.81999969482422,0.9380000233650208,66.04000091552734,2304.919921875,140.11000061035156,0.0036454671159331653
2020-03-23,1567.0,102.48999786376953,0.7639999985694885,61.59000015258789,2237.39990234375,146.3000030517578,0.05442181862869511
2020-03-24,1660.199951171875,101.73999786376953,0.8159999847412109,61.66999816894531,2447.330078125,153.39999389648438,0.05777508425392419
2020-03-25,1632.300048828125,101.05000305175781,0.8579999804496765,63.95000076293945,2475.56005859375,151.3000030517578,-0.016947954536260745
2020-03-26,1650.0999755859375,99.41999816894531,0.8109999895095825,61.0,2630.070068359375,153.24000549316406,0.010845784249569945
2020-03-27,1623.9000244140625,98.37000274658203,0.7490000128746033,65.54000091552734,2541.469970703125,152.25,-0.016005198817997446
2020-03-30,1622.0,99.18000030517578,0.6700000166893005,57.08000183105469,2626.64990234375,152.9199981689453,-0.0011707228298982741
2020-03-31,1583.4000244140625,99.05000305175781,0.6980000138282776,53.540000915527344,2584.590087890625,148.0500030517578,-0.024085506519266886
2020-04-01,1578.199951171875,99.66999816894531,0.6349999904632568,57.060001373291016,2470.5,149.4499969482422,-0.0032895230082807814
2020-04-02,1625.699951171875,100.18000030517578,0.6269999742507935,50.90999984741211,2526.89990234375,151.89999389648438,0.029653536057228536
2020-04-03,1633.699951171875,100.58000183105469,0.5870000123977661,46.79999923706055,2488.64990234375,152.64999389648438,0.004908888939362477
2020-04-06,1677.0,100.69000244140625,0.6759999990463257,45.2400016784668,2663.679931640625,156.8800048828125,0.026159131678807235
2020-04-07,1664.800048828125,99.9800033569336,0.7360000014305115,46.70000076293945,2659.409912109375,156.0399932861328,-0.007301457414060408
2020-04-08,1665.4000244140625,100.12000274658203,0.7639999985694885,43.349998474121094,2749.97998046875,154.64999389648438,0.00036032405214925234
2020-04-09,1736.199951171875,99.5199966430664,0.7289999723434448,41.66999816894531,2789.820068359375,158.69000244140625,0.041633439372849246
2020-04-13,1744.800048828125,99.3499984741211,0.7490000128746033,41.16999816894531,2761.6298828125,161.41000366210938,0.004941175038212897
2020-04-14,1756.699951171875,98.88999938964844,0.7519999742507935,37.7599983215332,2846.06005859375,162.67999267578125,0.006797057351607627
2020-04-15,1727.199951171875,99.45999908447266,0.6380000114440918,40.84000015258789,2783.360107421875,161.85000610351562,-0.016935449293475457
2020-04-16,1720.4000244140625,100.02999877929688,0.609000027179718,40.11000061035156,2799.550048828125,161.7100067138672,-0.003944735829988666
2020-04-17,1689.199951171875,99.77999877929688,0.6539999842643738,38.150001525878906,2874.56005859375,158.57000732421875,-0.0183018209467809
2020-04-20,1701.5999755859375,99.95999908447266,0.6259999871253967,43.83000183105469,2823.159912109375,159.6999969482422,0.007313955384595339
2020-04-21,1678.199951171875,100.26000213623047,0.5709999799728394,45.40999984741211,2736.56005859375,158.61000061035156,-0.013847209197883181
2020-04-22,1728.699951171875,100.38999938964844,0.6190000176429749,41.97999954223633,2799.31005859375,161.72999572753906,0.029647891342730937
2020-04-23,1733.300048828125,100.43000030517578,0.6129999756813049,41.380001068115234,2797.800048828125,163.33999633789062,0.002657481434712672
2020-04-24,1723.5,100.37999725341797,0.5960000157356262,35.93000030517578,2836.739990234375,162.63999938964844,-0.005670027160958213
2020-04-27,1711.9000244140625,100.04000091552734,0.656000018119812,33.290000915527344,2878.47998046875,161.55999755859375,-0.00675322791480415
2020-04-28,1710.5,99.87000274658203,0.6100000143051147,33.56999969482422,2863.389892578125,160.83999633789062,-0.0008181536244569187
2020-04-29,1703.4000244140625,99.56999969482422,0.6269999742507935,31.229999542236328,2939.510009765625,161.72999572753906,-0.004159457378130504
2020-04-30,1684.199951171875,99.0199966430664,0.621999979019165,34.150001525878906,2912.429931640625,158.8000030517578,-0.011335623435517306
2020-05-01,1694.5,98.80000305175781,0.6420000195503235,37.189998626708984,2830.7099609375,159.77999877929688,0.0060970674430942395
2020-05-04,1706.9000244140625,99.4800033569336,0.6370000243186951,35.970001220703125,2842.739990234375,160.33999633789062,0.007291162026341169
2020-05-05,1704.4000244140625,99.70999908447266,0.6570000052452087,33.61000061035156,2868.43994140625,161.02000427246094,-0.0014657171235512578
2020-05-06,1684.199951171875,100.08999633789062,0.7110000252723694,34.119998931884766,2848.419921875,158.9499969482422,-0.011922512345884151
2020-05-07,1721.800048828125,99.88999938964844,0.6309999823570251,31.440000534057617,2881.18994140625,161.38999938964844,0.022079638978609317
2020-05-08,1709.9000244140625,99.7300033569336,0.6819999814033508,27.979999542236328,2929.800048828125,160.4199981689453,-0.00693538005000871
2020-05-11,1695.300048828125,100.23999786376953,0.7260000109672546,27.56999969482422,2930.18994140625,159.4199981689453,-0.008575158426649132
2020-05-12,1704.4000244140625,99.93000030517578,0.6779999732971191,33.040000915527344,2870.1201171875,160.0399932861328,0.005353411843932676
2020-05-13,1713.9000244140625,100.23999786376953,0.6489999890327454,35.279998779296875,2820.0,161.5800018310547,0.005558332693372137
2020-05-14,1738.0999755859375,100.47000122070312,0.6190000176429749,32.61000061035156,2852.5,163.00999450683594,0.014021058879757575
2020-05-15,1753.4000244140625,100.4000015258789,0.6399999856948853,31.889999389648438,2863.699951171875,163.92999267578125,0.008764225555300875
2020-05-18,1731.800048828125,99.66999816894531,0.7440000176429749,29.299999237060547,2953.909912109375,162.69000244140625,-0.012395415869612236
2020-05-19,1744.199951171875,99.37000274658203,0.7110000252723694,30.530000686645508,2922.93994140625,164.25999450683594,0.007134611589603601
2020-05-20,1750.5999755859375,99.12000274658203,0.6800000071525574,27.989999771118164,2971.610107421875,164.64999389648438,0.0036626025539083784
2020-05-21,1720.5,99.37000274658203,0.6769999861717224,29.530000686645508,2948.510009765625,162.25,-0.01734362611469109
2020-05-22,1734.5999755859375,99.86000061035156,0.6570000052452087,28.15999984741211,2955.449951171875,163.2100067138672,0.008161878938070188
2020-05-26,1704.800048828125,98.91000366210938,0.6980000138282776,28.010000228881836,2991.77001953125,160.88999938964844,-0.01732899474964178
2020-05-27,1710.300048828125,99.05999755859375,0.6800000071525574,27.6200008392334,3036.1298828125,161.17999267578125,0.0032209918291323802
2020-05-28,1713.300048828125,98.37999725341797,0.7049999833106995,28.59000015258789,3029.72998046875,161.72000122070312,0.0017525415832908564
2020-05-29,1736.9000244140625,98.33999633789062,0.6480000019073486,27.510000228881836,3044.31005859375,162.91000366210938,0.013680565277693013
2020-06-01,1737.800048828125,97.83000183105469,0.6620000004768372,28.229999542236328,3055.72998046875,163.66000366210938,0.000518044386692118
2020-06-02,1725.199951171875,97.66999816894531,0.6800000071525574,26.84000015258789,3080.820068359375,162.60000610351562,-0.007277016031961736
2020-06-03,1697.800048828125,97.27999877929688,0.7609999775886536,25.65999984741211,3122.8701171875,159.60000610351562,-0.016009633407297663
2020-06-04,1718.9000244140625,96.68000030517578,0.8199999928474426,25.809999465942383,3112.35009765625,161.27999877929688,0.01235124147390465
2020-06-05,1676.199951171875,96.94000244140625,0.9039999842643738,24.520000457763672,3193.929931640625,158.00999450683594,-0.025155268002861497
2020-06-08,1698.300048828125,96.62000274658203,0.8840000033378601,25.809999465942383,3232.389892578125,159.72000122070312,0.013098481927345418
2020-06-09,1714.699951171875,96.31999969482422,0.8289999961853027,27.56999969482422,3207.179931640625,161.25999450683594,0.009610330246712984
2020-06-10,1713.300048828125,95.95999908447266,0.7480000257492065,27.56999969482422,3190.139892578125,163.57000732421875,-0.0008167458702272867
2020-06-11,1732.0,96.7300033569336,0.652999997138977,40.790000915527344,3002.10009765625,162.38999938964844,0.010855446283994041
2020-06-12,1729.300048828125,97.31999969482422,0.6990000009536743,36.09000015258789,3041.31005859375,162.6199951171875,-0.0015600795547294766
2020-06-15,1720.300048828125,96.68000030517578,0.7020000219345093,34.400001525878906,3066.590087890625,162.3300018310547,-0.005218007981163453
2020-06-16,1729.5999755859375,96.95999908447266,0.7559999823570251,33.66999816894531,3124.739990234375,162.25,0.005391431183017659
2020-06-17,1729.199951171875,97.16000366210938,0.7329999804496765,33.470001220703125,3113.489990234375,162.55999755859375,-0.00023130821343642083
2020-06-18,1724.800048828125,97.41999816894531,0.6940000057220459,32.939998626708984,3115.340087890625,162.24000549316406,-0.002547715531949102
2020-06-19,1745.9000244140625,97.62000274658203,0.6970000267028809,35.119998931884766,3097.739990234375,164.02999877929688,0.012159065950263503
2020-06-22,1756.699951171875,97.04000091552734,0.7039999961853027,31.770000457763672,3117.860107421875,165.08999633789062,0.006166825249584562
2020-06-23,1772.0999755859375,96.69000244140625,0.7089999914169312,31.3700008392334,3131.2900390625,166.47999572753906,0.008728248980421682
2020-06-24,1765.800048828125,97.1500015258789,0.6840000152587891,33.84000015258789,3050.330078125,165.89999389648438,-0.003561397084781426
2020-06-25,1762.0999755859375,97.43000030517578,0.6740000247955322,32.220001220703125,3083.760009765625,165.8000030517578,-0.0020976074000182976
2020-06-26,1772.5,97.5,0.6359999775886536,34.72999954223633,3009.050048828125,166.5399932861328,0.005884713686692855
2020-06-29,1774.800048828125,97.54000091552734,0.6359999775886536,31.780000686645508,3053.239990234375,166.6300048828125,0.0012967886103742998
2020-06-30,1793.0,97.38999938964844,0.652999997138977,30.43000030517578,3100.2900390625,167.3699951171875,0.010202426588476143
2020-07-01,1773.199951171875,97.19999694824219,0.6819999814033508,28.6200008392334,3115.860107421875,166.6199951171875,-0.011104398270962434
2020-07-02,1784.0,97.31999969482422,0.6690000295639038,27.68000030517578,3130.010009765625,166.97999572753906,0.006072237805784475
2020-07-06,1788.5,96.79000091552734,0.6840000152587891,27.940000534057617,3179.719970703125,167.97999572753906,0.0025192455591174223
2020-07-07,1804.199951171875,96.87999725341797,0.6499999761581421,29.43000030517578,3145.320068359375,169.0399932861328,0.008739973459877426
2020-07-08,1815.5,96.43000030517578,0.652999997138977,28.079999923706055,3169.93994140625,170.08999633789062,0.006243658695440857
2020-07-09,1799.199951171875,96.69999694824219,0.6050000190734863,29.260000228881836,3152.050048828125,169.6300048828125,-0.009018817348082742
2020-07-10,1798.199951171875,96.6500015258789,0.6330000162124634,27.290000915527344,3185.0400390625,169.19000244140625,-0.0005559571095261617
2020-07-13,1811.0,96.45999908447266,0.6399999856948853,32.189998626708984,3155.219970703125,169.39999389648438,0.0070930414866312574
2020-07-14,1810.5999755859375,96.26000213623047,0.6150000095367432,29.520000457763672,3197.52001953125,170.19000244140625,-0.0002209103260355505
2020-07-15,1811.4000244140625,96.08000183105469,0.6299999952316284,27.760000228881836,3226.56005859375,170.33999633789062,0.0004417718614782018
2020-07-16,1798.699951171875,96.3499984741211,0.6119999885559082,28.0,3215.570068359375,168.72999572753906,-0.007035885831272459
2020-07-17,1808.300048828125,95.94000244140625,0.628000020980835,25.68000030517578,3224.72998046875,170.1199951171875,0.0053230498055762965
2020-07-20,1815.9000244140625,95.83000183105469,0.6200000047683716,24.459999084472656,3251.840087890625,170.94000244140625,0.004194021617198729
2020-07-21,1842.4000244140625,95.12000274658203,0.6069999933242798,24.84000015258789,3257.300048828125,173.0,0.014487856747344985
2020-07-22,1864.0999755859375,94.97000122070312,0.5950000286102295,24.31999969482422,3276.02001953125,175.6300048828125,0.011709267020526326
2020-07-23,1889.0999755859375,94.69000244140625,0.5820000171661377,26.079999923706055,3235.659912109375,177.17999267578125,0.013322162460929654
2020-07-24,1897.300048828125,94.44000244140625,0.5889999866485596,25.84000015258789,3215.6298828125,178.6999969482422,0.00433133636651295
2020-07-27,1931.0,93.66999816894531,0.609000027179718,24.739999771118164,3239.409912109375,182.22999572753906,0.017606154822842335
2020-07-28,1944.699951171875,93.76000213623047,0.5809999704360962,25.440000534057617,3218.43994140625,183.75,0.007069694974014773
2020-07-29,1953.5,93.26000213623047,0.5789999961853027,24.100000381469727,3258.43994140625,185.1300048828125,0.004514937092595872
2020-07-30,1942.300048828125,93.0199966430664,0.5410000085830688,24.760000228881836,3246.219970703125,183.75999450683594,-0.005749772517706475
2020-07-31,1962.800048828125,93.48999786376953,0.5360000133514404,24.459999084472656,3271.1201171875,185.42999267578125,0.010499187115099673
2020-08-03,1966.0,93.5,0.5630000233650208,24.280000686645508,3294.610107421875,185.63999938964844,0.0016289716145934108
2020-08-04,2001.199951171875,93.37999725341797,0.5149999856948853,23.760000228881836,3306.510009765625,189.58999633789062,0.01774595450751537
2020-08-05,2031.0999755859375,92.83000183105469,0.5429999828338623,22.989999771118164,3327.77001953125,191.35000610351562,0.014830529962694072
2020-08-06,2051.5,92.79000091552734,0.5360000133514404,22.649999618530273,3349.159912109375,193.88999938964844,0.009993726704919936
2020-08-07,2010.0999755859375,93.44000244140625,0.5619999766349792,22.209999084472656,3351.280029296875,190.80999755859375,-0.020386772968586264
2020-08-10,2024.4000244140625,93.58000183105469,0.5740000009536743,22.1299991607666,3360.469970703125,190.14999389648438,0.007088912486167942
2020-08-11,1932.5999755859375,93.62999725341797,0.6579999923706055,24.030000686645508,3333.68994140625,179.94000244140625,-0.046407138467370324
2020-08-12,1934.9000244140625,93.44000244140625,0.6700000166893005,22.280000686645508,3380.35009765625,179.10000610351562,0.0011894242271690558
2020-08-13,1956.699951171875,93.33999633789062,0.7160000205039978,22.1299991607666,3373.429931640625,183.3300018310547,0.011203697670107537
2020-08-14,1937.0,93.0999984741211,0.7089999914169312,22.049999237060547,3372.85009765625,182.5399932861328,-0.010118971422733658
2020-08-17,1985.0,92.8499984741211,0.6830000281333923,21.350000381469727,3381.989990234375,186.5,0.024478529714294872
2020-08-18,1999.4000244140625,92.2699966430664,0.6690000295639038,21.510000228881836,3389.780029296875,188.17999267578125,0.007228233622484481
2020-08-19,1958.699951171875,92.88999938964844,0.675000011920929,22.540000915527344,3374.85009765625,182.24000549316406,-0.020566184811920962
2020-08-20,1933.800048828125,92.79000091552734,0.6439999938011169,22.719999313354492,3385.510009765625,183.5,-0.012793958632575375
2020-08-21,1934.5999755859375,93.25,0.6399999856948853,22.540000915527344,3397.159912109375,182.02999877929688,0.0004135698294724932
2020-08-24,1927.699951171875,93.30000305175781,0.6460000276565552,22.3700008392334,3431.280029296875,181.0,-0.003573017054938177
2020-08-25,1911.800048828125,93.0199966430664,0.6819999814033508,22.030000686645508,3443.6201171875,181.22000122070312,-0.008282324903756688
2020-08-26,1940.699951171875,93.01000213623047,0.6869999766349792,23.270000457763672,3478.72998046875,183.36000061035156,0.01500347538793445
2020-08-27,1921.5999755859375,93.01000213623047,0.7459999918937683,24.469999313354492,3484.550048828125,181.24000549316406,-0.009890547937341232
2020-08-28,1964.5999755859375,92.37000274658203,0.7289999723434448,22.959999084472656,3508.010009765625,184.38999938964844,0.02213049019313118
2020-08-31,1967.5999755859375,92.13999938964844,0.6930000185966492,26.40999984741211,3500.31005859375,184.8300018310547,0.001525863699362695
2020-09-01,1968.199951171875,92.33999633789062,0.671999990940094,26.1200008392334,3526.64990234375,185.0500030517578,0.0003048811432240228
2020-09-02,1934.4000244140625,92.8499984741211,0.6510000228881836,26.56999969482422,3580.840087890625,182.6199951171875,-0.017322181174838747
2020-09-03,1927.5999755859375,92.73999786376953,0.621999979019165,33.599998474121094,3455.06005859375,181.13999938964844,-0.003521520380874499
2020-09-04,1923.9000244140625,92.72000122070312,0.7210000157356262,30.75,3426.9599609375,181.63999938964844,-0.0019213045878458956
2020-09-08,1933.0,93.4800033569336,0.6840000152587891,31.459999084472656,3331.840087890625,181.2899932861328,0.0047188116955227954
2020-09-09,1944.699951171875,93.26000213623047,0.703000009059906,28.809999465942383,3398.9599609375,183.0500030517578,0.006034498194198434
2020-09-10,1954.199951171875,93.33999633789062,0.6850000023841858,29.709999084472656,3339.18994140625,182.4600067138672,0.004873179121466009
2020-09-11,1937.800048828125,93.33000183105469,0.6690000295639038,26.8700008392334,3340.969970703125,182.4499969482422,-0.00842754337538043
2020-09-14,1953.0999755859375,93.06999969482422,0.6710000038146973,25.850000381469727,3383.5400390625,183.88999938964844,0.007864507194070391
2020-09-15,1956.300048828125,93.05000305175781,0.6790000200271606,25.59000015258789,3401.199951171875,183.4499969482422,0.0016371176840062063
2020-09-16,1960.199951171875,93.20999908447266,0.6869999766349792,26.040000915527344,3385.489990234375,183.97000122070312,0.0019915248986208667
2020-09-17,1940.0,92.97000122070312,0.6840000152587891,26.459999084472656,3357.010009765625,182.9600067138672,-0.010358510867938264
2020-09-18,1952.0999755859375,92.93000030517578,0.6940000057220459,25.829999923706055,3319.469970703125,183.1999969482422,0.0062177306051101056
2020-09-21,1901.199951171875,93.54000091552734,0.6710000038146973,27.780000686645508,3281.06005859375,179.52000427246094,-0.026420463605422384
2020-09-22,1898.5999755859375,93.98999786376953,0.6639999747276306,26.860000610351562,3315.570068359375,178.64999389648438,-0.0013684804683453677
2020-09-23,1859.9000244140625,94.38999938964844,0.6759999990463257,28.579999923706055,3236.919921875,174.7899932861328,-0.020594023641089976
2020-09-24,1868.300048828125,94.3499984741211,0.6660000085830688,28.510000228881836,3246.590087890625,175.44000244140625,0.004506216653220818
2020-09-25,1857.699951171875,94.58000183105469,0.6589999794960022,26.3799991607666,3298.4599609375,174.94000244140625,-0.005689815487671446
2020-09-28,1872.800048828125,94.26000213623047,0.6629999876022339,26.190000534057617,3351.60009765625,176.6999969482422,0.008095526135782904
2020-09-29,1894.300048828125,93.88999938964844,0.6449999809265137,26.270000457763672,3335.469970703125,178.19000244140625,0.01141473966161577
2020-09-30,1887.5,93.88999938964844,0.6769999861717224,26.3700008392334,3363.0,177.1199951171875,-0.0035962007873946433
2020-10-01,1908.4000244140625,93.70999908447266,0.6769999861717224,26.700000762939453,3380.800048828125,178.6999969482422,0.011012005311719975
2020-10-02,1900.199951171875,93.83999633789062,0.6959999799728394,27.6299991607666,3348.419921875,178.5399932861328,-0.004306089358559362
2020-10-05,1912.5,93.51000213623047,0.7620000243186951,27.959999084472656,3408.60009765625,179.41000366210938,0.006452168624350385
2020-10-06,1901.0999755859375,93.83000183105469,0.7419999837875366,29.479999542236328,3360.969970703125,177.3000030517578,-0.0059786335451814665
2020-10-07,1883.5999755859375,93.62999725341797,0.7850000262260437,28.059999465942383,3419.43994140625,177.22000122070312,-0.009247826747493804
2020-10-08,1888.5999755859375,93.61000061035156,0.7649999856948853,26.360000610351562,3446.830078125,177.85000610351562,0.002650974493883851
2020-10-09,1919.5,93.05999755859375,0.7749999761581421,25.0,3477.139892578125,181.0800018310547,0.0162289345389528
2020-10-12,1922.5,93.06999969482422,0.7770000100135803,25.06999969482422,3534.219970703125,180.55999755859375,0.0015616869389472043
2020-10-13,1888.5,93.52999877929688,0.7269999980926514,26.06999969482422,3511.929931640625,177.72000122070312,-0.017843559227287642
2020-10-14,1901.300048828125,93.37999725341797,0.722000002861023,26.399999618530273,3488.669921875,178.27000427246094,0.006755025244469692
2020-10-15,1903.199951171875,93.86000061035156,0.7310000061988831,26.969999313354492,3483.340087890625,178.9199981689453,0.0009987659359627088
2020-10-16,1900.800048828125,93.68000030517578,0.7440000176429749,27.40999984741211,3483.81005859375,178.3000030517578,-0.0012617784764215045
2020-10-19,1906.4000244140625,93.43000030517578,0.7609999775886536,29.18000030517578,3426.919921875,178.38999938964844,0.002941783734378589
2020-10-20,1910.4000244140625,93.06999969482422,0.796999990940094,29.350000381469727,3443.1201171875,179.25,0.0020959973869372206
2020-10-21,1924.5999755859375,92.61000061035156,0.8159999847412109,28.649999618530273,3435.56005859375,180.60000610351562,0.007405484259195738
2020-10-22,1901.0999755859375,92.94999694824219,0.8479999899864197,28.110000610351562,3453.489990234375,178.8300018310547,-0.012285488081524853
2020-10-23,1902.0,92.7699966430664,0.8410000205039978,27.549999237060547,3465.389892578125,178.63999938964844,0.00047331094982627775
2020-10-26,1902.699951171875,93.05000305175781,0.8009999990463257,32.459999084472656,3400.969970703125,178.5500030517578,0.00036794027847353306
2020-10-27,1908.800048828125,92.94000244140625,0.777999997138977,33.349998474121094,3390.679931640625,179.02000427246094,0.0032008935403773364
2020-10-28,1876.199951171875,93.41000366210938,0.781000018119812,40.279998779296875,3271.030029296875,176.1300048828125,-0.01722636925734733
2020-10-29,1865.5999755859375,93.95999908447266,0.8349999785423279,37.59000015258789,3310.110107421875,175.39999389648438,-0.0056657245971063475
2020-10-30,1877.4000244140625,94.04000091552734,0.8600000143051147,38.02000045776367,3269.9599609375,176.1999969482422,0.006305149837346313
2020-11-02,1890.4000244140625,94.05000305175781,0.8489999771118164,37.130001068115234,3310.239990234375,177.91000366210938,0.006900605880378663
2020-11-03,1908.5,93.55000305175781,0.8820000290870667,35.54999923706055,3369.159912109375,178.9199981689453,0.009529133397826683
2020-11-04,1894.5999755859375,93.41000366210938,0.7680000066757202,29.56999969482422,3443.43994140625,178.82000732421875,-0.007309871629980869
2020-11-05,1945.300048828125,92.52999877929688,0.7760000228881836,27.579999923706055,3510.449951171875,182.92999267578125,0.02640851034903058
2020-11-06,1950.300048828125,92.2300033569336,0.8199999928474426,24.860000610351562,3509.43994140625,183.19000244140625,0.0025670000104103252
2020-11-09,1853.199951171875,92.7300033569336,0.9580000042915344,25.75,3550.5,175.0800018310547,-0.05106938372025738
2020-11-10,1875.4000244140625,92.75,0.972000002861023,24.799999237060547,3545.530029296875,175.66000366210938,0.011908134809093696
2020-11-11,1860.699951171875,93.04000091552734,0.9580000042915344,23.450000762939453,3572.659912109375,174.89999389648438,-0.00786924825179014
2020-11-12,1872.5999755859375,92.95999908447266,0.8849999904632568,25.350000381469727,3537.010009765625,175.9600067138672,0.006375091715476344
2020-11-13,1885.699951171875,92.76000213623047,0.8930000066757202,23.100000381469727,3585.14990234375,177.16000366210938,0.006971252371710257
2020-11-16,1887.300048828125,92.56999969482422,0.906000018119812,22.450000762939453,3626.909912109375,177.14999389648438,0.0008481832770623754
2020-11-17,1884.5,92.41999816894531,0.871999979019165,22.709999084472656,3609.530029296875,176.5,-0.0014847284088492785
2020-11-18,1873.5,92.31999969482422,0.8820000290870667,23.84000015258789,3567.7900390625,175.49000549316406,-0.00585419447344826
2020-11-19,1861.0999755859375,92.29000091552734,0.8539999723434448,23.110000610351562,3581.8701171875,175.16000366210938,-0.006640641601906694
2020-11-20,1872.5999755859375,92.38999938964844,0.8289999961853027,23.700000762939453,3557.5400390625,175.69000244140625,0.0061601288354316
2020-11-23,1837.800048828125,92.51000213623047,0.8569999933242798,22.65999984741211,3577.590087890625,172.22999572753906,-0.018758595831691594
2020-11-24,1804.800048828125,92.2300033569336,0.8820000290870667,21.639999389648438,3635.409912109375,169.58999633789062,-0.01811942127724553
2020-11-25,1805.699951171875,91.98999786376953,0.878000020980835,21.25,3629.64990234375,169.50999450683594,0.0004984918223982504
2020-11-27,1781.9000244140625,91.79000091552734,0.8420000076293945,20.84000015258789,3638.35009765625,167.7899932861328,-0.013268076746218327
2020-11-30,1775.699951171875,91.87000274658203,0.843999981880188,20.56999969482422,3621.6298828125,166.6699981689453,-0.0034855405676799123
2020-12-01,1814.0999755859375,91.30999755859375,0.9340000152587891,20.770000457763672,3662.449951171875,170.17999267578125,0.021394779622498916
2020-12-02,1825.699951171875,91.12000274658203,0.9480000138282776,21.170000076293945,3669.010009765625,171.4600067138672,0.006373984885256867
2020-12-03,1836.800048828125,90.70999908447266,0.9200000166893005,21.280000686645508,3666.719970703125,172.80999755859375,0.006061505333917694
2020-12-04,1835.9000244140625,90.69999694824219,0.968999981880188,20.790000915527344,3699.1201171875,172.32000732421875,-0.000490115944199232
2020-12-07,1861.800048828125,90.79000091552734,0.9279999732971191,21.299999237060547,3691.9599609375,174.88999938964844,0.014008950144384968
2020-12-08,1870.800048828125,90.97000122070312,0.9129999876022339,20.68000030517578,3702.25,175.5,0.004822385043172339
2020-12-09,1834.5999755859375,91.08999633789062,0.9409999847412109,22.270000457763672,3672.820068359375,172.5,-0.019539712183873625
2020-12-10,1833.5999755859375,90.79000091552734,0.9079999923706055,22.520000457763672,3668.10009765625,172.1699981689453,-0.0005452265623926422
2020-12-11,1839.800048828125,90.9800033569336,0.8930000066757202,23.309999465942383,3663.4599609375,172.49000549316406,0.0033756623773708583
2020-12-14,1828.699951171875,90.70999908447266,0.8920000195503235,24.719999313354492,3647.489990234375,171.5399932861328,-0.006051591403382517
2020-12-15,1852.300048828125,90.47000122070312,0.9229999780654907,22.889999389648438,3694.6201171875,173.94000244140625,0.012822831309901694
2020-12-16,1856.0999755859375,90.44999694824219,0.9200000166893005,22.5,3701.169921875,174.89999389648438,0.0020493625621478273
2020-12-17,1887.199951171875,89.81999969482422,0.9300000071525574,21.93000030517578,3722.47998046875,176.74000549316406,0.016616724168514452
2020-12-18,1885.699951171875,90.0199966430664,0.9480000138282776,21.56999969482422,3709.409912109375,176.44000244140625,-0.0007951443811702319
2020-12-21,1879.199951171875,90.04000091552734,0.9409999847412109,25.15999984741211,3694.919921875,175.8800048828125,-0.0034529504777385256
2020-12-22,1866.5999755859375,90.6500015258789,0.9179999828338623,24.229999542236328,3687.260009765625,174.49000549316406,-0.0067275473090218085
2020-12-23,1874.699951171875,90.41000366210938,0.9549999833106995,23.309999465942383,3690.010009765625,175.64999389648438,0.004330039505094696
2020-12-24,1879.9000244140625,90.33000183105469,0.9279999732971191,21.530000686645508,3703.06005859375,176.35000610351562,0.002769976349497938
2020-12-28,1877.199951171875,90.33999633789062,0.9330000281333923,21.700000762939453,3735.360107421875,175.7100067138672,-0.0014373179976940875
2020-12-29,1879.699951171875,90.01000213623047,0.9350000023841858,23.079999923706055,3727.0400390625,176.35000610351562,0.0013308847368813659
2020-12-30,1891.0,89.62999725341797,0.9259999990463257,22.770000457763672,3732.0400390625,177.6999969482422,0.005993626012460673
2020-12-31,1893.0999755859375,89.94000244140625,0.9169999957084656,22.75,3756.070068359375,178.36000061035156,0.0011098944610656858
2021-01-04,1944.699951171875,89.87999725341797,0.9169999957084656,26.969999313354492,3700.64990234375,182.3300018310547,0.026892014283006027
2021-01-05,1952.699951171875,89.44000244140625,0.9549999833106995,25.34000015258789,3726.860107421875,182.8699951171875,0.004105306838480871
2021-01-06,1906.9000244140625,89.52999877929688,1.0420000553131104,25.06999969482422,3748.139892578125,179.89999389648438,-0.023734105597418065
2021-01-07,1912.300048828125,89.83000183105469,1.0709999799728394,22.3700008392334,3803.7900390625,179.47999572753906,0.0028278319590517853
2021-01-08,1834.0999755859375,90.0999984741211,1.1050000190734863,21.559999465942383,3824.679931640625,173.33999633789062,-0.041752846956852
2021-01-11,1849.5999755859375,90.54000091552734,1.1319999694824219,24.079999923706055,3799.610107421875,173.0,0.008415501632621947
2021-01-12,1842.9000244140625,90.05000305175781,1.1380000114440918,23.329999923706055,3801.18994140625,174.1199951171875,-0.003628955192789718
2021-01-13,1853.5999755859375,90.31999969482422,1.0880000591278076,22.209999084472656,3809.840087890625,173.3699951171875,0.005789249861382295
2021-01-14,1850.300048828125,90.23999786376953,1.128999948501587,23.25,3795.5400390625,173.27999877929688,-0.0017818664700346432
2021-01-15,1829.300048828125,90.77999877929688,1.097000002861023,24.34000015258789,3768.25,171.1300048828125,-0.011414407787474268
2021-01-19,1839.5,90.5,1.0920000076293945,23.239999771118164,3798.909912109375,172.5800018310547,0.005560388855331944
2021-01-20,1865.9000244140625,90.47000122070312,1.090000033378601,21.579999923706055,3851.85009765625,175.38999938964844,0.014249727942710066
2021-01-21,1865.300048828125,90.12999725341797,1.1089999675750732,21.31999969482422,3853.070068359375,175.27999877929688,-0.00032159925993369143
2021-01-22,1855.699951171875,90.23999786376953,1.090999960899353,21.90999984741211,3841.469970703125,173.89999389648438,-0.005159967189823256
2021-01-25,1854.9000244140625,90.38999938964844,1.0399999618530273,23.190000534057617,3855.360107421875,174.0500030517578,-0.0004311576432209918
2021-01-26,1850.699951171875,90.16999816894531,1.0399999618530273,23.020000457763672,3849.6201171875,173.6199951171875,-0.0022668798944573965
2021-01-27,1844.9000244140625,90.6500015258789,1.0140000581741333,37.209999084472656,3750.77001953125,172.52000427246094,-0.0031388308031132794
2021-01-28,1837.9000244140625,90.45999908447266,1.0570000410079956,30.209999084472656,3787.3798828125,172.67999267578125,-0.003801459941890073
2021-01-29,1847.300048828125,90.58000183105469,1.093000054359436,33.09000015258789,3714.239990234375,172.61000061035156,0.005101511241647927
2021-02-01,1860.800048828125,91.0199966430664,1.0770000219345093,30.239999771118164,3773.860107421875,174.22999572753906,0.0072813890080443144
2021-02-02,1830.5,91.19999694824219,1.1050000190734863,25.559999465942383,3826.31005859375,172.11000061035156,-0.016417375444501836
2021-02-03,1832.199951171875,91.12000274658203,1.13100004196167,22.90999984741211,3830.169921875,171.85000610351562,0.000928250370819228
2021-02-04,1788.9000244140625,91.52999877929688,1.1390000581741333,21.770000457763672,3871.739990234375,168.14999389648438,-0.023916484486412593
2021-02-05,1810.9000244140625,91.04000091552734,1.1699999570846558,20.8700008392334,3886.830078125,169.80999755859375,0.012223053284327712
2021-02-08,1831.9000244140625,90.93000030517578,1.159999966621399,21.239999771118164,3915.590087890625,171.52000427246094,0.01152972018956877
2021-02-09,1835.300048828125,90.44000244140625,1.156999945640564,21.6299991607666,3911.22998046875,172.0800018310547,0.0018542895508142365
2021-02-10,1840.5999755859375,90.37000274658203,1.1330000162124634,21.989999771118164,3909.8798828125,172.7100067138672,0.0028836096711604142
2021-02-11,1824.9000244140625,90.41999816894531,1.1579999923706055,21.25,3916.3798828125,171.2100067138672,-0.008566387767498185
2021-02-12,1821.5999755859375,90.4800033569336,1.2000000476837158,19.969999313354492,3934.830078125,170.69000244140625,-0.001809982026078849
2021-02-16,1797.199951171875,90.51000213623047,1.2990000247955322,21.459999084472656,3932.590087890625,168.24000549316406,-0.013485351319986627
2021-02-17,1771.0999755859375,90.94999694824219,1.3009999990463257,21.5,3931.330078125,166.3300018310547,-0.014629062349107436
2021-02-18,1773.4000244140625,90.58999633789062,1.2869999408721924,22.489999771118164,3913.969970703125,166.32000732421875,0.0012978130348191286
2021-02-19,1775.800048828125,90.36000061035156,1.3450000286102295,22.049999237060547,3906.7099609375,167.00999450683594,0.0013524313819193168
2021-02-22,1806.699951171875,90.01000213623047,1.3700000047683716,23.450000762939453,3876.5,169.50999450683594,0.01725089665910584
2021-02-23,1804.4000244140625,90.16999816894531,1.3619999885559082,23.110000610351562,3881.3701171875,169.1199951171875,-0.001273809689207539
2021-02-24,1796.4000244140625,90.18000030517578,1.3890000581741333,21.34000015258789,3925.429931640625,169.0,-0.004443464260402763
2021-02-25,1774.4000244140625,90.12999725341797,1.5180000066757202,28.889999389648438,3829.340087890625,165.82000732421875,-0.012322324448977184
2021-02-26,1728.0999755859375,90.93000030517578,1.4600000381469727,27.950000762939453,3811.14990234375,161.80999755859375,-0.02643982642289977
2021-03-01,1722.5,91.04000091552734,1.4459999799728394,23.350000381469727,3901.820068359375,161.52999877929688,-0.0032458010444411656
2021-03-02,1733.0999755859375,90.79000091552734,1.4149999618530273,24.100000381469727,3870.2900390625,162.41000366210938,0.006134974480583644
2021-03-03,1715.300048828125,90.94999694824219,1.4700000286102295,26.670000076293945,3819.719970703125,160.6199951171875,-0.010323677486388405
2021-03-04,1700.199951171875,91.62999725341797,1.5499999523162842,28.56999969482422,3768.469970703125,159.0399932861328,-0.008842158417798451
2021-03-05,1698.0,91.9800033569336,1.5540000200271606,24.65999984741211,3841.93994140625,159.13999938964844,-0.0012947745929183796
2021-03-08,1677.699951171875,92.30999755859375,1.5959999561309814,25.469999313354492,3821.35009765625,157.49000549316406,-0.01202730919914341
2021-03-09,1716.5999755859375,91.95999908447266,1.5460000038146973,24.030000686645508,3875.43994140625,160.83999633789062,0.022921797389634513
2021-03-10,1721.5,91.79000091552734,1.5199999809265137,22.559999465942383,3898.81005859375,161.66000366210938,0.00285042771679489
2021-03-11,1722.300048828125,91.41999816894531,1.5269999504089355,21.90999984741211,3939.340087890625,161.52000427246094,0.0004646314136564911
2021-03-12,1719.5,91.68000030517578,1.6349999904632568,20.690000534057617,3943.340087890625,161.49000549316406,-0.001627084319913763
2021-03-15,1728.9000244140625,91.83000183105469,1.6069999933242798,20.030000686645508,3968.93994140625,162.1999969482422,0.005451831359563286
2021-03-16,1730.5999755859375,91.87000274658203,1.621000051498413,19.790000915527344,3962.7099609375,162.35000610351562,0.0009827728334723673
2021-03-17,1726.800048828125,91.4000015258789,1.6410000324249268,19.229999542236328,3974.1201171875,163.50999450683594,-0.002198142107380896
2021-03-18,1732.199951171875,91.8499984741211,1.7300000190734863,21.579999923706055,3915.4599609375,162.55999755859375,0.003122235750465663
2021-03-19,1741.4000244140625,91.91999816894531,1.7319999933242798,20.950000762939453,3913.10009765625,163.24000549316406,0.005297152705863617
2021-03-22,1737.800048828125,91.80000305175781,1.684000015258789,18.8799991607666,3940.590087890625,163.0,-0.002069427911533417
2021-03-23,1724.699951171875,92.33999633789062,1.6380000114440918,20.299999237060547,3910.52001953125,161.80999755859375,-0.007566879516500258
2021-03-24,1732.9000244140625,92.52999877929688,1.6139999628067017,21.200000762939453,3889.139892578125,162.3699951171875,0.004743225748486957
2021-03-25,1724.9000244140625,92.87999725341797,1.6139999628067017,19.809999465942383,3909.52001953125,161.77999877929688,-0.004627227810274803
2021-03-26,1732.199951171875,92.7699966430664,1.659999966621399,18.860000610351562,3974.5400390625,162.24000549316406,0.004223156783957904
2021-03-29,1712.0999755859375,92.94000244140625,1.7209999561309814,20.739999771118164,3971.090087890625,160.30999755859375,-0.011671575757387309
2021-03-30,1683.9000244140625,93.30000305175781,1.7259999513626099,19.610000610351562,3958.550048828125,157.57000732421875,-0.016608126836268333
2021-03-31,1713.800048828125,93.2300033569336,1.746000051498413,19.399999618530273,3972.889892578125,159.9600067138672,0.017600609611378104
2021-04-01,1726.5,92.93000030517578,1.6790000200271606,17.329999923706055,4019.8701171875,161.97999572753906,0.007383082103883609
2021-04-05,1727.0,92.5999984741211,1.7200000286102295,17.90999984741211,4077.909912109375,161.9199981689453,0.0002895613166309374
2021-04-06,1741.5,92.33999633789062,1.656000018119812,18.1200008392334,4073.93994140625,163.22000122070312,0.008361011659377304
2021-04-07,1740.0999755859375,92.45999908447266,1.652999997138977,17.15999984741211,4079.949951171875,162.75999450683594,-0.0008042420147873486
2021-04-08,1756.800048828125,92.05999755859375,1.6319999694824219,16.950000762939453,4097.169921875,164.50999450683594,0.009551431317730064
2021-04-09,1743.300048828125,92.16000366210938,1.6660000085830688,16.690000534057617,4128.7998046875,163.27000427246094,-0.007714103350808799
2021-04-12,1731.199951171875,92.13999938964844,1.6749999523162842,16.90999984741211,4127.990234375,162.27999877929688,-0.006965115310813452
2021-04-13,1746.199951171875,91.8499984741211,1.6230000257492065,16.649999618530273,4141.58984375,163.42999267578125,0.008627188966826793
2021-04-14,1734.9000244140625,91.69000244140625,1.6380000114440918,16.989999771118164,4124.66015625,162.72000122070312,-0.006492181509603512
2021-04-15,1765.4000244140625,91.66999816894531,1.5299999713897705,16.56999969482422,4170.419921875,165.35000610351562,0.0174275185107291
2021-04-16,1779.0,91.55999755859375,1.5729999542236328,16.25,4185.47021484375,166.35000610351562,0.007674101250506382
2021-04-19,1769.4000244140625,91.06999969482422,1.6009999513626099,17.290000915527344,4163.259765625,165.88999938964844,-0.0054108888186163995
2021-04-20,1777.300048828125,91.23999786376953,1.562000036239624,18.68000030517578,4134.93994140625,166.47999572753906,0.004454866391930601
2021-04-21,1792.300048828125,91.16000366210938,1.5640000104904175,17.5,4173.419921875,168.1300048828125,0.008404352241679014
2021-04-22,1781.199951171875,91.33000183105469,1.5540000200271606,18.709999084472656,4134.97998046875,167.0399932861328,-0.0062124714463314135
2021-04-23,1777.0,90.86000061035156,1.5670000314712524,17.329999923706055,4180.169921875,166.39999389648438,-0.0023607178798457085
2021-04-26,1779.199951171875,90.80999755859375,1.5700000524520874,17.639999389648438,4187.6201171875,166.83999633789062,0.0012372484577465315
2021-04-27,1778.0,90.91000366210938,1.621999979019165,17.559999465942383,4186.72021484375,166.4199981689453,-0.000674660538547478
2021-04-28,1773.199951171875,90.61000061035156,1.6200000047683716,17.280000686645508,4183.18017578125,166.91000366210938,-0.002703340739679483
2021-04-29,1768.0999755859375,90.61000061035156,1.6399999856948853,17.610000610351562,4211.47021484375,166.22000122070312,-0.002880286458204928
2021-04-30,1767.300048828125,91.27999877929688,1.63100004196167,18.610000610351562,4181.169921875,165.66000366210938,-0.00045252405155782327
2021-05-03,1791.4000244140625,90.94999694824219,1.6069999933242798,18.309999465942383,4192.66015625,167.80999755859375,0.013544464845169024
2021-05-04,1775.800048828125,91.29000091552734,1.5920000076293945,19.479999542236328,4164.66015625,166.5800018310547,-0.008746397574940445
2021-05-05,1784.0999755859375,91.30999755859375,1.5839999914169312,19.149999618530273,4167.58984375,167.27000427246094,0.004663019601776064
2021-05-06,1815.5,90.94999694824219,1.5609999895095825,18.389999389648438,4201.6201171875,170.05999755859375,0.01744683915797829
2021-05-07,1831.0999755859375,90.2300033569336,1.5770000219345093,16.690000534057617,4232.60009765625,171.58999633789062,0.008555953960273754
2021-05-10,1837.5,90.20999908447266,1.6019999980926514,19.65999984741211,4188.43017578125,172.11000061035156,0.0034890862723271354
2021-05-11,1835.9000244140625,90.13999938964844,1.6239999532699585,21.84000015258789,4152.10009765625,172.13999938964844,-0.000871114322687383
2021-05-12,1822.5999755859375,90.70999908447266,1.6950000524520874,27.59000015258789,4063.0400390625,170.42999267578125,-0.007270798097462006
2021-05-13,1823.800048828125,90.75,1.6679999828338623,23.1299991607666,4112.5,171.1300048828125,0.000658223605463526
2021-05-14,1837.9000244140625,90.31999969482422,1.6349999904632568,18.809999465942383,4173.85009765625,172.69000244140625,0.007701365482795097
2021-05-17,1867.5,90.22000122070312,1.6399999856948853,19.719999313354492,4163.2900390625,174.6999969482422,0.01597700925187162
2021-05-18,1867.800048828125,89.75,1.6419999599456787,21.34000015258789,4127.830078125,175.0399932861328,0.00016065581069657497
2021-05-19,1881.300048828125,90.19000244140625,1.6829999685287476,22.18000030517578,4115.68017578125,175.16000366210938,0.007201759353875126
2021-05-20,1881.800048828125,89.80999755859375,1.6339999437332153,20.670000076293945,4159.1201171875,175.9600067138672,0.00026573834868415247
2021-05-21,1876.699951171875,90.0199966430664,1.6319999694824219,20.149999618530273,4155.85986328125,176.0399932861328,-0.002713902241079147
2021-05-24,1884.5999755859375,89.83000183105469,1.6080000400543213,18.399999618530273,4197.0498046875,176.35000610351562,0.004200694539000516
2021-05-25,1898.0999755859375,89.63999938964844,1.5640000104904175,18.84000015258789,4188.1298828125,177.9499969482422,0.007137789140429618
2021-05-26,1901.300048828125,90.04000091552734,1.5740000009536743,17.360000610351562,4195.990234375,177.63999938964844,0.001684515438402201
2021-05-27,1895.699951171875,89.97000122070312,1.6100000143051147,16.739999771118164,4200.8798828125,177.7100067138672,-0.002949750706768839
2021-05-28,1902.5,90.02999877929688,1.5809999704360962,16.760000228881836,4204.10986328125,178.3800048828125,0.0035806730456284797
2021-06-01,1902.9000244140625,89.83000183105469,1.6150000095367432,17.899999618530273,4202.0400390625,177.89999389648438,0.0002102404020440929
2021-06-02,1907.5,89.9000015258789,1.590999960899353,17.479999542236328,4208.1201171875,178.77000427246094,0.0024144330207267473
2021-06-03,1871.199951171875,90.5,1.625,18.040000915527344,4192.85009765625,175.27000427246094,-0.019213573983194898
2021-06-04,1889.800048828125,90.13999938964844,1.559999942779541,16.420000076293945,4229.89013671875,177.16000366210938,0.009891119010829286
2021-06-07,1896.800048828125,89.94999694824219,1.569000005722046,16.420000076293945,4226.52001953125,177.8699951171875,0.0036972523073179886
2021-06-08,1892.199951171875,90.08000183105469,1.527999997138977,17.06999969482422,4227.259765625,177.32000732421875,-0.0024281340281699926
2021-06-09,1893.199951171875,90.12000274658203,1.4889999628067017,17.889999389648438,4219.5498046875,176.97999572753906,0.0005283457753790799
2021-06-10,1894.199951171875,90.08000183105469,1.4589999914169312,16.100000381469727,4239.18017578125,177.74000549316406,0.0005280667735245714
2021-06-11,1877.4000244140625,90.55999755859375,1.4620000123977661,15.649999618530273,4247.43994140625,175.74000549316406,-0.008908706107218833
2021-06-14,1864.0,90.5199966430664,1.5010000467300415,16.389999389648438,4255.14990234375,174.7100067138672,-0.007163137661542862
2021-06-15,1854.5,90.54000091552734,1.4989999532699585,17.020000457763672,4246.58984375,174.0500030517578,-0.005109598315891084
2021-06-16,1859.5,91.12999725341797,1.569000005722046,18.149999618530273,4223.7001953125,171.11000061035156,0.0026925164354798525
2021-06-17,1773.800048828125,91.88999938964844,1.5110000371932983,17.75,4221.85986328125,165.85000610351562,-0.04718346889536029
2021-06-18,1767.9000244140625,92.2300033569336,1.4500000476837158,20.700000762939453,4166.4501953125,164.92999267578125,-0.00333175014814735
2021-06-21,1781.800048828125,91.86000061035156,1.4839999675750732,17.889999389648438,4224.7900390625,166.9499969482422,0.007831701368744781
2021-06-22,1776.300048828125,91.7300033569336,1.472000002861023,16.65999984741211,4246.43994140625,166.25,-0.0030915399958519885
2021-06-23,1782.300048828125,91.80000305175781,1.4869999885559082,16.31999969482422,4241.83984375,166.13999938964844,0.0033721157314259287
2021-06-24,1775.5999755859375,91.81999969482422,1.4869999885559082,15.970000267028809,4266.490234375,166.0399932861328,-0.0037663122158093643
2021-06-25,1776.5999755859375,91.80999755859375,1.5360000133514404,15.619999885559082,4280.7001953125,166.58999633789062,0.0005630313834590339
2021-06-28,1779.5999755859375,91.87999725341797,1.4780000448226929,15.760000228881836,4290.60986328125,166.5800018310547,0.0016871946194525478
2021-06-29,1762.800048828125,92.05000305175781,1.4800000190734863,16.020000457763672,4291.7998046875,164.8300018310547,-0.00948512454602124
2021-06-30,1770.800048828125,92.44000244140625,1.4429999589920044,15.829999923706055,4297.5,165.6300048828125,0.00452796776501696
2021-07-01,1775.9000244140625,92.5999984741211,1.4800000190734863,15.479999542236328,4319.93994140625,166.1999969482422,0.002875900975945811
2021-07-02,1782.5999755859375,92.2300033569336,1.430999994277954,15.069999694824219,4352.33984375,167.2899932861328,0.003765608592876113
2021-07-06,1793.5,92.55000305175781,1.3700000047683716,16.440000534057617,4343.5400390625,168.1199951171875,0.006096058971481355
2021-07-07,1801.5,92.63999938964844,1.3209999799728394,16.200000762939453,4358.1298828125,168.75999450683594,0.00445063321581074
2021-07-08,1799.5999755859375,92.36000061035156,1.2879999876022339,19.0,4320.81982421875,168.64999389648438,-0.0010552467875140081
2021-07-09,1810.0,92.12999725341797,1.3559999465942383,16.18000030517578,4369.5498046875,169.2100067138672,0.005762440859236939
2021-07-12,1805.5,92.2300033569336,1.3630000352859497,16.170000076293945,4384.6298828125,169.0,-0.0024892835423582227
2021-07-13,1809.4000244140625,92.75,1.4149999618530273,17.1200008392334,4369.2099609375,169.22000122070312,0.002157750367033806
2021-07-14,1824.300048828125,92.41000366210938,1.3559999465942383,16.329999923706055,4374.2998046875,171.0399932861328,0.008201066475029606
2021-07-15,1828.4000244140625,92.62000274658203,1.2970000505447388,17.010000228881836,4360.02978515625,171.07000732421875,0.002244902250705394
2021-07-16,1814.5,92.69000244140625,1.2999999523162842,18.450000762939453,4327.16015625,169.41000366210938,-0.0076313331571569165
2021-07-19,1808.699951171875,92.88999938964844,1.180999994277954,22.5,4258.490234375,169.61000061035156,-0.003201619485909468
2021-07-20,1810.9000244140625,92.97000122070312,1.2089999914169312,19.729999542236328,4323.06005859375,169.38999938964844,0.0012156445618103362
2021-07-21,1802.9000244140625,92.75,1.2799999713897705,17.90999984741211,4358.68994140625,168.75999450683594,-0.004427479639319998
2021-07-22,1805.0,92.81999969482422,1.2649999856948853,17.690000534057617,4367.47998046875,169.08999633789062,0.0011640986772754047
2021-07-23,1801.4000244140625,92.91000366210938,1.2860000133514404,17.200000762939453,4411.7900390625,168.55999755859375,-0.0019964378645118686
2021-07-26,1798.699951171875,92.6500015258789,1.2760000228881836,17.579999923706055,4422.2998046875,168.16000366210938,-0.0014999993148858692
2021-07-27,1799.5,92.43000030517578,1.2339999675750732,19.360000610351562,4401.4599609375,168.44000244140625,0.00044469393150237124
2021-07-28,1799.5,92.31999969482422,1.2610000371932983,18.309999465942383,4400.64013671875,169.2899932861328,0.0
2021-07-29,1831.199951171875,91.86000061035156,1.2690000534057617,17.700000762939453,4419.14990234375,171.1699981689453,0.017462614454720082
2021-07-30,1812.5999755859375,92.16999816894531,1.2389999628067017,18.239999771118164,4395.259765625,169.82000732421875,-0.01020919782220897
2021-08-02,1818.0999755859375,92.05000305175781,1.1740000247955322,19.459999084472656,4387.16015625,169.61000061035156,0.003029721145291653
2021-08-03,1810.0999755859375,92.08000183105469,1.1759999990463257,18.040000915527344,4423.14990234375,169.49000549316406,-0.004409907432068039
2021-08-04,1810.5,92.2699966430664,1.184000015258789,17.969999313354492,4402.66015625,169.52999877929688,0.0002209713408758418
2021-08-05,1805.0999755859375,92.23999786376953,1.2170000076293945,17.280000686645508,4429.10009765625,168.86000061035156,-0.00298707183632807
2021-08-06,1760.0,92.80000305175781,1.2899999618530273,16.149999618530273,4436.52001953125,164.63999938964844,-0.025302169337170888
2021-08-09,1723.4000244140625,92.94999694824219,1.3170000314712524,16.719999313354492,4432.35009765625,161.72000122070312,-0.021014711060311164
2021-08-10,1728.800048828125,93.05999755859375,1.3420000076293945,16.790000915527344,4436.75,161.77000427246094,0.003128456464730256
2021-08-11,1750.4000244140625,92.91000366210938,1.3289999961853027,16.170000076293945,4442.41015625,164.0,0.012416792738750182
2021-08-12,1749.0,93.04000091552734,1.3669999837875366,15.59000015258789,4460.830078125,164.0399932861328,-0.0008001511567643504
2021-08-13,1775.199951171875,92.5199966430664,1.2970000505447388,15.449999809265137,4468.0,166.38999938964844,0.014868869094078363
2021-08-16,1786.9000244140625,92.62999725341797,1.2569999694824219,16.1200008392334,4479.7099609375,167.22000122070312,0.006569223434738092
2021-08-17,1785.0,93.12999725341797,1.2580000162124634,17.90999984741211,4448.080078125,166.97000122070312,-0.0010638733336794104
2021-08-18,1781.5999755859375,93.13999938964844,1.2730000019073486,21.56999969482422,4400.27001953125,167.10000610351562,-0.0019065919740288706
2021-08-19,1780.199951171875,93.56999969482422,1.2419999837875366,21.670000076293945,4405.7998046875,166.61000061035156,-0.000786133143328982
2021-08-20,1781.0,93.5,1.2599999904632568,18.559999465942383,4441.669921875,166.6999969482422,0.00044931419327998157
2021-08-23,1803.199951171875,92.95999908447266,1.2549999952316284,17.149999618530273,4479.52978515625,168.72999572753906,0.01238783291725376
2021-08-24,1805.5999755859375,92.88999938964844,1.2899999618530273,17.219999313354492,4486.22998046875,168.64999389648438,0.0013300957751090081
2021-08-25,1788.199951171875,92.83000183105469,1.3420000076293945,16.790000915527344,4496.18994140625,167.47999572753906,-0.009683432986546947
2021-08-26,1792.199951171875,93.05999755859375,1.3420000076293945,18.84000015258789,4470.0,167.6699981689453,0.00223438820984434
2021-08-27,1816.5999755859375,92.69000244140625,1.312000036239624,16.389999389648438,4509.3701171875,170.19000244140625,0.013522720423364554
2021-08-30,1809.0,92.6500015258789,1.284999966621399,16.190000534057617,4528.7900390625,169.35000610351562,-0.004192402233391235
2021-08-31,1815.0,92.62999725341797,1.3040000200271606,16.479999542236328,4522.68017578125,169.69000244140625,0.00331126130365611
2021-09-01,1813.0999755859375,92.44999694824219,1.3020000457763672,16.110000610351562,4524.08984375,169.6999969482422,-0.0010473937325583549
2021-09-02,1808.699951171875,92.2300033569336,1.2940000295639038,16.40999984741211,4536.9501953125,169.25,-0.0024297457991773186
2021-09-03,1830.9000244140625,92.04000091552734,1.3220000267028809,16.40999984741211,4535.43017578125,171.05999755859375,0.01219933438580334
2021-09-07,1795.9000244140625,92.5199966430664,1.3700000047683716,18.139999389648438,4520.02978515625,167.7100067138672,-0.019301359933995066
2021-09-08,1790.699951171875,92.6500015258789,1.3339999914169312,17.959999084472656,4514.06982421875,167.2899932861328,-0.0028997250439291022
2021-09-09,1797.4000244140625,92.4800033569336,1.2990000247955322,18.799999237060547,4493.27978515625,168.02999877929688,0.0037346122321668673
2021-09-10,1789.5999755859375,92.58000183105469,1.340999960899353,20.950000762939453,4458.580078125,167.17999267578125,-0.00434907227353154
2021-09-13,1792.0,92.62000274658203,1.3240000009536743,19.3700008392334,4468.72998046875,167.74000549316406,0.0013401970011459596
2021-09-14,1804.699951171875,92.6500015258789,1.2769999504089355,19.459999084472656,4443.0498046875,168.82000732421875,0.007062031376286804
2021-09-15,1792.4000244140625,92.48999786376953,1.3040000200271606,18.18000030517578,4480.7001953125,167.8300018310547,-0.006838828378295858
2021-09-16,1754.5999755859375,92.86000061035156,1.3309999704360962,18.690000534057617,4473.75,164.02999877929688,-0.021314620752901803
2021-09-17,1749.4000244140625,93.19999694824219,1.3700000047683716,20.809999465942383,4432.990234375,163.77000427246094,-0.0029680108385328197
2021-09-20,1761.800048828125,93.23999786376953,1.309000015258789,25.709999084472656,4357.72998046875,164.94000244140625,0.007063155449170466
2021-09-21,1776.0,93.19999694824219,1.3240000009536743,24.360000610351562,4354.18994140625,166.0399932861328,0.008027603161512964
2021-09-22,1776.699951171875,93.45999908447266,1.3359999656677246,20.8700008392334,4395.64013671875,165.4199981689453,0.00039403900726320273
2021-09-23,1747.699951171875,93.0999984741211,1.409999966621399,18.6299991607666,4448.97998046875,163.50999450683594,-0.016457073725568705
2021-09-24,1749.699951171875,93.33000183105469,1.4600000381469727,17.75,4455.47998046875,163.3000030517578,0.0011437069101942754
2021-09-27,1750.0,93.37999725341797,1.4839999675750732,18.760000228881836,4443.10986328125,163.63999938964844,0.00017147117355520436
2021-09-28,1735.800048828125,93.7699966430664,1.534000039100647,23.25,4352.6298828125,162.0500030517578,-0.008147357577374947
2021-09-29,1721.5,94.33999633789062,1.5410000085830688,22.559999465942383,4359.4599609375,161.32000732421875,-0.008272426561606316
2021-09-30,1755.300048828125,94.25,1.5290000438690186,23.139999389648438,4307.5400390625,164.22000122070312,0.01944380650125943
2021-10-01,1757.0,94.04000091552734,1.4789999723434448,21.100000381469727,4357.0400390625,164.58999633789062,0.0009679989072592932
2021-10-04,1766.199951171875,93.80999755859375,1.4809999465942383,22.959999084472656,4300.4599609375,165.36000061035156,0.005222509201740166
2021-10-05,1759.5999755859375,93.9800033569336,1.5290000438690186,21.299999237060547,4345.72021484375,164.58999633789062,-0.003743821789051971
2021-10-06,1760.5,94.2699966430664,1.5240000486373901,21.0,4363.5498046875,165.02999877929688,0.0005113629953221732
2021-10-07,1757.9000244140625,94.22000122070312,1.5709999799728394,19.540000915527344,4399.759765625,164.16000366210938,-0.001477930901064184
2021-10-08,1756.300048828125,94.06999969482422,1.6050000190734863,18.770000457763672,4391.33984375,164.22999572753906,-0.000910577464654061
2021-10-11,1754.5999755859375,94.31999969482422,1.6139999628067017,20.0,4361.18994140625,163.9199981689453,-0.000968454449424172
2021-10-12,1758.300048828125,94.5199966430664,1.5800000429153442,19.850000381469727,4350.64990234375,164.66000366210938,0.0021065641406039504
2021-10-13,1793.699951171875,94.08000183105469,1.5490000247955322,18.639999389648438,4363.7998046875,167.58999633789062,0.019933037412386057
2021-10-14,1796.699951171875,93.95999908447266,1.5190000534057617,16.860000610351562,4438.259765625,168.0,0.00167112342901099
2021-10-15,1767.199951171875,93.94000244140625,1.5759999752044678,16.299999237060547,4471.3701171875,165.3300018310547,-0.01655527628627862
2021-10-18,1764.800048828125,93.94999694824219,1.5839999914169312,16.309999465942383,4486.4599609375,164.9199981689453,-0.0013589483086544618
2021-10-19,1769.699951171875,93.79000091552734,1.6349999904632568,15.699999809265137,4519.6298828125,165.4499969482422,0.0027726159189187527
2021-10-20,1784.0999755859375,93.55999755859375,1.6360000371932983,15.489999771118164,4536.18994140625,166.89999389648438,0.0081040596104609
2021-10-21,1781.199951171875,93.7699966430664,1.6759999990463257,15.010000228881836,4549.77978515625,166.75,-0.0016268056619157534
2021-10-22,1795.5,93.61000061035156,1.6549999713897705,15.430000305175781,4544.89990234375,167.77000427246094,0.007996267631640741
2021-10-25,1806.0,93.80999755859375,1.6349999904632568,15.239999771118164,4566.47998046875,168.92999267578125,0.005830920310793353
2021-10-26,1792.699951171875,93.94999694824219,1.61899995803833,15.979999542236328,4574.7900390625,167.67999267578125,-0.007391618953336732
2021-10-27,1797.9000244140625,93.86000061035156,1.5290000438690186,16.979999542236328,4551.68017578125,168.1199951171875,0.0028964946878655695
2021-10-28,1801.5999755859375,93.3499984741211,1.5679999589920044,16.530000686645508,4596.419921875,168.0800018310547,0.0020558146825893076
2021-10-29,1783.0,94.12000274658203,1.5570000410079956,16.260000228881836,4605.3798828125,166.64999389648438,-0.010377806530908806
2021-11-01,1795.0999755859375,93.87999725341797,1.5750000476837158,16.40999984741211,4613.669921875,167.52000427246094,0.006763378213492821
2021-11-02,1788.699951171875,94.08999633789062,1.5490000247955322,16.030000686645508,4630.64990234375,167.16000366210938,-0.0035716453755405553
2021-11-03,1763.5999755859375,93.86000061035156,1.5789999961853027,15.100000381469727,4660.56982421875,165.77000427246094,-0.014131911060620617
2021-11-04,1793.0,94.3499984741211,1.5240000486373901,15.4399995803833,4680.06005859375,167.64999389648438,0.016533033964661215
2021-11-05,1816.4000244140625,94.31999969482422,1.4529999494552612,16.479999542236328,4697.52978515625,169.83999633789062,0.012966339059569343
2021-11-08,1827.4000244140625,94.05000305175781,1.496999979019165,17.219999313354492,4701.7001953125,170.4499969482422,0.00603767125981669
2021-11-09,1830.199951171875,93.95999908447266,1.4320000410079956,17.780000686645508,4685.25,171.2899932861328,0.0015310188776389566
2021-11-10,1847.5999755859375,94.8499984741211,1.559999942779541,18.729999542236328,4646.7099609375,173.14999389648438,0.009462262540359312
2021-11-11,1863.199951171875,95.18000030517578,1.559999942779541,17.65999984741211,4649.27001953125,174.1199951171875,0.00840792702102
2021-11-12,1867.9000244140625,95.12999725341797,1.5820000171661377,16.290000915527344,4682.85009765625,174.4499969482422,0.0025194048720464934
2021-11-15,1866.0999755859375,95.41000366210938,1.6230000257492065,16.489999771118164,4682.7998046875,174.17999267578125,-0.0009641397790911554
2021-11-16,1853.5999755859375,95.91999816894531,1.6339999437332153,16.3700008392334,4700.89990234375,172.9199981689453,-0.006720997509486182
2021-11-17,1869.699951171875,95.83000183105469,1.6039999723434448,17.110000610351562,4688.669921875,174.5,0.008648283108735555
2021-11-18,1861.0,95.54000091552734,1.5889999866485596,17.59000015258789,4704.5400390625,173.94000244140625,-0.004663986413491195
2021-11-19,1851.199951171875,96.06999969482422,1.5360000133514404,17.90999984741211,4697.9599609375,172.61000061035156,-0.005279926579310867
2021-11-22,1806.0,96.5,1.625,19.170000076293945,4682.93994140625,168.74000549316406,-0.024719596086009155
2021-11-23,1783.5,96.48999786376953,1.6670000553131104,19.3799991607666,4690.7001953125,167.27999877929688,-0.01253672917798454
2021-11-24,1784.0999755859375,96.83999633789062,1.6449999809265137,18.579999923706055,4701.4599609375,167.1199951171875,0.00033634689746619983
2021-11-26,1785.300048828125,96.08999633789062,1.4819999933242798,28.6200008392334,4594.6201171875,166.85000610351562,0.0006724229725980635
2021-11-29,1782.300048828125,96.33999633789062,1.5299999713897705,22.959999084472656,4655.27001953125,166.6199951171875,-0.0016818032430743202
2021-11-30,1773.5999755859375,95.98999786376953,1.4429999589920044,27.190000534057617,4567.0,165.5,-0.0048933268890927195
2021-12-01,1781.5999755859375,96.05000305175781,1.434000015258789,31.1200008392334,4513.0400390625,166.16000366210938,0.004500457702866889
2021-12-02,1760.699951171875,96.12999725341797,1.4479999542236328,27.950000762939453,4577.10009765625,165.24000549316406,-0.011800393739535231
2021-12-03,1782.0,96.12000274658203,1.343000054359436,30.670000076293945,4538.43017578125,166.6300048828125,0.01202489953057917
2021-12-06,1777.5,96.29000091552734,1.434000015258789,27.18000030517578,4591.669921875,166.22000122070312,-0.002528446353358582
2021-12-07,1782.5999755859375,96.37000274658203,1.4800000190734863,21.889999389648438,4686.75,166.80999755859375,0.002865076323460336
2021-12-08,1783.4000244140625,95.88999938964844,1.5089999437332153,19.899999618530273,4701.2099609375,166.89999389648438,0.00044870938953955886
2021-12-09,1774.5999755859375,96.2699966430664,1.4869999885559082,21.579999923706055,4667.4501953125,165.8800048828125,-0.004946636746660182
2021-12-10,1782.9000244140625,96.05000305175781,1.4889999628067017,18.690000534057617,4712.02001953125,166.5800018310547,0.004666234090445087
2021-12-13,1786.300048828125,96.31999969482422,1.4240000247955322,20.309999465942383,4668.97021484375,167.0,0.001905203055442506
2021-12-14,1770.4000244140625,96.56999969482422,1.437999963760376,21.889999389648438,4634.08984375,165.44000244140625,-0.008940945262644107
2021-12-15,1762.5999755859375,96.51000213623047,1.4630000591278076,19.290000915527344,4709.85009765625,166.14999389648438,-0.004415545712583402
2021-12-16,1796.5999755859375,96.04000091552734,1.4220000505447388,20.56999969482422,4668.669921875,168.16000366210938,0.019105998391674817
2021-12-17,1803.800048828125,96.56999969482422,1.4019999504089355,21.56999969482422,4620.64013671875,167.8000030517578,0.003999601595126023
2021-12-20,1793.699951171875,96.55000305175781,1.4190000295639038,22.8700008392334,4568.02001953125,167.08999633789062,-0.005615079468241468
2021-12-21,1787.9000244140625,96.48999786376953,1.4869999885559082,21.010000228881836,4649.22998046875,167.02000427246094,-0.0032387379200198296
2021-12-22,1801.5999755859375,96.08000183105469,1.4570000171661377,18.6299991607666,4696.56005859375,168.58999633789062,0.007633384981113878
2021-12-23,1811.199951171875,96.0199966430664,1.4930000305175781,17.959999084472656,4725.7900390625,168.97000122070312,0.005314436655822874
2021-12-27,1808.0999755859375,96.08999633789062,1.4809999465942383,17.68000030517578,4791.18994140625,169.3699951171875,-0.0017130253953698826
2021-12-28,1810.199951171875,96.19999694824219,1.4809999465942383,17.540000915527344,4786.35009765625,168.63999938964844,0.00116075276468397
2021-12-29,1805.0999755859375,95.93000030517578,1.5429999828338623,16.950000762939453,4793.06005859375,168.58999633789062,-0.0028213310498177435
2021-12-30,1812.699951171875,95.97000122070312,1.5149999856948853,17.329999923706055,4778.72998046875,169.8000030517578,0.004201441162821951
2021-12-31,1827.5,95.66999816894531,1.5119999647140503,17.219999313354492,4766.18017578125,170.9600067138672,0.008131493091743103
2022-01-03,1799.4000244140625,96.23999786376953,1.628000020980835,16.600000381469727,4796.56005859375,168.3300018310547,-0.015495623073023879
2022-01-04,1814.0,96.29000091552734,1.6679999828338623,16.90999984741211,4793.5400390625,169.57000732421875,0.008081062124172256
2022-01-05,1824.5999755859375,96.19000244140625,1.7050000429153442,19.729999542236328,4700.580078125,169.05999755859375,0.00582641985579091
2022-01-06,1788.699951171875,96.25,1.7330000400543213,19.610000610351562,4696.0498046875,166.99000549316406,-0.0198716998297801
2022-01-07,1797.0,95.73999786376953,1.7710000276565552,18.760000228881836,4677.02978515625,167.75,0.004629536082466856
2022-01-10,1798.4000244140625,95.98999786376953,1.7799999713897705,19.399999618530273,4670.2900390625,168.25999450683594,0.0007787864912476294
2022-01-11,1818.5999755859375,95.62000274658203,1.746000051498413,18.40999984741211,4713.06982421875,170.2899932861328,0.01116956659235857
2022-01-12,1827.199951171875,95.0,1.725000023841858,17.6200008392334,4726.35009765625,170.74000549316406,0.00471775287160181
2022-01-13,1821.199951171875,94.79000091552734,1.7109999656677246,20.309999465942383,4659.02978515625,170.16000366210938,-0.0032891160891033167
2022-01-14,1816.5,95.16999816894531,1.7719999551773071,19.190000534057617,4662.85009765625,169.6699981689453,-0.002584024988407485
2022-01-18,1812.300048828125,95.7300033569336,1.8650000095367432,22.790000915527344,4577.10986328125,169.38999938964844,-0.002314788905823484
2022-01-19,1843.0999755859375,95.51000213623047,1.8270000219345093,23.850000381469727,4532.759765625,172.0800018310547,0.01685213955594911
2022-01-20,1842.5,95.73999786376953,1.8329999446868896,25.59000015258789,4482.72998046875,171.64999389648438,-0.00032557824789059
2022-01-21,1831.800048828125,95.63999938964844,1.746999979019165,28.850000381469727,4397.93994140625,171.08999633789062,-0.005824228438788381
2022-01-24,1841.699951171875,95.91999816894531,1.7350000143051147,29.899999618530273,4410.1298828125,172.02999877929688,0.005389914964327502
2022-01-25,1852.699951171875,95.94999694824219,1.7829999923706055,31.15999984741211,4356.4501953125,172.5800018310547,0.005954976611818985
2022-01-26,1829.9000244140625,96.48999786376953,1.8480000495910645,31.959999084472656,4349.93017578125,169.7899932861328,-0.012382674325461807
2022-01-27,1793.300048828125,97.26000213623047,1.8070000410079956,30.489999771118164,4326.509765625,167.60000610351562,-0.020203808692924596
2022-01-28,1784.9000244140625,97.2699966430664,1.781999945640564,27.65999984741211,4431.85009765625,167.10000610351562,-0.004695120268888964
2022-01-31,1795.0,96.54000091552734,1.781999945640564,24.829999923706055,4515.5498046875,168.08999633789062,0.005642617008804862
2022-02-01,1800.300048828125,96.38999938964844,1.7999999523162842,21.959999084472656,4546.5400390625,168.22999572753906,0.0029483228634132885
2022-02-02,1809.199951171875,95.94000244140625,1.7660000324249268,22.09000015258789,4589.3798828125,168.83999633789062,0.004931386829102102
2022-02-03,1803.0,95.37999725341797,1.8270000219345093,24.350000381469727,4477.43994140625,168.60000610351562,-0.003432787411576932
2022-02-04,1806.5999755859375,95.4800033569336,1.9299999475479126,23.219999313354492,4500.52978515625,168.86000061035156,0.001994667998608257
2022-02-07,1820.5999755859375,95.4000015258789,1.9160000085830688,22.860000610351562,4483.8701171875,170.11000061035156,0.007719491459363681
2022-02-08,1826.5999755859375,95.63999938964844,1.9539999961853027,21.440000534057617,4521.5400390625,170.6300048828125,0.0032901982304380795
2022-02-09,1835.199951171875,95.48999786376953,1.9290000200271606,19.959999084472656,4587.18017578125,171.2100067138672,0.004697138876945672
2022-02-10,1836.199951171875,95.55000305175781,2.0309998989105225,23.90999984741211,4504.080078125,170.55999755859375,0.0005447513489835742
2022-02-11,1840.800048828125,96.08000183105469,1.9550000429153442,27.360000610351562,4418.64013671875,173.80999755859375,0.0025020941289906062
2022-02-14,1868.0,96.37000274658203,1.996000051498413,28.329999923706055,4401.669921875,174.74000549316406,0.014668053542140846
2022-02-15,1854.800048828125,95.98999786376953,2.0450000762939453,25.700000762939453,4471.06982421875,173.0800018310547,-0.007091439946204758
2022-02-16,1870.199951171875,95.69999694824219,2.046999931335449,24.290000915527344,4475.009765625,174.86000061035156,0.008268451050257752
2022-02-17,1900.699951171875,95.80000305175781,1.972000002861023,28.110000610351562,4380.259765625,177.25,0.01617686277440189
2022-02-18,1898.5999755859375,96.04000091552734,1.9320000410079956,27.75,4348.8701171875,177.1199951171875,-0.0011054540785266909
2022-02-22,1906.0999755859375,96.02999877929688,1.9479999542236328,28.809999465942383,4304.759765625,177.49000549316406,0.003942497337925843
2022-02-23,1909.199951171875,96.19000244140625,1.9769999980926514,31.020000457763672,4225.5,178.2899932861328,0.001625023629923561
2022-02-24,1925.0999755859375,97.13999938964844,1.968999981880188,30.31999969482422,4288.7001953125,177.13999938964844,0.008293621186042266
2022-02-25,1886.5,96.62000274658203,1.9859999418258667,27.59000015258789,4384.64990234375,176.5500030517578,-0.020254641338243395
2022-02-28,1899.4000244140625,96.70999908447266,1.8389999866485596,30.149999618530273,4373.93994140625,178.3800048828125,0.00681479925805295
2022-03-01,1942.4000244140625,97.41000366210938,1.7070000171661377,33.31999969482422,4306.259765625,181.6199951171875,0.022386274771780457
2022-03-02,1920.9000244140625,97.38999938964844,1.8650000095367432,30.739999771118164,4386.5400390625,179.72999572753906,-0.011130495531632256
2022-03-03,1934.4000244140625,97.79000091552734,1.843999981880188,30.479999542236328,4363.490234375,180.8000030517578,0.007003374578962607
2022-03-04,1965.0999755859375,98.6500015258789,1.7239999771118164,31.979999542236328,4328.8701171875,183.67999267578125,0.015745908688366228
2022-03-07,1993.9000244140625,99.29000091552734,1.7510000467300415,36.45000076293945,4201.08984375,186.41000366210938,0.01454940988733533
2022-03-08,2040.0999755859375,99.05999755859375,1.871999979019165,35.130001068115234,4170.7001953125,191.50999450683594,0.022906282220362506
2022-03-09,1985.9000244140625,97.97000122070312,1.9479999542236328,32.45000076293945,4277.8798828125,185.82000732421875,-0.02692659011377163
2022-03-10,1998.0999755859375,98.51000213623047,2.010999917984009,30.229999542236328,4259.52001953125,186.39999389648438,0.00612449262362702
2022-03-11,1982.699951171875,99.12000274658203,2.003999948501587,30.75,4204.31005859375,185.08999633789062,-0.007737189270017986
2022-03-14,1959.5999755859375,99.05999755859375,2.140000104904175,31.770000457763672,4173.10986328125,182.3000030517578,-0.011719169211707126
2022-03-15,1928.5,99.06999969482422,2.1600000858306885,29.829999923706055,4262.4501953125,178.88999938964844,-0.01599785965743994
2022-03-16,1908.0,98.37999725341797,2.187999963760376,26.670000076293945,4357.85986328125,180.00999450683594,-0.01068692564005147
2022-03-17,1942.0999755859375,98.01000213623047,2.191999912261963,25.670000076293945,4411.669921875,180.88999938964844,0.01771427625221378
2022-03-18,1928.199951171875,98.2300033569336,2.1480000019073486,23.8700008392334,4463.1201171875,179.3000030517578,-0.007182949353329526
2022-03-21,1928.5999755859375,98.5,2.315000057220459,23.530000686645508,4461.18017578125,180.6699981689453,0.00020743851021265414
2022-03-22,1920.699951171875,98.48999786376953,2.372999906539917,22.940000534057617,4511.60986328125,179.36000061035156,-0.004104660928568649
2022-03-23,1936.5999755859375,98.62000274658203,2.321000099182129,23.56999969482422,4456.240234375,181.80999755859375,0.00824416808200823
2022-03-24,1961.5999755859375,98.79000091552734,2.3410000801086426,21.670000076293945,4520.16015625,183.1300048828125,0.012826608725130306
2022-03-25,1953.800048828125,98.80999755859375,2.492000102996826,20.809999465942383,4543.06005859375,182.3800048828125,-0.003984235085693122
2022-03-28,1939.5999755859375,99.08999633789062,2.4769999980926514,19.6299991607666,4575.52001953125,179.05999755859375,-0.007294465566171304
2022-03-29,1912.0,98.4000015258789,2.4000000953674316,18.899999618530273,4631.60009765625,179.13999938964844,-0.01433193903268748
2022-03-30,1933.5,97.79000091552734,2.3580000400543213,19.329999923706055,4602.4501953125,180.5800018310547,0.011182017436005331
2022-03-31,1949.199951171875,98.30999755859375,2.3269999027252197,20.559999465942383,4530.41015625,180.64999389648438,0.00808717487165822
2022-04-01,1919.0999755859375,98.62999725341797,2.377000093460083,19.6299991607666,4545.85986328125,179.5,-0.015562693516429249
2022-04-04,1929.199951171875,98.98999786376953,2.4119999408721924,18.56999969482422,4582.64013671875,180.3699951171875,0.005249070482197915
2022-04-05,1922.9000244140625,99.47000122070312,2.555999994277954,21.030000686645508,4525.1201171875,179.24000549316406,-0.0032709080317570027
2022-04-06,1918.4000244140625,99.5999984741211,2.6089999675750732,22.100000381469727,4481.14990234375,179.66000366210938,-0.00234295785350902
2022-04-07,1933.800048828125,99.75,2.6519999504089355,21.549999237060547,4500.2099609375,180.33999633789062,0.007995486299765986
2022-04-08,1941.5999755859375,99.80000305175781,2.7130000591278076,21.15999984741211,4488.27978515625,181.47000122070312,0.004025358538915391
2022-04-11,1944.300048828125,99.93000030517578,2.7799999713897705,24.3700008392334,4412.52978515625,182.3699951171875,0.001389677377058085
2022-04-12,1972.0999755859375,100.29000091552734,2.7249999046325684,24.260000228881836,4397.4501953125,183.77000427246094,0.014196912221042801
2022-04-13,1981.0,99.87999725341797,2.687000036239624,21.81999969482422,4446.58984375,184.64999389648438,0.004502815262256377
2022-04-14,1970.9000244140625,100.31999969482422,2.828000068664551,22.700000762939453,4392.58984375,184.0399932861328,-0.005111464112836472
2022-04-18,1982.9000244140625,100.77999877929688,2.861999988555908,22.170000076293945,4391.68994140625,184.61000061035156,0.00607012833134668
2022-04-19,1955.699951171875,100.95999908447266,2.9130001068115234,21.3700008392334,4462.2099609375,181.82000732421875,-0.0138122712855413
2022-04-20,1952.300048828125,100.38999938964844,2.8399999141693115,20.31999969482422,4459.4501953125,182.7100067138672,-0.0017399709321992418
2022-04-21,1944.9000244140625,100.58000183105469,2.9170000553131104,22.68000030517578,4393.66015625,182.05999755859375,-0.0037976152973984156
2022-04-22,1931.0,101.22000122070312,2.9059998989105225,28.209999084472656,4271.77978515625,180.2899932861328,-0.0071725709734078436
2022-04-25,1893.199951171875,101.75,2.8259999752044678,27.020000457763672,4296.1201171875,177.0500030517578,-0.01976951018774109
2022-04-26,1901.4000244140625,102.30000305175781,2.7720000743865967,33.52000045776367,4175.2001953125,177.32000732421875,0.004321976524201965
2022-04-27,1885.9000244140625,102.94999694824219,2.818000078201294,31.600000381469727,4183.9599609375,175.97999572753906,-0.00818529630107978
2022-04-28,1888.699951171875,103.62000274658203,2.86299991607666,29.989999771118164,4287.5,176.92999267578125,0.0014835623851352508
2022-04-29,1909.300048828125,102.95999908447266,2.88700008392334,33.400001525878906,4131.93017578125,176.91000366210938,0.010847972444223863
2022-05-02,1861.800048828125,103.73999786376953,2.996000051498413,32.34000015258789,4155.3798828125,173.6300048828125,-0.025192920384565554
2022-05-03,1868.800048828125,103.47000122070312,2.9600000381469727,29.25,4175.47998046875,174.08999633789062,0.0037527518532813886
2022-05-04,1867.0,102.58999633789062,2.9170000553131104,25.420000076293945,4300.169921875,175.8000030517578,-0.0009636752202482057
2022-05-05,1874.0,103.75,3.065999984741211,31.200000762939453,4146.8701171875,175.1300048828125,0.0037423192566450325
2022-05-06,1881.199951171875,103.66000366210938,3.122999906539917,30.190000534057617,4123.33984375,175.4199981689453,0.0038346613166861943
2022-05-09,1857.0999755859375,103.6500015258789,3.0789999961853027,34.75,3991.239990234375,172.8800048828125,-0.012893727062383675
2022-05-10,1839.9000244140625,103.91999816894531,2.993000030517578,32.9900016784668,4001.050048828125,171.4199981689453,-0.009304882483388788
2022-05-11,1852.5999755859375,103.8499984741211,2.9210000038146973,32.560001373291016,3935.179931640625,172.82000732421875,0.0068788090723765904
2022-05-12,1823.800048828125,104.8499984741211,2.816999912261963,31.770000457763672,3930.080078125,170.1699981689453,-0.015667781369351985
2022-05-13,1807.4000244140625,104.55999755859375,2.934999942779541,28.8700008392334,4023.889892578125,168.7899932861328,-0.009032901296614604
2022-05-16,1813.5,104.19000244140625,2.877000093460083,27.469999313354492,4008.010009765625,170.39999389648438,0.0033693177472660096
2022-05-17,1818.199951171875,103.36000061035156,2.9679999351501465,26.100000381469727,4088.85009765625,169.3300018310547,0.0025882941096000422
2022-05-18,1815.9000244140625,103.80999755859375,2.885999917984009,30.959999084472656,3923.679931640625,169.4199981689453,-0.0012657478221989038
2022-05-19,1841.199951171875,102.72000122070312,2.8550000190734863,29.350000381469727,3900.7900390625,171.91000366210938,0.013836280412999002
2022-05-20,1841.800048828125,103.1500015258789,2.7869999408721924,29.43000030517578,3901.360107421875,172.02999877929688,0.00032587437499831395
2022-05-23,1847.800048828125,102.08000183105469,2.8589999675750732,28.479999542236328,3973.75,172.8300018310547,0.0032523878632941816
2022-05-24,1865.0999755859375,101.86000061035156,2.759999990463257,29.450000762939453,3941.47998046875,174.1300048828125,0.009318889191803237
2022-05-25,1846.199951171875,102.05999755859375,2.749000072479248,28.3700008392334,3978.72998046875,173.0800018310547,-0.010185211745309175
2022-05-26,1847.4000244140625,101.83000183105469,2.75600004196167,27.5,4057.840087890625,172.75999450683594,0.0006498122657294658
2022-05-27,1851.300048828125,101.66999816894531,2.743000030517578,25.719999313354492,4158.240234375,172.85000610351562,0.002108862996304417
2022-05-31,1842.699951171875,101.75,2.8440001010894775,26.190000534057617,4132.14990234375,171.13999938964844,-0.00465626052750423
2022-06-01,1843.300048828125,102.55000305175781,2.930999994277954,25.690000534057617,4101.22998046875,172.22999572753906,0.0003256091489705071
2022-06-02,1866.5,101.7699966430664,2.9130001068115234,24.719999313354492,4176.81982421875,174.35000610351562,0.012507549362994475
2022-06-03,1845.4000244140625,102.13999938964844,2.9570000171661377,24.790000915527344,4108.5400390625,172.5800018310547,-0.011368949980496978
2022-06-06,1839.199951171875,102.44000244140625,3.0380001068115234,25.06999969482422,4121.43017578125,171.82000732421875,-0.0033654014737374283
2022-06-07,1847.5,102.31999969482422,2.9719998836517334,24.020000457763672,4160.68017578125,172.94000244140625,0.0045027059219524546
2022-06-08,1851.9000244140625,102.54000091552734,3.0290000438690186,23.959999084472656,4115.77001953125,172.77999877929688,0.0023787784288540337
2022-06-09,1848.800048828125,103.22000122070312,3.0439999103546143,26.09000015258789,4017.820068359375,172.22999572753906,-0.0016753458803275834
2022-06-10,1871.5,104.1500015258789,3.1559998989105225,27.75,3900.860107421875,174.5399932861328,0.012203441973600349
2022-06-13,1828.0,105.08000183105469,3.365999937057495,34.02000045776367,3749.6298828125,169.92999267578125,-0.023517775330388346
2022-06-14,1809.5,105.5199966430664,3.4830000400543213,32.689998626708984,3735.47998046875,168.57000732421875,-0.010171909010297853
2022-06-15,1815.300048828125,105.16000366210938,3.3949999809265137,29.6200008392334,3789.989990234375,170.77000427246094,0.003200206190689947
2022-06-16,1845.699951171875,103.62999725341797,3.306999921798706,32.95000076293945,3666.77001953125,172.69000244140625,0.01660781266368705
2022-06-17,1835.5999755859375,104.69999694824219,3.239000082015991,31.1299991607666,3674.840087890625,171.27000427246094,-0.005487192637812832
2022-06-21,1834.5999755859375,104.44000244140625,3.306999921798706,30.190000534057617,3764.7900390625,170.6300048828125,-0.0005449294523733883
2022-06-22,1834.300048828125,104.19999694824219,3.1559998989105225,28.950000762939453,3759.889892578125,171.30999755859375,-0.0001634968281960525
2022-06-23,1825.699951171875,104.43000030517578,3.068000078201294,29.049999237060547,3795.72998046875,170.25999450683594,-0.004699515565206092
2022-06-24,1826.5,104.19000244140625,3.125,27.229999542236328,3911.739990234375,170.08999633789062,0.00043811886075140194
2022-06-27,1820.9000244140625,103.94000244140625,3.194000005722046,26.950000762939453,3900.110107421875,169.89999389648438,-0.0030706694898494646
2022-06-28,1817.5,104.51000213623047,3.2060000896453857,28.360000610351562,3821.550048828125,169.6199951171875,-0.0018689673378133875
2022-06-29,1813.699951171875,105.11000061035156,3.0929999351501465,28.15999984741211,3818.830078125,169.49000549316406,-0.0020929997061278627
2022-06-30,1804.0999755859375,104.69000244140625,2.9719998836517334,28.709999084472656,3785.3798828125,168.4600067138672,-0.005307091775333284
2022-07-01,1798.9000244140625,105.13999938964844,2.8889999389648438,26.700000762939453,3825.330078125,168.32000732421875,-0.0028864583859107285
2022-07-05,1761.800048828125,106.5,2.809000015258789,27.540000915527344,3831.389892578125,164.75,-0.02083933914969993
2022-07-06,1734.9000244140625,107.0999984741211,2.9130001068115234,26.729999542236328,3845.080078125,162.13999938964844,-0.015386252486003116
2022-07-07,1737.9000244140625,107.12999725341797,3.007999897003174,26.079999923706055,3902.6201171875,162.22999572753906,0.001727712914113333
2022-07-08,1740.5999755859375,107.01000213623047,3.1010000705718994,24.639999389648438,3899.3798828125,162.3000030517578,0.001552365510466558
2022-07-11,1730.0,108.0199966430664,2.990999937057495,26.170000076293945,3854.429931640625,161.42999267578125,-0.006108458837355002
2022-07-12,1723.300048828125,108.06999969482422,2.9579999446868896,27.290000915527344,3818.800048828125,160.8300018310547,-0.003880322870210229
2022-07-13,1734.199951171875,107.95999908447266,2.9040000438690186,26.81999969482422,3801.780029296875,161.60000610351562,0.006305098165451106
2022-07-14,1704.5,108.54000091552734,2.9600000381469727,26.399999618530273,3790.3798828125,159.3300018310547,-0.017274371209107464
2022-07-15,1702.4000244140625,108.05999755859375,2.930000066757202,24.229999542236328,3863.159912109375,159.00999450683594,-0.0012327780896654872
2022-07-18,1709.199951171875,107.37000274658203,2.9600000381469727,25.299999237060547,3830.85009765625,159.16000366210938,0.003986361713753439
2022-07-19,1710.0,106.68000030517578,3.0190000534057617,24.5,3936.68994140625,159.5399932861328,0.00046797429465961216
2022-07-20,1699.5,107.08000183105469,3.0360000133514404,23.8799991607666,3959.89990234375,158.0399932861328,-0.006159280360534147
2022-07-21,1712.699951171875,106.91000366210938,2.9100000858306885,23.110000610351562,3998.949951171875,160.27000427246094,0.007736953992707463
2022-07-22,1727.0999755859375,106.7300033569336,2.7829999923706055,23.030000686645508,3961.6298828125,160.6699981689453,0.00837264308512431
2022-07-25,1719.0,106.4800033569336,2.819999933242798,23.360000610351562,3966.840087890625,160.22999572753906,-0.0047009608311539
2022-07-26,1717.699951171875,107.19000244140625,2.7869999408721924,24.690000534057617,3921.050048828125,160.0399932861328,-0.0007565681663264101
2022-07-27,1719.0999755859375,106.44999694824219,2.7339999675750732,23.239999771118164,4023.610107421875,161.6699981689453,0.0008147256292714289
2022-07-28,1750.300048828125,106.3499984741211,2.680999994277954,22.329999923706055,4072.429931640625,163.63999938964844,0.01798634584799874
2022-07-29,1762.9000244140625,105.9000015258789,2.6419999599456787,21.329999923706055,4130.2900390625,164.10000610351562,0.007172964446712449
2022-08-01,1769.0,105.44999694824219,2.6059999465942383,22.84000015258789,4118.6298828125,165.02999877929688,0.003454221019279835
2022-08-02,1771.0999755859375,106.23999786376953,2.740999937057495,23.93000030517578,4091.18994140625,164.0500030517578,0.0011863935181128937
2022-08-03,1758.0,106.51000213623047,2.747999906539917,21.950000762939453,4155.169921875,164.4499969482422,-0.007424009432775769
2022-08-04,1788.5,105.69000244140625,2.6760001182556152,21.440000534057617,4151.93994140625,167.1699981689453,0.017200480453950284
2022-08-05,1772.9000244140625,106.62000274658203,2.8399999141693115,21.149999618530273,4145.18994140625,165.2899932861328,-0.008760642024044252
2022-08-08,1786.800048828125,106.44000244140625,2.765000104904175,21.290000915527344,4140.06005859375,166.69000244140625,0.007809700130070318
2022-08-09,1794.0,106.37000274658203,2.796999931335449,21.770000457763672,4122.47021484375,167.1999969482422,0.004021425813642843
2022-08-10,1795.5999755859375,105.19999694824219,2.7860000133514404,19.739999771118164,4210.240234375,166.77999877929688,0.0008914506924311283
2022-08-11,1789.699951171875,105.08999633789062,2.888000011444092,20.200000762939453,4207.27001953125,166.33999633789062,-0.0032912335706649642
2022-08-12,1798.5999755859375,105.62999725341797,2.8489999771118164,19.530000686645508,4280.14990234375,167.8699951171875,0.004960590165981493
2022-08-15,1781.4000244140625,106.55000305175781,2.7909998893737793,19.950000762939453,4297.14013671875,165.7100067138672,-0.009608985203733766
2022-08-16,1773.199951171875,106.5,2.8239998817443848,19.690000534057617,4305.2001953125,165.4199981689453,-0.004613789368584698
2022-08-17,1760.300048828125,106.56999969482422,2.8929998874664307,19.899999618530273,4274.0400390625,164.35000610351562,-0.0073015195437200475
2022-08-18,1755.300048828125,107.4800033569336,2.880000114440918,19.559999465942383,4283.740234375,163.9199981689453,-0.0028444665106128753
2022-08-19,1747.5999755859375,108.16999816894531,2.989000082015991,20.600000381469727,4228.47998046875,162.72000122070312,-0.00439640617260828
2022-08-22,1734.0,109.05000305175781,3.0369999408721924,23.799999237060547,4137.990234375,161.63999938964844,-0.007812525766742517
2022-08-23,1746.800048828125,108.62000274658203,3.053999900817871,24.110000610351562,4128.72998046875,162.77000427246094,0.007354692223818127
2022-08-24,1747.800048828125,108.68000030517578,3.1059999465942383,22.81999969482422,4140.77001953125,163.25,0.0005723115660449807
2022-08-25,1757.699951171875,108.47000122070312,3.0260000228881836,21.780000686645508,4199.1201171875,163.75,0.005648226308946569
2022-08-26,1736.0999755859375,108.80000305175781,3.0350000858306885,25.559999465942383,4057.659912109375,161.75999450683594,-0.01236490425398351
2022-08-29,1736.5999755859375,108.83999633789062,3.109999895095825,26.209999084472656,4030.610107421875,161.86000061035156,0.000287960382690855
2022-08-30,1723.199951171875,108.7699966430664,3.109999895095825,26.209999084472656,3986.159912109375,160.50999450683594,-0.007746165501607116
2022-08-31,1712.800048828125,108.69999694824219,3.132999897003174,25.8700008392334,3955.0,159.27000427246094,-0.0060535122831444355
2022-09-01,1696.5999755859375,109.69000244140625,3.265000104904175,25.559999465942383,3966.85009765625,157.8699951171875,-0.009503252799611062
2022-09-02,1709.800048828125,109.52999877929688,3.193000078201294,25.469999313354492,3924.260009765625,159.25999450683594,0.007750199166291161
2022-09-06,1700.4000244140625,110.20999908447266,3.3399999141693115,26.90999984741211,3908.18994140625,158.3300018310547,-0.0055129013074628475
2022-09-07,1715.300048828125,109.83999633789062,3.265000104904175,24.639999389648438,3979.8701171875,159.94000244140625,0.008724489039539485
2022-09-08,1708.0,109.70999908447266,3.2920000553131104,23.610000610351562,4006.179931640625,158.97999572753906,-0.004264925533493447
2022-09-09,1716.199951171875,109.0,3.321000099182129,22.790000915527344,4067.360107421875,159.82000732421875,0.004789420573202641
2022-09-12,1728.0999755859375,108.33000183105469,3.361999988555908,23.8700008392334,4110.41015625,160.6300048828125,0.006910009010536733
2022-09-13,1705.0,109.81999969482422,3.421999931335449,27.270000457763672,3932.68994140625,158.5399932861328,-0.01345741421463753
2022-09-14,1696.5,109.66000366210938,3.4119999408721924,26.15999984741211,3946.010009765625,157.92999267578125,-0.004997805493332841
2022-09-15,1665.4000244140625,109.73999786376953,3.4590001106262207,26.270000457763672,3901.35009765625,154.97999572753906,-0.018501955762986633
2022-09-16,1671.699951171875,109.76000213623047,3.447999954223633,26.299999237060547,3873.330078125,155.83999633789062,0.0037756940386222126
2022-09-19,1666.199951171875,109.73999786376953,3.490000009536743,25.760000228881836,3899.889892578125,155.9600067138672,-0.0032954882641922367
2022-09-20,1659.699951171875,110.22000122070312,3.571000099182129,27.15999984741211,3855.929931640625,155.07000732421875,-0.00390872152890509
2022-09-21,1664.5999755859375,110.63999938964844,3.509999990463257,27.989999771118164,3789.929931640625,155.7899932861328,0.0029480059385473822
2022-09-22,1670.800048828125,111.3499984741211,3.7079999446868896,27.350000381469727,3757.989990234375,155.6999969482422,0.003717743202048318
2022-09-23,1645.300048828125,113.19000244140625,3.697000026702881,29.920000076293945,3693.22998046875,153.00999450683594,-0.015379814777475964
2022-09-26,1623.300048828125,114.0999984741211,3.878000020980835,32.2599983215332,3655.0400390625,151.22999572753906,-0.013461623673599377
2022-09-27,1626.699951171875,114.11000061035156,3.9639999866485596,32.599998474121094,3647.2900390625,151.5399932861328,0.0020922483593892593
2022-09-28,1660.4000244140625,112.5999984741211,3.7049999237060547,30.18000030517578,3719.0400390625,154.69000244140625,0.02050515912687434
2022-09-29,1658.5,112.25,3.746999979019165,31.84000015258789,3640.469970703125,154.66000366210938,-0.0011449724954992746
2022-09-30,1662.4000244140625,112.12000274658203,3.803999900817871,31.6200008392334,3585.6201171875,154.6699981689453,0.0023487766438892166
2022-10-03,1692.9000244140625,111.75,3.6510000228881836,30.100000381469727,3678.429931640625,158.42999267578125,0.018180693033650996
2022-10-04,1721.0999755859375,110.06999969482422,3.617000102996826,29.06999969482422,3790.929931640625,160.6999969482422,0.016520558026137167
2022-10-05,1711.4000244140625,111.06999969482422,3.759000062942505,28.549999237060547,3783.280029296875,159.80999755859375,-0.0056518438412807015
2022-10-06,1711.699951171875,112.26000213623047,3.8259999752044678,30.520000457763672,3744.52001953125,159.6300048828125,0.00017523692601439933
2022-10-07,1700.5,112.80000305175781,3.882999897003174,31.360000610351562,3639.659912109375,157.8800048828125,-0.006564674728268827
2022-10-10,1667.300048828125,113.13999938964844,3.888000011444092,32.45000076293945,3612.389892578125,155.47999572753906,-0.01971674459509032
2022-10-11,1678.699951171875,113.22000122070312,3.938999891281128,33.630001068115234,3588.840087890625,155.16000366210938,0.006814074389340341
2022-10-12,1670.300048828125,113.31999969482422,3.9019999504089355,33.56999969482422,3577.030029296875,155.99000549316406,-0.005016375012451668
2022-10-13,1670.0,112.36000061035156,3.9519999027252197,31.940000534057617,3669.909912109375,154.91000366210938,-0.00017965381824769366
2022-10-14,1641.699951171875,113.30999755859375,4.010000228881836,32.02000045776367,3583.070068359375,152.97999572753906,-0.017091365852745177
2022-10-17,1657.0,112.04000091552734,4.014999866485596,31.3700008392334,3677.949951171875,153.4199981689453,0.009276477868507271
2022-10-18,1649.0,112.12999725341797,3.997999906539917,30.5,3719.97998046875,153.75,-0.004839694866963562
2022-10-19,1627.5,112.9800033569336,4.126999855041504,30.760000228881836,3695.159912109375,151.69000244140625,-0.013123948476875036
2022-10-20,1630.800048828125,112.87999725341797,4.22599983215332,29.979999542236328,3665.780029296875,151.4499969482422,0.0020256268035838687
2022-10-21,1651.0,112.01000213623047,4.2129998207092285,29.690000534057617,3752.75,154.14999389648438,0.012310443033820562
2022-10-24,1648.699951171875,111.98999786376953,4.234000205993652,29.850000381469727,3797.340087890625,153.64999389648438,-0.001394095969132536
2022-10-25,1652.800048828125,110.94999694824219,4.107999801635742,28.459999084472656,3859.110107421875,154.0,0.002483779957048071
2022-10-26,1664.0,109.69999694824219,4.014999866485596,27.280000686645508,3830.60009765625,154.97999572753906,0.0067534934731101615
2022-10-27,1660.699951171875,110.58999633789062,3.937000036239624,27.389999389648438,3807.300048828125,154.74000549316406,-0.0019851715705820894
2022-10-28,1639.5999755859375,110.66999816894531,4.010000228881836,25.75,3901.06005859375,153.16000366210938,-0.01278687607064466
2022-10-31,1635.9000244140625,111.52999877929688,4.077000141143799,25.8799991607666,3871.97998046875,151.91000366210938,-0.002259168215868357
2022-11-01,1645.0,111.4800033569336,4.052000045776367,25.809999465942383,3856.10009765625,153.4600067138672,0.0055472576754134195
2022-11-02,1645.699951171875,111.3499984741211,4.059000015258789,25.860000610351562,3759.68994140625,152.38999938964844,0.00042541173173926694
2022-11-03,1627.300048828125,112.93000030517578,4.124000072479248,25.299999237060547,3719.889892578125,151.80999755859375,-0.011243566259036442
2022-11-04,1672.5,110.87999725341797,4.156000137329102,24.549999237060547,3770.550048828125,156.47000122070312,0.027397283330208744
2022-11-07,1676.5,110.12000274658203,4.214000225067139,24.350000381469727,3806.800048828125,155.85000610351562,0.002388773903899022
2022-11-08,1712.0999755859375,109.62000274658203,4.125999927520752,25.540000915527344,3828.110107421875,159.4499969482422,0.02101238604477107
2022-11-09,1710.0999755859375,110.55000305175781,4.151000022888184,26.09000015258789,3748.570068359375,158.64999389648438,-0.0011688389084403283
2022-11-10,1750.300048828125,108.20999908447266,3.8289999961853027,23.530000686645508,3956.3701171875,163.47999572753906,0.023235395651179047
2022-11-11,1766.0,106.29000091552734,3.812999963760376,22.520000457763672,3992.929931640625,164.55999755859375,0.008929872470112343
2022-11-14,1773.5999755859375,106.66000366210938,3.865000009536743,23.729999542236328,3957.25,164.9199981689453,0.004294263372938367
2022-11-15,1773.800048828125,106.4000015258789,3.7990000247955322,24.540000915527344,3991.72998046875,165.5,0.00011279993292134805
2022-11-16,1773.0,106.27999877929688,3.691999912261963,24.110000610351562,3958.7900390625,165.1199951171875,-0.0004511383955572157
2022-11-17,1760.800048828125,106.69000244140625,3.7750000953674316,23.93000030517578,3946.56005859375,163.9199981689453,-0.00690474813130848
2022-11-18,1751.9000244140625,106.93000030517578,3.818000078201294,23.1200008392334,3965.340087890625,162.7899932861328,-0.005067351765360328
2022-11-21,1737.4000244140625,107.83999633789062,3.825000047683716,22.360000610351562,3949.93994140625,161.8800048828125,-0.008311170299650783
2022-11-22,1738.300048828125,107.22000122070312,3.757999897003174,21.290000915527344,4003.580078125,162.07000732421875,0.000517895339190666
2022-11-23,1744.9000244140625,106.08000183105469,3.7060000896453857,20.350000381469727,4027.260009765625,163.0800018310547,0.0037896091787743558
2022-11-25,1753.300048828125,105.95999908447266,3.690999984741211,20.5,4026.1201171875,163.22000122070312,0.004802492929498747
2022-11-28,1740.0999755859375,106.68000030517578,3.703000068664551,22.209999084472656,3963.93994140625,161.92999267578125,-0.007557185534083466
2022-11-29,1748.4000244140625,106.81999969482422,3.747999906539917,21.889999389648438,3957.6298828125,162.72999572753906,0.00475852916155084
2022-11-30,1746.0,105.94999694824219,3.703000068664551,20.579999923706055,4080.110107421875,164.80999755859375,-0.0013736405532718265
2022-12-01,1801.0999755859375,104.7300033569336,3.5290000438690186,19.84000015258789,4076.570068359375,167.83999633789062,0.031070118388379697
2022-12-02,1795.9000244140625,104.55000305175781,3.50600004196167,19.059999465942383,4071.699951171875,167.25999450683594,-0.0028912731689034743
2022-12-05,1767.4000244140625,105.29000091552734,3.5989999771118164,20.75,3998.840087890625,164.38999938964844,-0.015996748721573084
2022-12-06,1769.300048828125,105.58000183105469,3.513000011444092,22.170000076293945,3941.260009765625,164.83999633789062,0.0010744618189315602
2022-12-07,1785.5,105.0999984741211,3.4079999923706055,22.68000030517578,3933.919921875,166.3300018310547,0.009114472318120903
2022-12-08,1788.699951171875,104.7699966430664,3.490999937057495,22.290000915527344,3963.510009765625,166.47000122070312,0.0017905836665894626
2022-12-09,1798.0999755859375,104.80999755859375,3.566999912261963,22.829999923706055,3934.3798828125,167.05999755859375,0.005241466558799424
2022-12-12,1780.5,105.12999725341797,3.6110000610351562,25.0,3990.56005859375,165.67999267578125,-0.009836314542059021
2022-12-13,1813.9000244140625,103.9800033569336,3.500999927520752,22.549999237060547,4019.64990234375,168.50999450683594,0.018585013105521853
2022-12-14,1807.5,103.7699966430664,3.503000020980835,21.139999389648438,3995.320068359375,168.10000610351562,-0.003534561790434765
2022-12-15,1777.199951171875,104.55999755859375,3.450000047683716,22.829999923706055,3895.75,165.35000610351562,-0.01690561044591643
2022-12-16,1790.0,104.69999694824219,3.4820001125335693,22.6200008392334,3852.360107421875,166.7899932861328,0.007176555247797367
2022-12-19,1787.699951171875,104.72000122070312,3.5810000896453857,22.420000076293945,3817.659912109375,166.32000732421875,-0.0012857697271355661
2022-12-20,1815.9000244140625,103.97000122070312,3.684000015258789,21.479999542236328,3821.6201171875,169.0800018310547,0.015651375902693054
2022-12-21,1815.9000244140625,104.16000366210938,3.684000015258789,20.06999969482422,3878.43994140625,168.8000030517578,0.0
2022-12-22,1787.0,104.43000030517578,3.6689999103546143,21.969999313354492,3822.389892578125,166.75999450683594,-0.016042989850930667
2022-12-23,1795.9000244140625,104.30999755859375,3.750999927520752,20.8700008392334,3844.820068359375,167.25999450683594,0.00496806645959591
2022-12-27,1814.800048828125,104.18000030517578,3.859999895095825,21.649999618530273,3829.25,168.6699981689453,0.010468993076298005
2022-12-28,1807.9000244140625,104.45999908447266,3.88700008392334,22.139999389648438,3783.219970703125,167.91000366210938,-0.0038093315032527997
2022-12-29,1819.5,103.83999633789062,3.8350000381469727,21.440000534057617,3849.280029296875,168.85000610351562,0.0063957738601461145
2022-12-30,1819.699951171875,103.5199966430664,3.878999948501587,21.670000076293945,3839.5,169.63999938964844,0.00010988743391848743
2023-01-03,1839.699951171875,104.5199966430664,3.7929999828338623,22.899999618530273,3824.139892578125,171.05999755859375,0.01093086280425215
2023-01-04,1852.800048828125,104.25,3.7090001106262207,22.010000228881836,3852.969970703125,172.6699981689453,0.007095546441984624
2023-01-05,1834.800048828125,105.04000091552734,3.7200000286102295,22.459999084472656,3808.10009765625,170.52000427246094,-0.009762524397120664
2023-01-06,1864.199951171875,103.87999725341797,3.569000005722046,21.1299991607666,3895.080078125,173.7100067138672,0.015896470099271198
2023-01-09,1872.699951171875,103.0,3.5169999599456787,21.969999313354492,3892.090087890625,174.10000610351562,0.004549233258291707
2023-01-10,1871.5999755859375,103.23999786376953,3.621000051498413,20.579999923706055,3919.25,174.74000549316406,-0.0005875467452387539
2023-01-11,1874.5999755859375,103.19000244140625,3.553999900817871,21.09000015258789,3969.610107421875,174.6199951171875,0.0016016233411999536
2023-01-12,1895.5,102.25,3.4489998817443848,18.829999923706055,3983.169921875,176.63999938964844,0.011087365667616034
2023-01-13,1918.4000244140625,102.19999694824219,3.510999917984009,18.350000381469727,3999.090087890625,178.75999450683594,0.012008862043122903
2023-01-17,1907.199951171875,102.38999938964844,3.5350000858306885,19.360000610351562,3990.969970703125,177.58999633789062,-0.005855345730477524
2023-01-18,1904.4000244140625,102.36000061035156,3.375,20.34000015258789,3928.860107421875,177.0800018310547,-0.0014691611288526474
2023-01-19,1922.0999755859375,102.05999755859375,3.3970000743865967,20.520000457763672,3898.85009765625,179.88999938964844,0.009251314471137917
2023-01-20,1926.4000244140625,102.01000213623047,3.4839999675750732,19.850000381469727,3972.610107421875,179.2899932861328,0.002234663176594154
2023-01-23,1927.0999755859375,102.13999938964844,3.5250000953674316,19.809999465942383,4019.81005859375,179.6300048828125,0.0003632807471509736
2023-01-24,1933.9000244140625,101.91999816894531,3.4690001010894775,19.200000762939453,4016.949951171875,180.27999877929688,0.0035224324574505417
2023-01-25,1941.199951171875,101.63999938964844,3.4619998931884766,19.079999923706055,4016.219970703125,181.11000061035156,0.0037676113849673953
2023-01-26,1929.0999755859375,101.83999633789062,3.493000030517578,18.729999542236328,4060.429931640625,179.47000122070312,-0.006252753139314393
2023-01-27,1928.5999755859375,101.93000030517578,3.5179998874664307,18.510000228881836,4070.56005859375,179.22000122070312,-0.00025922182084059386
2023-01-30,1922.9000244140625,102.27999877929688,3.5510001182556152,19.940000534057617,4017.77001953125,178.75999450683594,-0.0029598625643068033
2023-01-31,1929.5,102.0999984741211,3.5290000438690186,19.399999618530273,4076.60009765625,179.41000366210938,0.00342642612465216
2023-02-01,1927.800048828125,101.22000122070312,3.3970000743865967,17.8700008392334,4119.2099609375,181.6699981689453,-0.0008814202993878695
2023-02-02,1916.300048828125,101.75,3.3959999084472656,18.729999542236328,4179.759765625,177.89999389648438,-0.005983212723418951
2023-02-03,1862.9000244140625,102.91999816894531,3.5320000648498535,18.329999923706055,4136.47998046875,173.4600067138672,-0.028261842553797045
2023-02-06,1866.199951171875,103.62000274658203,3.634000062942505,19.43000030517578,4111.080078125,173.82000732421875,0.0017698252343860688
2023-02-07,1871.699951171875,103.43000030517578,3.6740000247955322,18.65999984741211,4164.0,173.97999572753906,0.002942831061813145
2023-02-08,1877.4000244140625,103.41000366210938,3.6530001163482666,19.6299991607666,4117.85986328125,174.41000366210938,0.003040771209810167
2023-02-09,1866.199951171875,103.22000122070312,3.683000087738037,20.709999084472656,4081.5,173.02999877929688,-0.005983602271623312
2023-02-10,1862.800048828125,103.62999725341797,3.74399995803833,20.530000686645508,4090.4599609375,173.36000061035156,-0.0018234933150136357
2023-02-13,1851.9000244140625,103.3499984741211,3.7170000076293945,20.34000015258789,4137.2900390625,172.47999572753906,-0.005868606069231674
2023-02-14,1854.0,103.2300033569336,3.760999917984009,18.90999984741211,4136.1298828125,172.61000061035156,0.0011333148745897859
2023-02-15,1834.199951171875,103.91999816894531,3.809000015258789,18.229999542236328,4147.60009765625,170.88999938964844,-0.010737074621895104
2023-02-16,1842.0,103.86000061035156,3.8429999351501465,20.170000076293945,4090.409912109375,170.75,0.0042435453113469634
2023-02-17,1840.4000244140625,103.86000061035156,3.828000068664551,20.020000457763672,4079.090087890625,171.25999450683594,-0.0008689852683101407
2023-02-21,1833.0,104.18000030517578,3.9549999237060547,22.8700008392334,3997.340087890625,170.6199951171875,-0.004028983707237366
2023-02-22,1832.0,104.58999633789062,3.9230000972747803,22.290000915527344,3991.050048828125,169.66000366210938,-0.0005457026056294723
2023-02-23,1818.0,104.5999984741211,3.878999948501587,21.139999389648438,4012.320068359375,169.57000732421875,-0.007671270496651061
2023-02-24,1808.800048828125,105.20999908447266,3.9489998817443848,21.670000076293945,3970.0400390625,168.35000610351562,-0.005073326778902931
2023-02-27,1817.0,104.66999816894531,3.921999931335449,20.950000762939453,3982.239990234375,169.00999450683594,0.004523120437649908
2023-02-28,1828.9000244140625,104.87000274658203,3.9159998893737793,20.700000762939453,3970.14990234375,169.77999877929688,0.0065279171634005095
2023-03-01,1837.699951171875,104.4800033569336,3.99399995803833,20.579999923706055,3951.389892578125,170.75999450683594,0.004800056571569122
2023-03-02,1833.5,105.02999877929688,4.072999954223633,19.59000015258789,3981.35009765625,170.66000366210938,-0.002288054619760338
2023-03-03,1847.699951171875,104.5199966430664,3.9639999866485596,18.489999771118164,4045.639892578125,172.49000549316406,0.0077148874232912945
2023-03-06,1847.9000244140625,104.3499984741211,3.9830000400543213,18.610000610351562,4048.419921875,171.6199951171875,0.00010827646049538231
2023-03-07,1813.9000244140625,105.62000274658203,3.9749999046325684,19.59000015258789,3986.3701171875,168.6199951171875,-0.018570635571812488
2023-03-08,1812.699951171875,105.66000366210938,3.9760000705718994,19.110000610351562,3992.010009765625,168.5399932861328,-0.0006618172911645459
2023-03-09,1829.300048828125,105.30999755859375,3.924999952316284,22.610000610351562,3918.320068359375,170.1999969482422,0.009115987157307437
2023-03-10,1862.0,104.58000183105469,3.694999933242798,24.799999237060547,3861.590087890625,173.8699951171875,0.01771777214751502
2023-03-13,1911.699951171875,103.5999984741211,3.515000104904175,26.520000457763672,3855.760009765625,177.86000061035156,0.026341694156229778
2023-03-14,1906.199951171875,103.5999984741211,3.638000011444092,23.729999542236328,3919.2900390625,176.8300018310547,-0.002881167105143412
2023-03-15,1926.5999755859375,104.6500015258789,3.492000102996826,26.139999389648438,3891.929931640625,178.2100067138672,0.010645072763327157
2023-03-16,1919.0,104.41999816894531,3.5850000381469727,22.989999771118164,3960.280029296875,178.57000732421875,-0.003952561643726149
2023-03-17,1969.800048828125,103.70999908447266,3.3949999809265137,25.510000228881836,3916.639892578125,183.77000427246094,0.026127822516268218
2023-03-20,1979.199951171875,103.27999877929688,3.4809999465942383,24.149999618530273,3951.570068359375,183.83999633789062,0.004760658443617949
2023-03-21,1938.0,103.26000213623047,3.6059999465942383,21.3799991607666,4002.8701171875,180.3699951171875,-0.02103618451687428
2023-03-22,1946.800048828125,102.3499984741211,3.5,22.260000228881836,3936.969970703125,183.44000244140625,0.004530510589810355
2023-03-23,1993.800048828125,102.52999877929688,3.4059998989105225,22.610000610351562,3948.719970703125,185.74000549316406,0.023855366038062265
2023-03-24,1982.0999755859375,103.12000274658203,3.380000114440918,21.739999771118164,3970.989990234375,183.64999389648438,-0.005885513691906041
2023-03-27,1952.4000244140625,102.86000061035156,3.5280001163482666,20.600000381469727,3977.530029296875,181.9499969482422,-0.015097478869044778
2023-03-28,1972.4000244140625,102.43000030517578,3.563999891281128,19.969999313354492,3971.27001953125,183.44000244140625,0.010191690210183069
2023-03-29,1966.0999755859375,102.63999938964844,3.565999984741211,19.1200008392334,4027.81005859375,182.52999877929688,-0.0031992150318798096
2023-03-30,1980.300048828125,102.13999938964844,3.5510001182556152,19.020000457763672,4050.830078125,184.17999267578125,0.00719650032383079
2023-03-31,1969.0,102.51000213623047,3.49399995803833,18.700000762939453,4109.31005859375,183.22000122070312,-0.005722573380642082
2023-04-03,1983.9000244140625,102.08999633789062,3.430000066757202,18.549999237060547,4124.509765625,184.5399932861328,0.007538817015696253
2023-04-04,2022.199951171875,101.58999633789062,3.3369998931884766,19.0,4100.60009765625,187.97999572753906,0.019121386856435052
2023-04-05,2020.9000244140625,101.8499984741211,3.2869999408721924,19.079999923706055,4090.3798828125,187.8300018310547,-0.0006430347062673647
2023-04-06,2011.9000244140625,101.81999969482422,3.2880001068115234,18.399999618530273,4105.02001953125,186.49000549316406,-0.0044634074749696495
2023-04-10,1989.0999755859375,102.58000183105469,3.4149999618530273,18.969999313354492,4109.10986328125,185.11000061035156,-0.011397298492928698
2023-04-11,2004.800048828125,102.19999694824219,3.434000015258789,19.100000381469727,4108.93994140625,186.27999877929688,0.007862066660321076
2023-04-12,2010.9000244140625,101.5,3.4210000038146973,19.09000015258789,4091.949951171875,187.19000244140625,0.003038065675473156
2023-04-13,2041.300048828125,101.01000213623047,3.4519999027252197,17.799999237060547,4146.22021484375,189.72000122070312,0.015004488526765059
2023-04-14,2002.199951171875,101.55000305175781,3.5220000743865967,17.06999969482422,4137.64013671875,186.36000061035156,-0.01934033210150421
2023-04-17,1994.199951171875,102.0999984741211,3.5910000801086426,16.950000762939453,4151.31982421875,185.52999877929688,-0.004003608688523563
2023-04-18,2007.4000244140625,101.75,3.572000026702881,16.829999923706055,4154.8701171875,186.25,0.0065974216321089685
2023-04-19,1995.199951171875,101.97000122070312,3.6019999980926514,16.459999084472656,4154.52001953125,185.36000061035156,-0.0060960930887574705
2023-04-20,2007.5999755859375,101.83999633789062,3.5450000762939453,17.170000076293945,4129.7900390625,186.08999633789062,0.006195695166984372
2023-04-21,1979.5,101.81999969482422,3.569999933242798,16.770000457763672,4133.52001953125,184.25,-0.014095679073773404
2023-04-24,1989.0999755859375,101.3499984741211,3.515000104904175,16.889999389648438,4137.0400390625,184.80999755859375,0.004837975290906016
2023-04-25,1994.0,101.86000061035156,3.3959999084472656,18.760000228881836,4071.6298828125,185.75,0.002460408684692439
2023-04-26,1985.699951171875,101.47000122070312,3.431999921798706,18.84000015258789,4055.989990234375,184.74000549316406,-0.004171199318677488
2023-04-27,1989.9000244140625,101.5,3.5280001163482666,17.030000686645508,4135.35009765625,184.75,0.002112926265503745
2023-04-28,1990.0999755859375,101.66999816894531,3.4519999027252197,15.779999732971191,4169.47998046875,184.8000030517578,0.00010047797590040375
2023-05-01,1983.4000244140625,102.1500015258789,3.5739998817443848,16.079999923706055,4167.8701171875,183.97000122070312,-0.0033723203832884963
2023-05-02,2014.300048828125,101.95999908447266,3.438999891281128,17.780000686645508,4119.580078125,187.52000427246094,0.015459208663897606
2023-05-03,2028.5999755859375,101.33999633789062,3.4030001163482666,18.34000015258789,4090.75,189.11000061035156,0.007074123181844527
2023-05-04,2048.0,101.4000015258789,3.3510000705718994,20.09000015258789,4061.219970703125,190.44000244140625,0.009517819252434556
2023-05-05,2017.4000244140625,101.20999908447266,3.446000099182129,17.190000534057617,4136.25,187.4600067138672,-0.015054141436917412
2023-05-08,2026.300048828125,101.37000274658203,3.5209999084472656,16.979999542236328,4138.1201171875,187.69000244140625,0.004401928245986397
2023-05-09,2036.199951171875,101.63999938964844,3.5209999084472656,17.709999084472656,4119.169921875,189.02000427246094,0.004873807724603552
2023-05-10,2030.5,101.4800033569336,3.438999891281128,16.940000534057617,4137.64013671875,188.75,-0.0028032335667189656
2023-05-11,2014.699951171875,102.05999755859375,3.3970000743865967,16.93000030517578,4130.6201171875,187.1300048828125,-0.007811791440417437
2023-05-12,2014.5,102.68000030517578,3.4630000591278076,17.030000686645508,4124.080078125,186.80999755859375,-9.92510545323455e-05
2023-05-15,2018.0,102.43000030517578,3.507999897003174,17.1200008392334,4136.27978515625,187.2100067138672,0.00173589628215165
2023-05-16,1988.4000244140625,102.55999755859375,3.5490000247955322,17.989999771118164,4109.89990234375,184.8699951171875,-0.01477661441479139
2023-05-17,1980.699951171875,102.87999725341797,3.5810000896453857,16.8700008392334,4158.77001953125,184.22999572753906,-0.003880014587497982
2023-05-18,1956.5,103.58000183105469,3.6480000019073486,16.049999237060547,4198.0498046875,181.83999633789062,-0.01229313026079737
2023-05-19,1978.699951171875,103.19999694824219,3.691999912261963,16.809999465942383,4191.97998046875,183.63999938964844,0.01128287607105527
2023-05-22,1974.800048828125,103.19999694824219,3.7190001010894775,17.209999084472656,4192.6298828125,183.2100067138672,-0.0019728866112096455
2023-05-23,1972.4000244140625,103.48999786376953,3.697999954223633,18.530000686645508,4145.580078125,183.42999267578125,-0.001216064382496107
2023-05-24,1962.800048828125,103.88999938964844,3.7190001010894775,20.030000686645508,4115.240234375,181.9499969482422,-0.004879037635298289
2023-05-25,1943.0999755859375,104.20999908447266,3.813999891281128,19.139999389648438,4151.27978515625,180.1999969482422,-0.01008742680002861
2023-05-26,1944.0999755859375,104.20999908447266,3.809999942779541,17.950000762939453,4205.4501953125,180.9199981689453,0.0005145091760763165
2023-05-30,1958.0,104.16999816894531,3.700000047683716,17.459999084472656,4205.52001953125,182.0399932861328,0.0071244116218895925
2023-05-31,1963.9000244140625,104.31999969482422,3.63700008392334,17.940000534057617,4179.830078125,182.32000732421875,0.0030087604621398256
2023-06-01,1978.0,103.55999755859375,3.6080000400543213,15.649999618530273,4221.02001953125,183.75999450683594,0.007153928630061479
2023-06-02,1952.4000244140625,104.0199966430664,3.690999984741211,14.600000381469727,4282.3701171875,181.0500030517578,-0.013026835665023384
2023-06-05,1958.0,104.0,3.693000078201294,14.729999542236328,4273.7900390625,182.13999938964844,0.0028641465728220794
2023-06-06,1965.5,104.12999725341797,3.6989998817443848,13.960000038146973,4283.85009765625,182.33999633789062,0.0038231217714592702
2023-06-07,1942.699951171875,104.0999984741211,3.7839999198913574,13.9399995803833,4267.52001953125,180.14999389648438,-0.011667932951336724
2023-06-08,1963.5999755859375,103.33999633789062,3.7139999866485596,13.649999618530273,4293.93017578125,182.52999877929688,0.01070077784000123
2023-06-09,1962.199951171875,103.55999755859375,3.744999885559082,13.829999923706055,4298.85986328125,182.0399932861328,-0.0007132429056664336
2023-06-12,1955.300048828125,103.62999725341797,3.765000104904175,15.010000228881836,4338.93017578125,181.8800048828125,-0.003522608540492911
2023-06-13,1944.5999755859375,103.33999633789062,3.8389999866485596,14.609999656677246,4369.009765625,180.5399932861328,-0.005487371483662962
2023-06-14,1955.300048828125,103.01000213623047,3.7960000038146973,13.880000114440918,4372.58984375,180.63999938964844,0.005487371483662962
2023-06-15,1957.800048828125,102.12000274658203,3.7279999256134033,14.5,4425.83984375,181.91000366210938,0.0012777594632122913
2023-06-16,1958.4000244140625,102.30000305175781,3.7690000534057617,13.539999961853027,4409.58984375,181.6300048828125,0.00030640701670581194
2023-06-20,1935.5,102.54000091552734,3.7290000915527344,13.880000114440918,4388.7099609375,179.75,-0.011762134766635235
2023-06-21,1933.300048828125,102.06999969482422,3.7230000495910645,13.199999809265137,4365.68994140625,179.49000549316406,-0.001137278422884691
2023-06-22,1912.699951171875,102.38999938964844,3.7990000247955322,12.90999984741211,4381.89013671875,177.7100067138672,-0.010712581726706638
2023-06-23,1919.0999755859375,102.9000015258789,3.739000082015991,13.4399995803833,4348.330078125,178.1999969482422,0.003340482534468947
2023-06-26,1923.699951171875,102.69000244140625,3.7190001010894775,14.25,4328.81982421875,178.50999450683594,0.002394076127153255
2023-06-27,1914.0,102.48999786376953,3.7679998874664307,13.739999771118164,4378.41015625,177.69000244140625,-0.005055096516834112
2023-06-28,1912.300048828125,102.91000366210938,3.7100000381469727,13.430000305175781,4376.85986328125,177.27999877929688,-0.0008885614102558392
2023-06-29,1909.199951171875,103.33999633789062,3.8540000915527344,13.539999961853027,4396.43994140625,177.08999633789062,-0.001622451046078055
2023-06-30,1921.0999755859375,102.91000366210938,3.819000005722046,13.59000015258789,4450.3798828125,178.27000427246094,0.006213645369454568
2023-07-03,1921.699951171875,102.98999786376953,3.8580000400543213,13.569999694824219,4455.58984375,178.47000122070312,0.0003122596035431968
2023-07-05,1919.5999755859375,103.37000274658203,3.944999933242798,14.180000305175781,4446.81982421875,177.83999633789062,-0.0010933672637802871
2023-07-06,1908.699951171875,103.16999816894531,4.040999889373779,15.4399995803833,4411.58984375,177.30999755859375,-0.0056944618118119905
2023-07-07,1926.199951171875,102.2699966430664,4.050000190734863,14.829999923706055,4398.9501953125,178.63999938964844,0.009126768323334922
2023-07-10,1925.0,101.97000122070312,4.00600004196167,15.069999694824219,4409.52978515625,178.77999877929688,-0.0006231570554220411
2023-07-11,1931.300048828125,101.7300033569336,3.9800000190734863,14.84000015258789,4439.259765625,179.4499969482422,0.003267408839185748
2023-07-12,1956.199951171875,100.5199966430664,3.8610000610351562,13.539999961853027,4472.16015625,181.8800048828125,0.012810414334619935
2023-07-13,1959.199951171875,99.7699966430664,3.760999917984009,13.609999656677246,4510.0400390625,182.00999450683594,0.0015324108197862785
2023-07-14,1960.0999755859375,99.91000366210938,3.819000005722046,13.34000015258789,4505.419921875,181.42999267578125,0.00045927816023461077
2023-07-17,1952.4000244140625,99.83999633789062,3.796999931335449,13.479999542236328,4522.7900390625,181.55999755859375,-0.003936082358077186
2023-07-18,1977.199951171875,99.94000244140625,3.7890000343322754,13.300000190734863,4554.97998046875,183.63999938964844,0.012622280219577675
2023-07-19,1977.5,100.27999877929688,3.742000102996826,13.760000228881836,4565.72021484375,183.6699981689453,0.00015174290459807338
2023-07-20,1968.300048828125,100.87999725341797,3.8540000915527344,13.989999771118164,4534.8701171875,182.74000549316406,-0.004663169815610324
2023-07-21,1964.300048828125,101.06999969482422,3.8369998931884766,13.600000381469727,4536.33984375,182.17999267578125,-0.002034278228195241
2023-07-24,1960.300048828125,101.3499984741211,3.8570001125335693,13.90999984741211,4554.64013671875,181.39999389648438,-0.0020384249531293364
2023-07-25,1962.0999755859375,101.3499984741211,3.9119999408721924,13.859999656677246,4567.4599609375,182.41000366210938,0.0009177681383585323
2023-07-26,1968.9000244140625,100.88999938964844,3.8510000705718994,13.1899995803833,4566.75,183.3000030517578,0.003459707764402964
2023-07-27,1945.4000244140625,101.7699966430664,4.01200008392334,14.40999984741211,4537.41015625,180.4199981689453,-0.012007399562659948
2023-07-28,1960.4000244140625,101.62000274658203,3.9690001010894775,13.329999923706055,4582.22998046875,181.86000061035156,0.007680922504029297
2023-07-31,1970.5,101.86000061035156,3.9590001106262207,13.630000114440918,4588.9599609375,182.35000610351562,0.0051387711460533225
2023-08-01,1940.699951171875,102.30000305175781,4.051000118255615,13.930000305175781,4576.72998046875,180.4600067138672,-0.01523861007706806
2023-08-02,1937.4000244140625,102.58999633789062,4.078000068664551,16.09000015258789,4513.39013671875,179.60000610351562,-0.0017018269642496975
2023-08-03,1932.0,102.54000091552734,4.189000129699707,15.920000076293945,4501.89013671875,179.5399932861328,-0.0027911448212778467
2023-08-04,1939.5999755859375,102.0199966430664,4.059999942779541,17.100000381469727,4478.02978515625,180.19000244140625,0.003926017871570764
2023-08-07,1933.5,102.05000305175781,4.078000068664551,15.770000457763672,4518.43994140625,179.77999877929688,-0.003149921596682148
2023-08-08,1924.0999755859375,102.52999877929688,4.026000022888184,15.989999771118164,4499.3798828125,178.63999938964844,-0.004873518808943267
2023-08-09,1915.4000244140625,102.48999786376953,4.01200008392334,15.960000038146973,4467.7099609375,177.7899932861328,-0.00453182240469463
2023-08-10,1914.4000244140625,102.5199966430664,4.079999923706055,15.850000381469727,4468.830078125,177.60000610351562,-0.0005222204866965896
2023-08-11,1912.9000244140625,102.83999633789062,4.168000221252441,14.84000015258789,4464.0498046875,177.60000610351562,-0.0007838424255561804
2023-08-14,1910.5999755859375,103.19000244140625,4.184000015258789,14.819999694824219,4489.72021484375,177.05999755859375,-0.0012031118637709781
2023-08-15,1902.5,103.20999908447266,4.2210001945495605,16.459999084472656,4437.85986328125,176.58999633789062,-0.004248505321848839
2023-08-16,1896.0999755859375,103.41999816894531,4.257999897003174,16.780000686645508,4404.330078125,175.57000732421875,-0.0033696785716195166
2023-08-17,1884.0999755859375,103.44000244140625,4.308000087738037,17.889999389648438,4370.35986328125,175.3000030517578,-0.006348891838211301
2023-08-18,1886.0999755859375,103.37999725341797,4.250999927520752,17.299999237060547,4369.7099609375,175.3300018310547,0.001060951786911346
2023-08-21,1893.300048828125,103.33000183105469,4.3420000076293945,17.1299991607666,4399.77001953125,175.80999755859375,0.003810171935338502
2023-08-22,1896.4000244140625,103.55999755859375,4.328000068664551,16.969999313354492,4387.5498046875,176.10000610351562,0.0016360008536020487
2023-08-23,1918.5,103.36000061035156,4.197999954223633,15.979999542236328,4436.009765625,177.88999938964844,0.011586265785144434
2023-08-24,1918.199951171875,103.9800033569336,4.235000133514404,17.200000762939453,4376.31005859375,177.85000610351562,-0.0001564098483353149
2023-08-25,1911.0999755859375,104.08000183105469,4.238999843597412,15.680000305175781,4405.7099609375,177.6199951171875,-0.0037082411186100117
2023-08-28,1917.9000244140625,104.05999755859375,4.211999893188477,15.079999923706055,4433.31005859375,178.1300048828125,0.003551870450309913
2023-08-29,1936.5,103.55000305175781,4.122000217437744,14.449999809265137,4497.6298828125,179.8699951171875,0.009651369784435815
2023-08-30,1944.300048828125,103.16000366210938,4.118000030517578,13.880000114440918,4514.8701171875,180.32000732421875,0.004019820260444895
2023-08-31,1938.199951171875,103.62000274658203,4.0929999351501465,13.569999694824219,4507.66015625,180.02000427246094,-0.0031423581073140028
2023-09-01,1939.800048828125,104.23999786376953,4.172999858856201,13.09000015258789,4515.77001953125,180.11000061035156,0.0008252180232357631
2023-09-05,1926.199951171875,104.80999755859375,4.26800012588501,14.010000228881836,4496.830078125,178.63999938964844,-0.007035775353867457
2023-09-06,1918.0999755859375,104.86000061035156,4.289999961853027,14.449999809265137,4465.47998046875,177.8300018310547,-0.004214024777917658
2023-09-07,1917.5,105.05999755859375,4.260000228881836,14.399999618530273,4451.14013671875,178.02000427246094,-0.0003128457579775201
2023-09-08,1918.4000244140625,105.08999633789062,4.257999897003174,13.84000015258789,4457.490234375,178.0800018310547,0.0004692637581014125
2023-09-11,1923.300048828125,104.56999969482422,4.288000106811523,13.800000190734863,4487.4599609375,178.41000366210938,0.0025509680494888443
2023-09-12,1911.300048828125,104.70999908447266,4.263999938964844,14.229999542236328,4461.89990234375,177.49000549316406,-0.006258821711374374
2023-09-13,1909.0999755859375,104.7699966430664,4.249000072479248,13.479999542236328,4467.43994140625,177.0800018310547,-0.0011517503252713723
2023-09-14,1910.0,105.41000366210938,4.288000106811523,12.819999694824219,4505.10009765625,177.1699981689453,0.0004713280283201726
2023-09-15,1923.699951171875,105.31999969482422,4.322000026702881,13.789999961853027,4450.31982421875,178.33999633789062,0.007147147489058092
2023-09-18,1931.5,105.19999694824219,4.318999767303467,14.0,4453.52978515625,179.38999938964844,0.004046513576602351
2023-09-19,1932.0,105.19999694824219,4.364999771118164,14.109999656677246,4443.9501953125,179.22000122070312,0.000258832666126807
2023-09-20,1945.5999755859375,105.16000366210938,4.348999977111816,15.140000343322754,4402.2001953125,179.35000610351562,0.007014664451038044
2023-09-21,1919.199951171875,105.36000061035156,4.480000019073486,17.540000915527344,4330.0,178.0500030517578,-0.013661993139932882
2023-09-22,1925.4000244140625,105.58000183105469,4.438000202178955,17.200000762939453,4320.06005859375,178.6199951171875,0.003225343940292724
2023-09-25,1916.5999755859375,106.0,4.541999816894531,16.899999618530273,4337.43994140625,177.6999969482422,-0.004580980852414207
2023-09-26,1900.4000244140625,106.2300033569336,4.558000087738037,18.940000534057617,4273.52978515625,176.27999877929688,-0.008488367011878495
2023-09-27,1871.5999755859375,106.66999816894531,4.625999927520752,18.219999313354492,4274.509765625,174.10000610351562,-0.015270736211994596
2023-09-28,1860.4000244140625,106.22000122070312,4.5970001220703125,17.34000015258789,4299.7001953125,173.22999572753906,-0.006002135474614256
2023-09-29,1848.0999755859375,106.16999816894531,4.572999954223633,17.520000457763672,4288.0498046875,171.4499969482422,-0.006633460391606505
2023-10-02,1830.0,106.9000015258789,4.683000087738037,17.610000610351562,4288.39013671875,169.64999389648438,-0.009842104245886496
2023-10-03,1824.5999755859375,107.0,4.802000045776367,19.780000686645508,4229.4501953125,169.16000366210938,-0.0029551953045938717
2023-10-04,1818.5,106.80000305175781,4.735000133514404,18.579999923706055,4263.75,169.13999938964844,-0.003348786103829049
2023-10-05,1816.5999755859375,106.33000183105469,4.7170000076293945,18.489999771118164,4258.18994140625,168.8300018310547,-0.001045376798357367
2023-10-06,1830.199951171875,106.04000091552734,4.783999919891357,17.450000762939453,4308.5,169.6999969482422,0.007458615173471905
2023-10-09,1849.5,106.08000183105469,4.796999931335449,17.700000762939453,4335.66015625,172.82000732421875,0.010490108470350812
2023-10-10,1861.0,105.83000183105469,4.65500020980835,17.030000686645508,4358.240234375,172.52999877929688,0.006198645369742017
2023-10-11,1872.800048828125,105.81999969482422,4.59499979019165,16.09000015258789,4376.9501953125,173.7899932861328,0.006320685606707954
2023-10-12,1869.300048828125,106.56999969482422,4.711999893188477,16.690000534057617,4349.60986328125,173.25999450683594,-0.0018706079095984762
2023-10-13,1927.4000244140625,106.6500015258789,4.629000186920166,19.31999969482422,4327.77978515625,178.8300018310547,0.030607901744664545
2023-10-16,1921.0999755859375,106.23999786376953,4.711999893188477,17.209999084472656,4373.6298828125,177.9600067138672,-0.003274031158004398
2023-10-17,1922.699951171875,106.25,4.8470001220703125,17.8799991607666,4373.2001953125,178.2899932861328,0.0008324968566677526
2023-10-18,1955.300048828125,106.56999969482422,4.9039998054504395,19.219999313354492,4314.60009765625,180.8699951171875,0.016813236521731945
2023-10-19,1968.4000244140625,106.25,4.98799991607666,21.399999618530273,4278.0,183.08999633789062,0.006677383090401889
2023-10-20,1982.5,106.16000366210938,4.923999786376953,21.709999084472656,4224.16015625,183.58999633789062,0.007137632114180725
2023-10-23,1976.300048828125,105.54000091552734,4.8379998207092285,20.3700008392334,4217.0400390625,182.97000122070312,-0.003132240155776067
2023-10-24,1975.0,106.2699966430664,4.840000152587891,18.969999313354492,4247.68017578125,182.9499969482422,-0.0006580360180041822
2023-10-25,1984.0999755859375,106.52999877929688,4.953000068664551,20.190000534057617,4186.77001953125,183.72000122070312,0.004597000160346809
2023-10-26,1987.199951171875,106.5999984741211,4.84499979019165,20.68000030517578,4137.22998046875,184.00999450683594,0.001561189672271368
2023-10-27,1988.5999755859375,106.55999755859375,4.84499979019165,21.270000457763672,4117.3701171875,186.14999389648438,0.0007042731011219772
2023-10-30,1996.199951171875,106.12000274658203,4.875,19.75,4166.81982421875,185.10000610351562,0.0038144875229857433
2023-10-31,1985.199951171875,106.66000366210938,4.875,18.139999389648438,4193.7998046875,184.08999633789062,-0.005525708674736229
2023-11-01,1978.800048828125,106.87999725341797,4.789000034332275,16.8700008392334,4237.85986328125,183.50999450683594,-0.00322901508803497
2023-11-02,1985.5999755859375,106.12000274658203,4.669000148773193,15.65999984741211,4317.77978515625,184.1199951171875,0.0034304981256063627
2023-11-03,1991.5,105.0199966430664,4.558000087738037,14.90999984741211,4358.33984375,184.7899932861328,0.002967000466915337
2023-11-06,1981.5999755859375,105.22000122070312,4.6620001792907715,14.890000343322754,4365.97998046875,183.35000610351562,-0.004983536766927976
2023-11-07,1966.800048828125,105.54000091552734,4.571000099182129,14.8100004196167,4378.3798828125,182.58999633789062,-0.0074967054908094966
2023-11-08,1951.5,105.58999633789062,4.5229997634887695,14.449999809265137,4382.77978515625,180.77000427246094,-0.007809573743291942
2023-11-09,1964.199951171875,105.91000366210938,4.630000114440918,15.289999961853027,4347.35009765625,181.49000549316406,0.00648670524396433
2023-11-10,1932.5999755859375,105.86000061035156,4.627999782562256,14.170000076293945,4415.240234375,179.50999450683594,-0.016218778932181266
2023-11-13,1945.5,105.66000366210938,4.631999969482422,14.760000228881836,4411.5498046875,180.50999450683594,0.006652779492156036
2023-11-14,1961.800048828125,104.11000061035156,4.440999984741211,14.15999984741211,4495.7001953125,182.1199951171875,0.008343430595057377
2023-11-15,1960.0999755859375,104.38999938964844,4.534999847412109,14.180000305175781,4502.8798828125,181.63999938964844,-0.0008669641439551512
2023-11-16,1983.9000244140625,104.37000274658203,4.445000171661377,14.319999694824219,4508.240234375,183.69000244140625,0.012069136779111034
2023-11-17,1981.5999755859375,103.81999969482422,4.440999984741211,13.800000190734863,4514.02001953125,183.6699981689453,-0.0011600298000509213
2023-11-20,1977.699951171875,103.47000122070312,4.421999931335449,13.40999984741211,4547.3798828125,183.3699951171875,-0.00197005821614038
2023-11-21,1999.300048828125,103.58999633789062,4.418000221252441,13.350000381469727,4538.18994140625,185.35000610351562,0.010862615061766334
2023-11-22,1991.4000244140625,103.91999816894531,4.415999889373779,12.850000381469727,4556.6201171875,184.55999755859375,-0.003959222486664693
2023-11-24,2002.199951171875,103.4000015258789,4.4720001220703125,12.460000038146973,4559.33984375,185.52000427246094,0.0054086303844140815
2023-11-27,2011.800048828125,103.19999694824219,4.388999938964844,12.6899995803833,4550.43017578125,186.77000427246094,0.004783316372956037
2023-11-28,2039.699951171875,102.75,4.335999965667725,12.6899995803833,4554.89013671875,189.25999450683594,0.013772846290545537
2023-11-29,2047.0999755859375,102.7699966430664,4.270999908447266,12.979999542236328,4550.580078125,189.5399932861328,0.003621431258757468
2023-11-30,2038.0999755859375,103.5,4.3520002365112305,12.920000076293945,4567.7998046875,188.75,-0.004406156206906431
2023-12-01,2071.0,103.2699966430664,4.22599983215332,12.630000114440918,4594.6298828125,192.00999450683594,0.01601359308208572
2023-12-04,2024.0999755859375,103.63999938964844,4.288000106811523,13.079999923706055,4569.77978515625,187.86000061035156,-0.022906437155783443
2023-12-05,2018.5,104.05000305175781,4.171000003814697,12.850000381469727,4567.18017578125,187.14999389648438,-0.0027704839468052356
2023-12-06,2030.5,104.1500015258789,4.120999813079834,12.970000267028809,4549.33984375,187.83999633789062,0.00592740683335613
2023-12-07,2029.9000244140625,103.54000091552734,4.129000186920166,13.0600004196167,4585.58984375,188.14999389648438,-0.0002955253604053354
2023-12-08,1998.300048828125,104.01000213623047,4.244999885559082,12.350000381469727,4604.3701171875,185.63999938964844,-0.015689699243871758
2023-12-11,1978.0,104.0999984741211,4.238999843597412,12.630000114440918,4622.43994140625,183.58999633789062,-0.010210610339417947
2023-12-12,1977.800048828125,103.87000274658203,4.205999851226807,12.069999694824219,4643.7001953125,183.49000549316406,-0.00010109265866642403
2023-12-13,1982.300048828125,102.87000274658203,4.0329999923706055,12.1899995803833,4707.08984375,187.6300048828125,0.0022726708042304367
2023-12-14,2030.199951171875,101.95999908447266,3.930000066757202,12.479999542236328,4719.5498046875,188.72999572753906,0.0238764749712157
2023-12-15,2021.0999755859375,102.55000305175781,3.927999973297119,12.279999732971191,4719.18994140625,187.0,-0.004492380744304469
2023-12-18,2026.300048828125,102.51000213623047,3.9539999961853027,12.5600004196167,4740.56005859375,187.85000610351562,0.002569588413335211
2023-12-19,2038.4000244140625,102.16999816894531,3.921999931335449,12.529999732971191,4768.3701171875,189.1300048828125,0.005953704386447711
2023-12-20,2034.5,102.41000366210938,3.877000093460083,13.670000076293945,4698.35009765625,188.10000610351562,-0.001915109913170454
2023-12-21,2039.0999755859375,101.83999633789062,3.8940000534057617,13.649999618530273,4746.75,189.42999267578125,0.002258433605997645
2023-12-22,2057.10009765625,101.69999694824219,3.9010000228881836,13.029999732971191,4754.6298828125,190.27000427246094,0.008788749383461969
2023-12-26,2058.199951171875,101.47000122070312,3.885999917984009,12.989999771118164,4774.75,191.72000122070312,0.0005345192470835869
2023-12-27,2081.89990234375,100.98999786376953,3.7890000343322754,12.430000305175781,4781.580078125,192.58999633789062,0.01144910069616678
2023-12-28,2073.89990234375,101.2300033569336,3.8499999046325684,12.470000267028809,4783.35009765625,191.47000122070312,-0.0038500458433423645
2023-12-29,2062.39990234375,101.33000183105469,3.865999937057495,12.449999809265137,4769.830078125,191.1699981689453,-0.005560539696971567
2024-01-02,2064.39990234375,102.19999694824219,3.946000099182129,13.199999809265137,4742.830078125,190.72000122070312,0.0009692741355236123
2024-01-03,2034.199951171875,102.45999908447266,3.9070000648498535,14.039999961853027,4704.81005859375,189.1300048828125,-0.014736982781769825
2024-01-04,2042.300048828125,102.41999816894531,3.990999937057495,14.130000114440918,4688.68017578125,189.32000732421875,0.003974050443616761
2024-01-05,2042.4000244140625,102.41000366210938,4.041999816894531,13.350000381469727,4697.240234375,189.35000610351562,4.895124937753792e-05
2024-01-08,2026.5999755859375,102.20999908447266,4.001999855041504,13.079999923706055,4763.5400390625,187.8699951171875,-0.007766098913480235
2024-01-09,2026.4000244140625,102.56999969482422,4.019000053405762,12.760000228881836,4756.5,187.92999267578125,-9.866823194570884e-05
2024-01-10,2021.699951171875,102.36000061035156,4.03000020980835,12.6899995803833,4783.4501953125,187.5,-0.0023221142671951966
2024-01-11,2014.300048828125,102.29000091552734,3.9769999980926514,12.4399995803833,4780.240234375,187.8699951171875,-0.0036669527431483218
2024-01-12,2046.699951171875,102.4000015258789,3.950000047683716,12.699999809265137,4783.830078125,189.7100067138672,0.01595695140328246
2024-01-16,2026.0,103.36000061035156,4.065999984741211,13.84000015258789,4765.97998046875,187.91000366210938,-0.010165310319773191
2024-01-17,2002.5999755859375,103.44999694824219,4.105999946594238,14.789999961853027,4739.2099609375,185.83999633789062,-0.011617081726108758
2024-01-18,2018.5999755859375,103.54000091552734,4.144000053405762,14.130000114440918,4780.93994140625,187.3699951171875,0.007957865627687077
2024-01-19,2026.5,103.29000091552734,4.145999908447266,13.300000190734863,4839.81005859375,187.92999267578125,0.003905977358156676
2024-01-22,2019.800048828125,103.33000183105469,4.093999862670898,13.1899995803833,4850.43017578125,187.22000122070312,-0.00331164630117442
2024-01-23,2023.699951171875,103.62000274658203,4.142000198364258,12.550000190734863,4864.60009765625,187.9499969482422,0.0019289741822801076
2024-01-24,2013.9000244140625,103.23999786376953,4.177999973297119,13.140000343322754,4868.5498046875,186.39999389648438,-0.0048543422138758174
2024-01-25,2016.9000244140625,103.56999969482422,4.131999969482422,13.449999809265137,4894.16015625,187.13999938964844,0.0014885385122536121
2024-01-26,2016.800048828125,103.47000122070312,4.159999847412109,13.260000228881836,4890.97021484375,187.00999450683594,-4.957016344508958e-05
2024-01-29,2025.199951171875,103.61000061035156,4.091000080108643,13.600000381469727,4927.93017578125,188.3300018310547,0.004156315901078678
2024-01-30,2031.5,103.4000015258789,4.059000015258789,13.3100004196167,4924.97021484375,188.58999633789062,0.003105999442301055
2024-01-31,2048.39990234375,103.2699966430664,3.9670000076293945,14.350000381469727,4845.64990234375,188.4499969482422,0.008284516486208204
2024-02-01,2053.0,103.05000305175781,3.86299991607666,13.880000114440918,4906.18994140625,190.41000366210938,0.0022431851049438123
2024-02-02,2036.0999755859375,103.91999816894531,4.0329999923706055,13.850000381469727,4958.60986328125,188.61000061035156,-0.008265936631712378
2024-02-05,2025.699951171875,104.44999694824219,4.164000034332275,13.670000076293945,4942.81005859375,187.57000732421875,-0.005120905671782694
2024-02-06,2034.5,104.18000030517578,4.090000152587891,13.0600004196167,4954.22998046875,188.5500030517578,0.0043347927263059916
2024-02-07,2035.199951171875,104.04000091552734,4.110000133514404,12.829999923706055,4995.06005859375,188.5,0.00034398171225102914
2024-02-08,2032.199951171875,104.1500015258789,4.170000076293945,12.789999961853027,4997.91015625,188.3300018310547,-0.0014751441294391654
2024-02-09,2023.300048828125,104.08000183105469,4.186999797821045,12.930000305175781,5026.60986328125,187.60000610351562,-0.0043890601064937584
2024-02-12,2018.199951171875,104.16999816894531,4.171999931335449,13.930000305175781,5021.83984375,187.11000061035156,-0.0025238650815326835
2024-02-13,1992.9000244140625,104.95999908447266,4.315999984741211,15.850000381469727,4953.169921875,184.52999877929688,-0.012615124246704745
2024-02-14,1990.300048828125,104.72000122070312,4.267000198364258,14.380000114440918,5000.6201171875,184.4199981689453,-0.0013054709316033808
2024-02-15,2002.0999755859375,104.30000305175781,4.239999771118164,14.010000228881836,5029.72998046875,185.66000366210938,0.00591121182520471
2024-02-16,2011.5,104.27999877929688,4.295000076293945,14.239999771118164,5005.56982421875,186.33999633789062,0.004684094906416192
2024-02-20,2027.5,104.08000183105469,4.275000095367432,15.420000076293945,4975.509765625,187.47000122070312,0.007922794599725336
2024-02-21,2022.300048828125,104.01000213623047,4.324999809265137,15.34000015258789,4981.7998046875,187.47999572753906,-0.002568005317217903
2024-02-22,2019.699951171875,103.95999908447266,4.327000141143799,14.539999961853027,5087.02978515625,187.55999755859375,-0.0012865403339379355
2024-02-23,2038.5999755859375,103.94000244140625,4.260000228881836,13.75,5088.7998046875,188.6199951171875,0.009314324420003572
2024-02-26,2028.5,103.83000183105469,4.298999786376953,13.739999771118164,5069.52978515625,188.1999969482422,-0.004966682111914089
2024-02-27,2034.0,103.83000183105469,4.315000057220459,13.430000305175781,5078.18017578125,188.0,0.0027076939620034324
2024-02-28,2033.0,103.9800033569336,4.27400016784668,13.84000015258789,5069.759765625,188.33999633789062,-0.0004917629801584056
2024-02-29,2045.699951171875,104.16000366210938,4.251999855041504,13.399999618530273,5096.27001953125,189.30999755859375,0.006227470697706572
2024-03-01,2086.89990234375,103.86000061035156,4.179999828338623,13.109999656677246,5137.080078125,192.88999938964844,0.01993965913984308
2024-03-04,2117.699951171875,103.83000183105469,4.218999862670898,13.489999771118164,5130.9501953125,196.00999450683594,0.014650906546489928
2024-03-05,2133.5,103.80000305175781,4.13700008392334,14.460000038146973,5078.64990234375,197.19000244140625,0.00743325261566774
2024-03-06,2150.300048828125,103.37000274658203,4.104000091552734,14.5,5104.759765625,198.80999755859375,0.007843566350875797
2024-03-07,2158.0,102.81999969482422,4.0920000076293945,14.4399995803833,5157.35986328125,199.94000244140625,0.0035744768391499093
2024-03-08,2178.60009765625,102.73999786376953,4.089000225067139,14.739999771118164,5123.68994140625,201.6300048828125,0.009500646655496325
2024-03-11,2182.5,102.87000274658203,4.104000091552734,15.220000267028809,5117.93994140625,202.0,0.0017884952401807652
2024-03-12,2160.39990234375,102.95999908447266,4.15500020980835,13.84000015258789,5175.27001953125,199.7899932861328,-0.01017766419787769
2024-03-13,2175.39990234375,102.79000091552734,4.191999912261963,13.75,5165.31005859375,201.19000244140625,0.006919166252700393
2024-03-14,2163.0,103.36000061035156,4.297999858856201,14.399999618530273,5150.47998046875,200.35000610351562,-0.005716363815521319
2024-03-15,2157.300048828125,103.43000030517578,4.303999900817871,14.40999984741211,5117.08984375,199.7100067138672,-0.0026386845425951932
2024-03-18,2160.699951171875,103.58000183105469,4.340000152587891,14.329999923706055,5149.419921875,200.02999877929688,0.0015747582428708995
2024-03-19,2156.300048828125,103.80999755859375,4.296999931335449,13.819999694824219,5178.509765625,199.8000030517578,-0.0020384080923117054
2024-03-20,2157.89990234375,103.41000366210938,4.2729997634887695,13.039999961853027,5224.6201171875,202.17999267578125,0.0007416687251717846
2024-03-21,2182.39990234375,104.0,4.270999908447266,12.920000076293945,5241.52978515625,201.97000122070312,0.011289662615765472
2024-03-22,2158.10009765625,104.43000030517578,4.2179999351501465,13.0600004196167,5234.18017578125,200.35000610351562,-0.011196893703512067
2024-03-25,2174.800048828125,104.2300033569336,4.252999782562256,13.1899995803833,5218.18994140625,200.99000549316406,0.007708478525095153
2024-03-26,2175.60009765625,104.29000091552734,4.234000205993652,13.239999771118164,5203.580078125,201.63999938964844,0.0003678047123045758
2024-03-27,2190.60009765625,104.3499984741211,4.196000099182129,12.779999732971191,5248.490234375,203.10000610351562,0.006870990033479352
2024-03-28,2217.39990234375,104.55000305175781,4.205999851226807,13.010000228881836,5254.35009765625,205.72000122070312,0.01215977082804276
2024-04-01,2236.5,105.0199966430664,4.328999996185303,13.649999618530273,5243.77001953125,207.82000732421875,0.008576849575533174
2024-04-02,2261.0,104.81999969482422,4.364999771118164,14.609999656677246,5205.81005859375,210.88999938964844,0.010895049405067248
2024-04-03,2294.39990234375,104.25,4.355000019073486,14.329999923706055,5211.490234375,212.74000549316406,0.01466413556445989
2024-04-04,2288.800048828125,104.12000274658203,4.309000015258789,16.350000381469727,5147.2099609375,211.52000427246094,-0.0024436447730247224
2024-04-05,2325.699951171875,104.30000305175781,4.377999782562256,16.030000686645508,5204.33984375,215.13999938964844,0.015993363911781522
2024-04-08,2331.699951171875,104.13999938964844,4.423999786376953,15.1899995803833,5202.39013671875,216.47999572753906,0.002576546332762497
2024-04-09,2343.5,104.1500015258789,4.366000175476074,14.979999542236328,5209.91015625,217.6699981689453,0.005047944048811814
2024-04-10,2329.60009765625,105.25,4.559999942779541,15.800000190734863,5160.64013671875,215.61000061035156,-0.005948917440644408
2024-04-11,2354.800048828125,105.27999877929688,4.576000213623047,14.90999984741211,5199.06005859375,219.8000030517578,0.01075919796756164
2024-04-12,2356.199951171875,106.04000091552734,4.499000072479248,17.309999465942383,5123.41015625,216.88999938964844,0.0005943121990892308
2024-04-15,2365.800048828125,106.20999908447266,4.627999782562256,19.229999542236328,5061.81982421875,220.9499969482422,0.004066120662028716
2024-04-16,2390.800048828125,106.26000213623047,4.658999919891357,18.399999618530273,5051.41015625,221.22000122070312,0.010511806622644393
2024-04-17,2371.699951171875,105.94999694824219,4.585000038146973,18.209999084472656,5022.2099609375,219.58999633789062,-0.008021081390408469
2024-04-18,2382.300048828125,106.1500015258789,4.646999835968018,18.0,5011.1201171875,220.33999633789062,0.004459451082454713
2024-04-19,2398.39990234375,106.1500015258789,4.614999771118164,18.709999084472656,4967.22998046875,221.02999877929688,0.006735379565596666
2024-04-22,2332.199951171875,106.08000183105469,4.623000144958496,16.940000534057617,5010.60009765625,215.57000732421875,-0.02798980048135924
2024-04-23,2327.699951171875,105.69000244140625,4.5980000495910645,15.6899995803833,5070.5498046875,215.0399932861328,-0.0019313725586949104
2024-04-24,2324.5,105.86000061035156,4.6519999504089355,15.970000267028809,5071.6298828125,214.63999938964844,-0.0013756724603899428
2024-04-25,2329.800048828125,105.5999984741211,4.705999851226807,15.369999885559082,5048.419921875,215.9199981689453,0.00227748579311271
2024-04-26,2334.800048828125,105.94000244140625,4.669000148773193,15.029999732971191,5099.9599609375,216.6199951171875,0.0021438073190775953
2024-04-29,2345.39990234375,105.58000183105469,4.613999843597412,14.670000076293945,5116.169921875,216.17999267578125,0.004529666146779299
2024-04-30,2291.39990234375,106.22000122070312,4.685999870300293,15.649999618530273,5035.68994140625,211.8699951171875,-0.023292979548680037
2024-05-01,2299.89990234375,105.76000213623047,4.59499979019165,15.390000343322754,5018.39013671875,213.7899932861328,0.003702659409149156
2024-05-02,2299.199951171875,105.30000305175781,4.571000099182129,14.680000305175781,5064.2001953125,213.1300048828125,-0.00030438616232419946
2024-05-03,2299.0,105.02999877929688,4.5,13.489999771118164,5127.7900390625,212.9600067138672,-8.696932457219475e-05
2024-05-06,2321.60009765625,105.05000305175781,4.488999843597412,13.489999771118164,5180.740234375,215.1999969482422,0.009782399430942057
2024-05-07,2315.199951171875,105.41000366210938,4.4629998207092285,13.229999542236328,5187.7001953125,214.2100067138672,-0.0027605894071447423
2024-05-08,2313.60009765625,105.55000305175781,4.492000102996826,13.0,5187.669921875,213.5800018310547,-0.000691260612883049
2024-05-09,2332.10009765625,105.2300033569336,4.448999881744385,12.6899995803833,5214.080078125,216.9499969482422,0.007964395898362397
2024-05-10,2367.300048828125,105.30999755859375,4.504000186920166,12.550000190734863,5222.68017578125,218.7100067138672,0.014980894748722662
2024-05-13,2336.10009765625,105.22000122070312,4.480999946594238,13.600000381469727,5221.419921875,216.25999450683594,-0.01326717176702008
2024-05-14,2353.39990234375,105.01000213623047,4.445000171661377,13.420000076293945,5246.68017578125,218.08999633789062,0.007378135479852332
2024-05-15,2388.699951171875,104.3499984741211,4.355999946594238,12.449999809265137,5308.14990234375,220.88999938964844,0.014888214910603992
2024-05-16,2380.0,104.45999908447266,4.376999855041504,12.420000076293945,5297.10009765625,220.02999877929688,-0.0036487767790971404
2024-05-17,2412.199951171875,104.44999694824219,4.420000076293945,11.989999771118164,5303.27001953125,223.66000366210938,0.013438686241467934
2024-05-20,2433.89990234375,104.56999969482422,4.436999797821045,12.149999618530273,5308.1298828125,224.55999755859375,0.0089556950387788
2024-05-21,2421.699951171875,104.66000366210938,4.414000034332275,11.859999656677246,5321.41015625,224.22999572753906,-0.0050251162420584805
2024-05-22,2389.199951171875,104.94000244140625,4.434000015258789,12.289999961853027,5307.009765625,220.11000061035156,-0.01351119128257583
2024-05-23,2335.0,105.11000061035156,4.474999904632568,12.770000457763672,5267.83984375,215.72000122070312,-0.022946670318134466
2024-05-24,2332.5,104.72000122070312,4.4670000076293945,11.930000305175781,5304.72021484375,215.9199981689453,-0.0010712373814989462
2024-05-28,2355.199951171875,104.61000061035156,4.541999816894531,12.920000076293945,5306.0400390625,218.19000244140625,0.009684975081007074
2024-05-29,2340.300048828125,105.0999984741211,4.624000072479248,14.279999732971191,5266.9501953125,216.16000366210938,-0.0063464816760836484
2024-05-30,2342.89990234375,104.72000122070312,4.553999900817871,14.470000267028809,5235.47998046875,216.57000732421875,0.001110289464387293
2024-05-31,2322.89990234375,104.66999816894531,4.513999938964844,12.920000076293945,5277.509765625,215.3000030517578,-0.008573073570683043
2024-06-03,2346.60009765625,104.13999938964844,4.4019999504089355,13.109999656677246,5283.39990234375,217.22000122070312,0.010151150585457458
2024-06-04,2325.5,104.11000061035156,4.335999965667725,13.15999984741211,5291.33984375,215.27000427246094,-0.009032443941432433
2024-06-05,2354.10009765625,104.2699966430664,4.289000034332275,12.630000114440918,5354.02978515625,217.82000732421875,0.012223460620860216
2024-06-06,2370.300048828125,104.0999984741211,4.281000137329102,12.579999923706055,5352.9599609375,219.42999267578125,0.006858019711762253
2024-06-07,2305.199951171875,104.88999938964844,4.429999828338623,12.220000267028809,5346.990234375,211.60000610351562,-0.027849130615993367
2024-06-10,2307.699951171875,105.1500015258789,4.468999862670898,12.739999771118164,5360.7900390625,213.5399932861328,0.001083916970968879
2024-06-11,2307.5,105.2300033569336,4.4039998054504395,12.850000381469727,5375.31982421875,214.14999389648438,-8.664897474286448e-05
2024-06-12,2336.0,104.6500015258789,4.295000076293945,12.039999961853027,5421.02978515625,214.72000122070312,0.012275377571111079
2024-06-13,2300.199951171875,105.19999694824219,4.23799991607666,11.9399995803833,5433.740234375,212.97000122070312,-0.015444010517410511
2024-06-14,2331.39990234375,105.55000305175781,4.2129998207092285,12.65999984741211,5431.60009765625,215.72999572753906,0.013472849167638579
2024-06-17,2312.39990234375,105.31999969482422,4.2789998054504395,12.75,5473.22998046875,214.61000061035156,-0.008182999621581644
2024-06-18,2330.39990234375,105.26000213623047,4.2170000076293945,12.300000190734863,5487.02978515625,215.47000122070312,0.007753980763100188
2024-06-20,2353.800048828125,105.58999633789062,4.254000186920166,13.279999732971191,5473.169921875,218.16000366210938,0.009991179448078924
2024-06-21,2316.39990234375,105.80000305175781,4.256999969482422,13.199999809265137,5464.6201171875,214.77999877929688,-0.016016849994939797
2024-06-24,2330.0,105.47000122070312,4.248000144958496,13.329999923706055,5447.8701171875,215.6300048828125,0.005854053366742384
2024-06-25,2316.60009765625,105.61000061035156,4.23799991607666,12.84000015258789,5469.2998046875,214.55999755859375,-0.005767631906511639
2024-06-26,2299.199951171875,106.05000305175781,4.315999984741211,12.550000190734863,5477.89990234375,212.5800018310547,-0.007539420565480626
2024-06-27,2324.5,105.91000366210938,4.288000106811523,12.239999771118164,5482.8701171875,214.99000549316406,0.010943747042885477
2024-06-28,2327.699951171875,105.87000274658203,4.3429999351501465,12.4399995803833,5460.47998046875,215.00999450683594,0.0013756724603899428
2024-07-01,2327.60009765625,105.9000015258789,4.479000091552734,12.220000267028809,5475.08984375,215.57000732421875,-4.2898852745665295e-05
2024-07-02,2323.0,105.72000122070312,4.435999870300293,12.029999732971191,5509.009765625,215.55999755859375,-0.001978281967874196
2024-07-03,2359.800048828125,105.4000015258789,4.355000019073486,12.09000015258789,5537.02001953125,217.99000549316406,0.015717436587046052
2024-07-05,2388.5,104.87999725341797,4.271999835968018,12.479999542236328,5567.18994140625,220.92999267578125,0.012088663472560768
2024-07-08,2355.199951171875,105.01000213623047,4.269000053405762,12.369999885559082,5572.85009765625,218.19000244140625,-0.014039925027510058
2024-07-09,2360.10009765625,105.12000274658203,4.300000190734863,12.510000228881836,5576.97998046875,218.55999755859375,0.0020784035788130595
2024-07-10,2372.199951171875,105.05000305175781,4.28000020980835,12.850000381469727,5633.91015625,219.36000061035156,0.005113741630379032
2024-07-11,2415.0,104.44000244140625,4.192999839782715,12.920000076293945,5584.5400390625,223.25,0.017881513074974542
2024-07-12,2414.0,104.08999633789062,4.189000129699707,12.460000038146973,5615.35009765625,223.11000061035156,-0.00041416442919572916
2024-07-15,2422.89990234375,104.19000244140625,4.229000091552734,13.119999885559082,5631.22021484375,223.8300018310547,0.0036800068503834993
2024-07-16,2462.39990234375,104.2699966430664,4.166999816894531,13.1899995803833,5667.2001953125,228.2899932861328,0.016171314917782453
2024-07-17,2454.800048828125,103.75,4.145999908447266,14.479999542236328,5588.27001953125,227.22999572753906,-0.0030911330198239995
2024-07-18,2451.800048828125,104.16999816894531,4.189000129699707,15.930000305175781,5544.58984375,225.77999877929688,-0.0012228428297103022
2024-07-19,2395.5,104.4000015258789,4.238999843597412,16.520000457763672,5505.0,221.72999572753906,-0.02323049125293153
2024-07-22,2392.0,104.30999755859375,4.260000228881836,14.90999984741211,5564.41015625,221.8000030517578,-0.0014621412526549804
2024-07-23,2404.60009765625,104.44999694824219,4.238999843597412,14.720000267028809,5555.740234375,222.5800018310547,0.005253774082549789
2024-07-24,2413.300048828125,104.38999938964844,4.285999774932861,18.040000915527344,5427.1298828125,221.8000030517578,0.003611515541423138
2024-07-25,2351.89990234375,104.36000061035156,4.25600004196167,18.459999084472656,5399.22021484375,218.3300018310547,-0.025771655108934866
2024-07-26,2380.0,104.31999969482422,4.199999809265137,16.389999389648438,5459.10009765625,220.6300048828125,0.011877017079959806
2024-07-29,2377.300048828125,104.55999755859375,4.177999973297119,16.600000381469727,5463.5400390625,220.32000732421875,-0.0011350772219733685
2024-07-30,2405.0,104.55000305175781,4.14300012588501,17.690000534057617,5436.43994140625,222.52000427246094,0.01158449309631493
2024-07-31,2426.5,104.0999984741211,4.109000205993652,16.360000610351562,5522.2998046875,226.5500030517578,0.008899986305409335
2024-08-01,2435.0,104.41999816894531,3.9760000705718994,18.59000015258789,5446.68017578125,225.77000427246094,0.003496866671419241
2024-08-02,2425.699951171875,103.20999908447266,3.7920000553131104,23.389999389648438,5346.56005859375,225.33999633789062,-0.00382663413501394
2024-08-05,2401.699951171875,102.69000244140625,3.7850000858306885,38.56999969482422,5186.330078125,222.47999572753906,-0.009943322792610232
2024-08-06,2389.10009765625,102.97000122070312,3.888000011444092,27.709999084472656,5240.02978515625,220.6999969482422,-0.005260032745344034
2024-08-07,2390.5,103.19999694824219,3.9679999351501465,27.850000381469727,5199.5,220.5500030517578,0.0005857822224362152
2024-08-08,2422.199951171875,103.20999908447266,3.996999979019165,23.790000915527344,5319.31005859375,224.00999450683594,0.013173648862206733
2024-08-09,2432.10009765625,103.13999938964844,3.941999912261963,20.3700008392334,5344.16015625,224.55999755859375,0.004078923886462249
2024-08-12,2462.39990234375,103.13999938964844,3.9089999198913574,20.709999084472656,5344.39013671875,228.41000366210938,0.012381322610815815
2024-08-13,2466.699951171875,102.55999755859375,3.8519999980926514,18.1200008392334,5434.43017578125,228.05999755859375,0.0017447607257965458
2024-08-14,2439.39990234375,102.56999969482422,3.819999933242798,16.190000534057617,5455.2099609375,226.1999969482422,-0.011129137775199638
2024-08-15,2453.10009765625,102.9800033569336,3.9260001182556152,15.229999542236328,5543.22021484375,226.91000366210938,0.005600503269123536
2024-08-16,2498.60009765625,102.45999908447266,3.8919999599456787,14.800000190734863,5554.25,231.99000549316406,0.0183780434367522
2024-08-19,2501.800048828125,101.88999938964844,3.867000102996826,14.649999618530273,5608.25,231.61000061035156,0.0012798782157226185
2024-08-20,2511.300048828125,101.44000244140625,3.818000078201294,15.880000114440918,5597.1201171875,232.4600067138672,0.0037900744796477426
2024-08-21,2508.39990234375,101.04000091552734,3.7780001163482666,16.270000457763672,5620.85009765625,232.14999389648438,-0.001155506040310783
2024-08-22,2478.89990234375,101.51000213623047,3.861999988555908,17.549999237060547,5570.64013671875,229.3699951171875,-0.011830186756921712
2024-08-23,2508.39990234375,100.72000122070312,3.806999921798706,15.859999656677246,5634.60986328125,232.02000427246094,0.011830186756921712
2024-08-26,2517.699951171875,100.8499984741211,3.818000078201294,16.149999618530273,5616.83984375,232.75999450683594,0.0037007061988525436
2024-08-27,2516.0,100.55000305175781,3.8329999446868896,15.430000305175781,5625.7998046875,233.38999938964844,-0.0006754281156968744
2024-08-28,2501.0,101.08999633789062,3.8410000801086426,17.110000610351562,5592.18017578125,231.75,-0.0059796869427115595
2024-08-29,2525.699951171875,101.33999633789062,3.867000102996826,15.649999618530273,5591.9599609375,232.9499969482422,0.009827580801596625
2024-08-30,2493.800048828125,101.69999694824219,3.9110000133514404,15.0,5648.39990234375,231.2899932861328,-0.012710561536922071
2024-09-03,2489.89990234375,101.83000183105469,3.8440001010894775,20.719999313354492,5528.93017578125,230.2899932861328,-0.00156516135352458
2024-09-04,2493.39990234375,101.36000061035156,3.7679998874664307,21.31999969482422,5520.06982421875,230.42999267578125,0.0014046919562069604
2024-09-05,2511.39990234375,101.11000061035156,3.7309999465942383,19.899999618530273,5503.41015625,232.35000610351562,0.00719312592470267
2024-09-06,2493.5,101.18000030517578,3.7100000381469727,22.3799991607666,5408.419921875,230.6300048828125,-0.007152981683502091
2024-09-09,2501.800048828125,101.55000305175781,3.697000026702881,19.450000762939453,5471.0498046875,231.60000610351562,0.003323146311661418
2024-09-10,2512.300048828125,101.62999725341797,3.6459999084472656,19.079999923706055,5495.52001953125,232.6199951171875,0.00418819534666337
2024-09-11,2512.10009765625,101.68000030517578,3.6530001163482666,17.690000534057617,5554.1298828125,232.25,-7.95920572214115e-05
2024-09-12,2551.199951171875,101.37000274658203,3.680000066757202,17.06999969482422,5595.759765625,236.3300018310547,0.015444721969290143
2024-09-13,2581.300048828125,101.11000061035156,3.6500000953674316,16.559999465942383,5626.02001953125,238.67999267578125,0.011729349341313977
2024-09-16,2580.39990234375,100.76000213623047,3.621000051498413,17.139999389648438,5633.08984375,238.66000366210938,-0.0003487790851908201
2024-09-17,2564.300048828125,100.88999938964844,3.6419999599456787,17.610000610351562,5634.580078125,237.33999633789062,-0.00625883189495724
2024-09-18,2570.699951171875,100.5999984741211,3.684999942779541,18.229999542236328,5618.259765625,235.50999450683594,0.002492660431349769
2024-09-19,2588.0,100.61000061035156,3.740000009536743,16.329999923706055,5713.64013671875,239.1699981689453,0.006707160271704815
2024-09-20,2619.89990234375,100.72000122070312,3.7279999256134033,16.149999618530273,5702.5498046875,242.2100067138672,0.012250735192204765
2024-09-23,2626.5,100.91999816894531,3.739000082015991,15.890000343322754,5718.56982421875,242.67999267578125,0.0025160495810210293
2024-09-24,2651.199951171875,100.37000274658203,3.7360000610351562,15.390000343322754,5732.93017578125,246.07000732421875,0.009360187860914415
2024-09-25,2659.199951171875,100.91999816894531,3.7809998989105225,15.40999984741211,5722.259765625,245.72999572753906,0.0030129580442377346
2024-09-26,2669.89990234375,100.55999755859375,3.7909998893737793,15.369999885559082,5745.3701171875,246.97999572753906,0.004015674633472521
2024-09-27,2644.300048828125,100.41999816894531,3.749000072479248,16.959999084472656,5738.169921875,245.02000427246094,-0.009634583484436021
2024-09-30,2636.10009765625,100.77999877929688,3.802000045776367,16.729999542236328,5762.47998046875,243.05999755859375,-0.003105809232568646
2024-10-01,2667.300048828125,101.19000244140625,3.743000030517578,19.260000228881836,5708.75,245.61000061035156,0.011766153885765185
2024-10-02,2647.10009765625,101.68000030517578,3.7850000858306885,18.899999618530273,5709.5400390625,245.66000366210938,-0.007602005078805263
2024-10-03,2657.10009765625,101.98999786376953,3.8499999046325684,20.489999771118164,5699.93994140625,245.49000549316406,0.003770601213994418
2024-10-04,2645.800048828125,102.5199966430664,3.9809999465942383,19.209999084472656,5751.06982421875,245.0,-0.00426184375335481
2024-10-07,2644.800048828125,102.54000091552734,4.026000022888184,22.639999389648438,5695.93994140625,244.1699981689453,-0.0003780289545414206
2024-10-08,2615.0,102.55000305175781,4.0329999923706055,21.420000076293945,5751.1298828125,242.3699951171875,-0.011331369029671912
2024-10-09,2606.0,102.93000030517578,4.066999912261963,20.860000610351562,5792.0400390625,241.0500030517578,-0.0034476188142322783
2024-10-10,2620.60009765625,102.98999786376953,4.0960001945495605,20.93000030517578,5780.0498046875,242.82000732421875,0.005586857750537355
2024-10-11,2657.60009765625,102.88999938964844,4.072999954223633,20.459999084472656,5815.02978515625,245.47000122070312,0.014020160169732065
2024-10-14,2647.800048828125,103.30000305175781,4.0980000495910645,19.700000762939453,5859.85009765625,245.07000732421875,-0.003694371660486695
2024-10-15,2661.39990234375,103.26000213623047,4.038000106811523,20.639999389648438,5815.259765625,245.9199981689453,0.005123138471504696
2024-10-16,2674.0,103.58999633789062,4.015999794006348,19.579999923706055,5842.47021484375,247.14999389648438,0.0047232152458107635
2024-10-17,2691.0,103.83000183105469,4.0960001945495605,19.110000610351562,5841.47021484375,248.6300048828125,0.006337393065017238
2024-10-18,2713.699951171875,103.48999786376953,4.072999954223633,18.030000686645508,5864.669921875,251.27000427246094,0.008400127613583663
2024-10-21,2723.10009765625,104.01000213623047,4.182000160217285,18.3700008392334,5853.97998046875,251.22000122070312,0.0034579737223614515
2024-10-22,2744.199951171875,104.08000183105469,4.203999996185303,18.200000762939453,5851.2001953125,253.92999267578125,0.007718602631014093
2024-10-23,2714.39990234375,104.43000030517578,4.242000102996826,19.239999771118164,5797.419921875,250.8699951171875,-0.010918677200948856
2024-10-24,2734.89990234375,104.05999755859375,4.199999809265137,19.079999923706055,5809.85986328125,252.8000030517578,0.007523937915991041
2024-10-25,2740.89990234375,104.26000213623047,4.23199987411499,20.329999923706055,5808.1201171875,253.32000732421875,0.0021914615637026458
2024-10-28,2742.89990234375,104.31999969482422,4.2779998779296875,19.799999237060547,5823.52001953125,253.3300018310547,0.0007294212625952312
2024-10-29,2768.39990234375,104.27999877929688,4.27400016784668,19.34000015258789,5832.919921875,256.0899963378906,0.009253781457163157
2024-10-30,2788.5,103.98999786376953,4.265999794006348,20.350000381469727,5813.669921875,257.5,0.007234316137240349
2024-10-31,2738.300048828125,103.9800033569336,4.283999919891357,23.15999984741211,5705.4501953125,253.50999450683594,-0.018166509123427765
2024-11-01,2738.60009765625,104.27999877929688,4.361000061035156,21.8799991607666,5728.7998046875,252.47000122070312,0.0001095688511387749
2024-11-04,2736.10009765625,103.88999938964844,4.309000015258789,21.979999542236328,5712.68994140625,252.8300018310547,-0.000913292083431827
2024-11-05,2740.300048828125,103.41999816894531,4.289000034332275,20.489999771118164,5782.759765625,253.39999389648438,0.0015338367843664713
2024-11-06,2667.60009765625,105.08999633789062,4.426000118255615,16.270000457763672,5929.0400390625,245.6999969482422,-0.026888192891822982
2024-11-07,2698.39990234375,104.51000213623047,4.341000080108643,15.199999809265137,5973.10009765625,249.64999389648438,0.0114797401905804
2024-11-08,2687.5,105.0,4.306000232696533,14.9399995803833,5995.5400390625,247.9600067138672,-0.004047575121093772
2024-11-11,2611.199951171875,105.54000091552734,4.308000087738037,14.970000267028809,6001.35009765625,242.13999938964844,-0.02880152636562716
2024-11-12,2600.0,106.0199966430664,4.432000160217285,14.710000038146973,5983.990234375,240.0500030517578,-0.0042984220607173995
2024-11-13,2580.800048828125,106.4800033569336,4.451000213623047,14.020000457763672,5985.3798828125,237.6300048828125,-0.007411997718866026
2024-11-14,2568.199951171875,106.66999816894531,4.418000221252441,14.3100004196167,5949.169921875,237.00999450683594,-0.004894201906120443
2024-11-15,2565.699951171875,106.69000244140625,4.427999973297119,16.139999389648438,5870.6201171875,236.58999633789062,-0.0009739185590538213
2024-11-18,2610.60009765625,106.27999877929688,4.414000034332275,15.579999923706055,5893.6201171875,241.08999633789062,0.017348790536743763
2024-11-19,2627.10009765625,106.20999908447266,4.379000186920166,16.350000381469727,5916.97998046875,243.25,0.006300496006653944
2024-11-20,2648.199951171875,106.68000030517578,4.406000137329102,17.15999984741211,5917.10986328125,244.6199951171875,0.007999532098494022
2024-11-21,2672.10009765625,106.97000122070312,4.432000160217285,16.8700008392334,5948.7099609375,246.66000366210938,0.00898457118513818
2024-11-22,2709.89990234375,107.48999786376953,4.409999847412109,15.239999771118164,5969.33984375,249.83999633789062,0.01404698113449765
2024-11-25,2616.800048828125,106.81999969482422,4.264999866485596,14.600000381469727,5987.3701171875,242.47999572753906,-0.034959481903407585
2024-11-26,2620.300048828125,107.01000213623047,4.302000045776367,14.100000381469727,6021.6298828125,242.9499969482422,0.0013366177677767155
2024-11-27,2639.89990234375,106.08000183105469,4.242000102996826,14.100000381469727,5998.740234375,243.49000549316406,0.007452166991227749
2024-11-29,2657.0,105.73999786376953,4.177999973297119,13.510000228881836,6032.3798828125,245.58999633789062,0.006456666117156118
2024-12-02,2634.89990234375,106.44999694824219,4.196000099182129,13.34000015258789,6047.14990234375,243.44000244140625,-0.008352473231235003
2024-12-03,2644.699951171875,106.37000274658203,4.2230000495910645,13.300000190734863,6049.8798828125,243.92999267578125,0.003712425318383339
2024-12-04,2653.800048828125,106.33999633789062,4.179999828338623,13.449999809265137,6086.490234375,244.6699981689453,0.0034349746546977755
2024-12-05,2626.60009765625,105.70999908447266,4.179999828338623,13.539999961853027,6075.10986328125,242.86000061035156,-0.010302322170882228
2024-12-06,2638.60009765625,105.97000122070312,4.151000022888184,12.770000457763672,6090.27001953125,242.9499969482422,0.004558239129528907
2024-12-09,2664.89990234375,106.1500015258789,4.198999881744385,14.1899995803833,6052.85009765625,245.36000061035156,0.009917986338086493
2024-12-10,2697.60009765625,106.4000015258789,4.2210001945495605,14.180000305175781,6034.91015625,248.58999633789062,0.012196028210302856
2024-12-11,2733.800048828125,106.70999908447266,4.270999908447266,13.579999923706055,6084.18994140625,250.9600067138672,0.013330075570755717
2024-12-12,2687.5,106.95999908447266,4.323999881744385,13.920000076293945,6051.25,247.27999877929688,-0.01708120714353356
2024-12-13,2656.0,107.0,4.39900016784668,13.8100004196167,6051.08984375,244.2899932861328,-0.011790161839593694
2024-12-16,2651.39990234375,106.86000061035156,4.396999835968018,14.6899995803833,6074.080078125,244.8800048828125,-0.0017334660635324184
2024-12-17,2644.39990234375,106.95999908447266,4.385000228881836,15.869999885559082,6050.60986328125,243.94000244140625,-0.002643606002823873
2024-12-18,2636.5,108.02999877929688,4.49399995803833,27.6200008392334,5872.16015625,239.25999450683594,-0.0029918795594436887
2024-12-19,2592.199951171875,108.41000366210938,4.570000171661377,24.09000015258789,5867.080078125,239.60000610351562,-0.016945362817807563
2024-12-20,2628.699951171875,107.62000274658203,4.52400016784668,18.360000610351562,5930.85009765625,242.10000610351562,0.013982491661312046
2024-12-23,2612.300048828125,108.04000091552734,4.598999977111816,16.780000686645508,5974.06982421875,240.9600067138672,-0.006258330803748713
2024-12-24,2620.0,108.26000213623047,4.591000080108643,14.270000457763672,6040.0400390625,241.44000244140625,0.002943239744862325
2024-12-26,2638.800048828125,108.12999725341797,4.578999996185303,14.729999542236328,6037.58984375,243.07000732421875,0.0071499690974858865
2024-12-27,2617.199951171875,108.0,4.61899995803833,15.949999809265137,5970.83984375,241.39999389648438,-0.008219261513672471
2024-12-30,2606.10009765625,108.12999725341797,4.545000076293945,17.399999618530273,5906.93994140625,240.6300048828125,-0.004250136932791193
2024-12-31,2629.199951171875,108.48999786376953,4.572999954223633,17.350000381469727,5881.6298828125,242.1300048828125,0.00882471041177979
2025-01-02,2658.89990234375,109.38999938964844,4.574999809265137,17.93000030517578,5868.5498046875,245.4199981689453,0.011232867866452168
2025-01-03,2645.0,108.94999694824219,4.5960001945495605,16.1299991607666,5942.47021484375,243.49000549316406,-0.005241401391996803
2025-01-06,2638.39990234375,108.26000213623047,4.618000030517578,16.040000915527344,5975.3798828125,243.19000244140625,-0.002498429500501942
2025-01-07,2656.699951171875,108.54000091552734,4.683000087738037,17.81999969482422,5909.02978515625,244.55999755859375,0.006912096917742971
2025-01-08,2664.5,109.08999633789062,4.692999839782715,17.700000762939453,5918.25,245.86000061035156,0.0029316900271956214
2025-01-09,2683.800048828125,109.18000030517578,4.692999839782715,17.700000762939453,5918.25,245.86000061035156,0.007217296123673833
2025-01-10,2708.5,109.6500015258789,4.776000022888184,19.540000915527344,5827.0400390625,248.2100067138672,0.009161257237443543
2025-01-13,2673.5,109.95999908447266,4.802999973297119,19.190000534057617,5836.22021484375,245.74000549316406,-0.013006500709167312
2025-01-14,2677.5,109.2699966430664,4.788000106811523,18.709999084472656,5842.91015625,247.02999877929688,0.0014950479331172772
2025-01-15,2712.5,109.08999633789062,4.6529998779296875,16.1200008392334,5949.91015625,248.8800048828125,0.01298719552681149
2025-01-16,2746.39990234375,108.95999908447266,4.605999946594238,16.600000381469727,5937.33984375,250.60000610351562,0.012420208736854121
2025-01-17,2744.300048828125,109.3499984741211,4.609000205993652,15.970000267028809,5996.66015625,249.27000427246094,-0.0007648764771968075
2025-01-21,2755.0,108.05999755859375,4.573999881744385,15.0600004196167,6049.240234375,253.1300048828125,0.0038913914786418147
2025-01-22,2767.60009765625,108.16999816894531,4.598999977111816,15.100000381469727,6086.3701171875,254.42999267578125,0.004563111323177438
2025-01-23,2763.10009765625,108.05000305175781,4.638000011444092,15.020000457763672,6118.7099609375,254.07000732421875,-0.001627280754371796
2025-01-24,2777.300048828125,107.44000244140625,4.625999927520752,14.850000381469727,6101.240234375,255.64999389648438,0.005125977145750582
2025-01-27,2737.5,107.33999633789062,4.5279998779296875,17.899999618530273,6012.27978515625,252.99000549316406,-0.014434155176814123
2025-01-28,2766.800048828125,107.87000274658203,4.551000118255615,16.40999984741211,6067.7001953125,255.17999267578125,0.010646340249542696
2025-01-29,2769.10009765625,108.0,4.554999828338623,16.559999465942383,6039.31005859375,254.1999969482422,0.0008309575316065576
2025-01-30,2823.0,107.80000305175781,4.51200008392334,15.84000015258789,6071.169921875,258.04998779296875,0.01927775634758344
2025-01-31,2812.5,108.37000274658203,4.568999767303467,16.43000030517578,6040.52978515625,258.55999755859375,-0.0037263817408135225
2025-02-03,2833.89990234375,108.98999786376953,4.543000221252441,18.6200008392334,5994.56982421875,259.94000244140625,0.007580052840268081
2025-02-04,2853.300048828125,107.95999908447266,4.513000011444092,17.209999084472656,6037.8798828125,262.5,0.006822415916365898
2025-02-05,2871.60009765625,107.58000183105469,4.421999931335449,15.770000457763672,6061.47998046875,264.1300048828125,0.006393163440626459
2025-02-06,2856.0,107.69000244140625,4.440000057220459,15.5,6083.56982421875,263.42999267578125,-0.00544735525046125
2025-02-07,2867.300048828125,108.04000091552734,4.486999988555908,16.540000915527344,6025.990234375,263.8999938964844,0.003948792974386883
2025-02-10,2914.300048828125,108.31999969482422,4.493000030517578,15.8100004196167,6066.43994140625,268.3699951171875,0.016258833046569166
2025-02-11,2912.5,107.95999908447266,4.5370001792907715,16.020000457763672,6068.5,267.3900146484375,-0.000617851606475206
2025-02-12,2909.0,107.94000244140625,4.63700008392334,15.890000343322754,6051.97021484375,267.6700134277344,-0.0012024393787539722
2025-02-13,2925.89990234375,107.30999755859375,4.525000095367432,15.100000381469727,6115.06982421875,270.30999755859375,0.005792712774394637
2025-02-14,2883.60009765625,106.56999969482422,4.4720001220703125,14.770000457763672,6114.6298828125,266.2900085449219,-0.014562544873085947
2025-02-18,2931.60009765625,107.05000305175781,4.544000148773193,15.350000381469727,6129.580078125,270.70001220703125,0.016508834966771246
2025-02-19,2919.39990234375,107.16999816894531,4.534999847412109,15.270000457763672,6144.14990234375,270.8500061035156,-0.004170300117599446
2025-02-20,2940.0,106.33999633789062,4.5,15.65999984741211,6117.52001953125,270.989990234375,0.0070314990870450345
2025-02-21,2937.60009765625,106.61000061035156,4.420000076293945,18.209999084472656,6013.1298828125,270.739990234375,-0.0008166266630071917
2025-02-24,2947.89990234375,106.5999984741211,4.39300012588501,18.979999542236328,5983.25,272.2099914550781,0.003500064634192057
2025-02-25,2904.5,106.30999755859375,4.297999858856201,19.43000030517578,5955.25,268.6199951171875,-0.014831760871325095
2025-02-26,2916.800048828125,106.41999816894531,4.249000072479248,19.100000381469727,5956.06005859375,269.0299987792969,0.004225883232117589
2025-02-27,2883.199951171875,107.23999786376953,4.284999847412109,21.1299991607666,5861.56982421875,264.92999267578125,-0.011586370186079442
2025-02-28,2836.800048828125,107.61000061035156,4.230999946594238,19.6299991607666,5954.5,263.2699890136719,-0.016224097946285987
2025-03-03,2890.199951171875,106.75,4.179999828338623,22.780000686645508,5849.72021484375,266.739990234375,0.018649013437515016
2025-03-04,2909.60009765625,105.73999786376953,4.210000038146973,23.510000228881836,5778.14990234375,269.05999755859375,0.006689961266387101
2025-03-05,2915.300048828125,105.73999786376953,4.264999866485596,21.93000030517578,5842.6298828125,269.6199951171875,0.0019570989537598393
2025-03-06,2916.60009765625,104.05999755859375,4.285999774932861,24.8700008392334,5738.52001953125,268.25,0.00044584057237084807
2025-03-07,2904.699951171875,103.83999633789062,4.316999912261963,23.3700008392334,5770.2001953125,268.3900146484375,-0.0040884898428901195
2025-03-10,2891.0,103.91000366210938,4.2129998207092285,27.860000610351562,5614.56005859375,266.0400085449219,-0.004727634903136213
2025-03-11,2912.89990234375,103.44000244140625,4.288000106811523,26.920000076293945,5572.06982421875,269.1600036621094,0.0075466519578206714
2025-03-12,2939.10009765625,103.61000061035156,4.317999839782715,24.229999542236328,5599.2998046875,270.3299865722656,0.00895433027112258
2025-03-13,2984.300048828125,103.83000183105469,4.27400016784668,24.65999984741211,5521.52001953125,275.1300048828125,0.015261784579634785
2025-03-14,2994.5,103.72000122070312,4.308000087738037,21.770000457763672,5638.93994140625,275.239990234375,0.0034120428795940683
2025-03-17,3000.0,103.37000274658203,4.306000232696533,20.510000228881836,5675.1201171875,276.7300109863281,0.0018350159457281023
2025-03-18,3035.10009765625,103.23999786376953,4.281000137329102,21.700000762939453,5614.66015625,279.9599914550781,0.01163211640533568
2025-03-19,3035.89990234375,103.43000030517578,4.25600004196167,19.899999618530273,5675.2900390625,281.1099853515625,0.0002634836739012769
2025-03-20,3040.0,103.8499984741211,4.232999801635742,19.799999237060547,5662.89013671875,280.75,0.0013496266707839766
2025-03-21,3018.199951171875,104.08999633789062,4.251999855041504,19.280000686645508,5667.56005859375,278.489990234375,-0.0071969043937123445
2025-03-24,3013.10009765625,104.26000213623047,4.330999851226807,17.479999542236328,5767.56982421875,277.25,-0.0016911295043424701
2025-03-25,3023.699951171875,104.18000030517578,4.307000160217285,17.149999618530273,5776.64990234375,278.4700012207031,0.003511749378260376
2025-03-26,3020.89990234375,104.55000305175781,4.3379998207092285,18.329999923706055,5712.2001953125,278.239990234375,-0.0009264629905239019
2025-03-27,3060.199951171875,104.06999969482422,4.36899995803833,18.690000534057617,5693.31005859375,281.9700012207031,0.012925489441903082
2025-03-28,3086.5,104.04000091552734,4.255000114440918,21.649999618530273,5580.93994140625,284.05999755859375,0.00855750550209855
2025-03-31,3122.800048828125,104.20999908447266,4.245999813079834,22.280000686645508,5611.85009765625,288.1400146484375,0.011692288048193333
2025-04-01,3118.89990234375,104.26000213623047,4.156000137329102,21.770000457763672,5633.06982421875,287.57000732421875,-0.0012497066576351301
2025-04-02,3139.89990234375,103.80999755859375,4.196000099182129,21.510000228881836,5670.97021484375,288.1600036621094,0.006710576935194723
2025-04-03,3097.0,102.06999969482422,4.054999828338623,30.020000457763672,5396.52001953125,286.4200134277344,-0.013757020186499602
2025-04-04,3012.0,103.0199966430664,3.984999895095825,45.310001373291016,5074.080078125,279.7200012207031,-0.02782959105342009
2025-04-07,2951.300048828125,103.26000213623047,4.15500020980835,46.97999954223633,5062.25,273.7099914550781,-0.020358542145218372
2025-04-08,2968.39990234375,102.95999908447266,4.26200008392334,52.33000183105469,4982.77001953125,275.20001220703125,0.005777286422797623
2025-04-09,3056.5,102.9000015258789,4.400000095367432,33.619998931884766,5456.89990234375,285.3800048828125,0.029247416271417137
2025-04-10,3155.199951171875,100.87000274658203,4.394000053405762,40.720001220703125,5268.0498046875,292.3500061035156,0.031781399464090754
2025-04-11,3222.199951171875,99.77999877929688,4.493000030517578,37.560001373291016,5363.35986328125,297.92999267578125,0.02101247097035497
2025-04-14,3204.800048828125,99.63999938964844,4.363999843597412,30.889999389648438,5405.97021484375,296.2300109863281,-0.005414639755736417
2025-04-15,3218.699951171875,100.22000122070312,4.322999954223633,30.1200008392334,5396.6298828125,297.7799987792969,0.0043278349931821225
2025-04-16,3326.60009765625,99.37999725341797,4.2789998054504395,32.63999938964844,5275.7001953125,307.4700012207031,0.032973254571937005
2025-04-17,3308.699951171875,99.37999725341797,4.333000183105469,29.649999618530273,5282.7001953125,306.1199951171875,-0.005395442489893654
2025-04-21,3406.199951171875,98.27999877929688,4.40500020980835,33.81999969482422,5158.2001953125,315.5899963378906,0.029041937846947974
2025-04-22,3400.800048828125,98.91999816894531,4.388999938964844,30.56999969482422,5287.759765625,311.1099853515625,-0.0015865736672466824
2025-04-23,3276.300048828125,99.83999633789062,4.38700008392334,28.450000762939453,5375.85986328125,303.6499938964844,-0.03729596062718876
2025-04-24,3332.0,99.29000091552734,4.304999828338623,26.469999313354492,5484.77001953125,308.07000732421875,0.016857972511505892
2025-04-25,3282.39990234375,99.47000122070312,4.265999794006348,24.84000015258789,5525.2099609375,304.7300109863281,-0.014997891910233818
2025-04-28,3332.5,99.01000213623047,4.216000080108643,25.149999618530273,5528.75,309.07000732421875,0.015147940676364158
2025-04-29,3318.800048828125,99.23999786376953,4.172999858856201,24.170000076293945,5560.830078125,306.05999755859375,-0.004119486550148821
2025-04-30,3305.0,99.47000122070312,4.177000045776367,24.700000762939453,5569.06005859375,303.7699890136719,-0.0041668132169281336
2025-05-01,3210.0,100.25,4.230999946594238,24.600000381469727,5604.14013671875,297.4599914550781,-0.02916553616172557
2025-05-02,3231.89990234375,100.0,4.322000026702881,22.68000030517578,5686.669921875,297.9800109863281,0.006799232227836072
2025-05-05,3311.300048828125,99.83000183105469,4.3429999351501465,23.639999389648438,5650.3798828125,306.8800048828125,0.024270706904035322
2025-05-06,3411.39990234375,99.23999786376953,4.308000087738037,24.760000228881836,5606.91015625,315.4800109863281,0.029781859324396365
2025-05-07,3381.39990234375,99.61000061035156,4.275000095367432,23.549999237060547,5631.27978515625,310.75,-0.008832939557882113
2025-05-08,3296.60009765625,100.63999938964844,4.373000144958496,22.479999542236328,5663.93994140625,304.6300048828125,-0.025398132101866366
2025-05-09,3335.39990234375,100.33999633789062,4.375,21.899999618530273,5659.91015625,306.8399963378906,0.011700918988175601
2025-05-12,3220.0,101.79000091552734,4.456999778747559,18.389999389648438,5844.18994140625,298.19000244140625,-0.035211223370302136
2025-05-13,3240.300048828125,101.0,4.499000072479248,18.219999313354492,5886.5498046875,299.4599914550781,0.006284573623098311
2025-05-14,3181.39990234375,101.04000091552734,4.5279998779296875,18.6200008392334,5892.580078125,293.1600036621094,-0.01834461239329066
2025-05-15,3220.699951171875,100.87999725341797,4.454999923706055,17.829999923706055,5916.93017578125,297.8399963378906,0.012277391287756956
2025-05-16,3182.0,101.08999633789062,4.440999984741211,17.239999771118164,5958.3798828125,294.239990234375,-0.012088782158285127
2025-05-19,3228.89990234375,100.43000030517578,4.474999904632568,18.139999389648438,5963.60009765625,298.0299987792969,0.014631561796194958
2025-05-20,3280.300048828125,100.12000274658203,4.480999946594238,18.09000015258789,5940.4599609375,303.5799865722656,0.01579340480163438
2025-05-21,3309.300048828125,99.55999755859375,4.5960001945495605,20.8700008392334,5844.60986328125,305.82000732421875,0.00880180490270277
2025-05-22,3292.300048828125,99.95999908447266,4.552999973297119,20.280000686645508,5842.009765625,303.1099853515625,-0.005150277910233925
2025-05-23,3363.60009765625,99.11000061035156,4.508999824523926,22.290000915527344,5802.81982421875,309.75,0.02142543450396417
2025-05-27,3299.10009765625,99.5199966430664,4.434000015258789,18.959999084472656,5921.5400390625,304.5,-0.01936212440612195
2025-05-28,3293.60009765625,99.87999725341797,4.4770002365112305,19.309999465942383,5888.5498046875,303.80999755859375,-0.0016685124798723194
2025-05-29,3317.10009765625,99.27999877929688,4.423999786376953,19.18000030517578,5912.169921875,305.6099853515625,0.007109715550713602
2025-05-30,3288.89990234375,99.33000183105469,4.415999889373779,18.56999969482422,5911.68994140625,303.6000061035156,-0.008537804000789961
2025-06-02,3370.60009765625,98.69999694824219,4.461999893188477,18.360000610351562,5935.93994140625,311.6700134277344,0.024537666358952492
2025-06-03,3350.199951171875,99.25,4.460000038146973,17.690000534057617,5970.3701171875,308.9100036621094,-0.006070768059981191
2025-06-04,3373.5,98.79000091552734,4.364999771118164,17.610000610351562,5970.81005859375,310.8999938964844,0.00693075011258415
2025-06-05,3350.699951171875,98.73999786376953,4.394000053405762,18.479999542236328,5939.2998046875,309.3299865722656,-0.0067815164251037174
2025-06-06,3322.699951171875,99.19000244140625,4.510000228881836,16.770000457763672,6000.35986328125,305.17999267578125,-0.008391573926159523
2025-06-09,3332.10009765625,98.94000244140625,4.48199987411499,17.15999984741211,6005.8798828125,306.6199951171875,0.002825074432685426
2025-06-10,3320.89990234375,99.05000305175781,4.473999977111816,16.950000762939453,6038.81005859375,306.7099914550781,-0.003366964044300147
2025-06-11,3321.300048828125,98.62999725341797,4.4120001792907715,17.260000228881836,6022.240234375,308.3699951171875,0.00012048613043802447
2025-06-12,3380.89990234375,97.91999816894531,4.35699987411499,18.020000457763672,6045.259765625,312.20001220703125,0.01778563010253542
2025-06-13,3431.199951171875,98.18000030517578,4.423999786376953,20.81999969482422,5976.97021484375,316.2900085449219,0.014768122634468028
2025-06-16,3396.39990234375,98.0,4.452000141143799,19.110000610351562,6033.10986328125,311.7799987792969,-0.01019402159970717
2025-06-17,3386.60009765625,98.81999969482422,4.39300012588501,21.600000381469727,5982.72021484375,311.94000244140625,-0.002889521305021958
2025-06-18,3389.800048828125,98.91000366210938,4.396999835968018,20.139999389648438,5980.8701171875,310.260009765625,0.0009444399210654097
2025-06-20,3368.10009765625,98.70999908447266,4.375,20.6200008392334,5967.83984375,310.1300048828125,-0.006422120861074632
2025-06-23,3377.699951171875,98.41999816894531,4.320000171661377,19.829999923706055,6025.169921875,311.0799865722656,0.0028461738938609926
2025-06-24,3317.39990234375,97.86000061035156,4.293000221252441,17.479999542236328,6092.18017578125,306.19000244140625,-0.018013675886811242
2025-06-25,3327.10009765625,97.68000030517578,4.293000221252441,16.760000228881836,6092.16015625,307.1199951171875,0.0029197688926849708
2025-06-26,3333.5,97.1500015258789,4.252999782562256,16.59000015258789,6141.02001953125,306.7799987792969,0.001921720031074159
2025-06-27,3273.699951171875,97.4000015258789,4.2829999923706055,16.31999969482422,6173.06982421875,301.2200012207031,-0.018101974273061927
2025-06-30,3294.39990234375,96.87999725341797,4.230000019073486,16.729999542236328,6204.9501953125,304.8299865722656,0.006303198845365898
2025-07-01,3336.699951171875,96.81999969482422,4.250999927520752,16.829999923706055,6198.009765625,307.54998779296875,0.012758252337171427
2025-07-02,3348.0,96.77999877929688,4.293000221252441,16.639999389648438,6227.419921875,309.25,0.0033808726417756674
2025-07-03,3331.60009765625,97.18000030517578,4.3480000495910645,16.3799991607666,6279.35009765625,307.1400146484375,-0.0049104542360627335
2025-07-04,3332.5,97.18000030517578,4.3480000495910645,16.3799991607666,6279.35009765625,307.1400146484375,0.00027007467956075004
2025-07-07,3332.199951171875,97.4800033569336,4.394999980926514,17.790000915527344,6229.97998046875,307.3699951171875,-9.004121131539478e-05
2025-07-08,3307.0,97.51000213623047,4.414999961853027,16.809999465942383,6225.52001953125,304.1600036621094,-0.00759129785975432
2025-07-09,3311.60009765625,97.47000122070312,4.3420000076293945,15.9399995803833,6263.259765625,305.5199890136719,0.0013900517720006889
2025-07-10,3317.39990234375,97.6500015258789,4.3460001945495605,15.779999732971191,6280.4599609375,306.20001220703125,0.001749828380560814
2025-07-11,3356.0,97.8499984741211,4.422999858856201,16.399999618530273,6259.75,309.1400146484375,0.01156847445274245
2025-07-14,3351.5,98.08000183105469,4.427000045776367,17.200000762939453,6268.56005859375,308.010009765625,-0.0013417817890850614
2025-07-15,3329.800048828125,98.62000274658203,4.488999843597412,17.3799991607666,6243.759765625,306.7300109863281,-0.006495750023280067
2025-07-16,3352.5,98.38999938964844,4.454999923706055,17.15999984741211,6263.7001953125,308.260009765625,0.006794079381101881
2025-07-17,3340.10009765625,98.7300033569336,4.4629998207092285,16.520000457763672,6297.35986328125,307.5899963378906,-0.0037055602760016626
2025-07-18,3353.0,98.4800033569336,4.432000160217285,16.40999984741211,6296.7900390625,308.3900146484375,0.003854691586395731
2025-07-21,3401.89990234375,97.8499984741211,4.372000217437744,16.649999618530273,6305.60009765625,313.1300048828125,0.014478602877328939
2025-07-22,3439.199951171875,97.38999938964844,4.335999965667725,16.5,6309.6201171875,316.1000061035156,0.010904801640990058
2025-07-23,3394.10009765625,97.20999908447266,4.388000011444092,15.369999885559082,6358.91015625,312.17999267578125,-0.013200213092494195
2025-07-24,3371.0,97.37999725341797,4.4079999923706055,15.390000343322754,6363.35009765625,310.2699890136719,-0.006829222657993128
2025-07-25,3334.0,97.6500015258789,4.386000156402588,14.930000305175781,6388.64013671875,307.3999938964844,-0.011036651923321372
2025-07-28,3309.10009765625,98.66000366210938,4.420000076293945,15.029999732971191,6389.77001953125,305.4100036621094,-0.007496505723880276
2025-07-29,3323.39990234375,98.91000366210938,4.329999923706055,15.979999542236328,6370.85986328125,306.25,0.0043120472958140255
2025-07-30,3295.800048828125,99.94000244140625,4.375999927520752,15.479999542236328,6362.89990234375,300.9599914550781,-0.008339380490784976
2025-07-31,3293.199951171875,100.02999877929688,4.360000133514404,16.719999313354492,6339.39013671875,302.9599914550781,-0.0007892237945714697
2025-08-01,3347.699951171875,98.69000244140625,4.21999979019165,20.3799991607666,6238.009765625,309.1099853515625,0.016413806676874643
2025-08-04,3374.39990234375,98.77999877929688,4.199999809265137,17.520000457763672,6329.93994140625,310.9100036621094,0.007943973509988211
2025-08-05,3381.89990234375,98.77999877929688,4.196000099182129,17.850000381469727,6299.18994140625,311.1600036621094,0.0022201510582657846
2025-08-06,3380.0,98.18000030517578,4.21999979019165,16.770000457763672,6345.06005859375,310.5,-0.0005619433653798467
2025-08-07,3400.300048828125,98.4000015258789,4.24399995803833,16.56999969482422,6340.0,313.1199951171875,0.005987967888746226
2025-08-08,3439.10009765625,98.18000030517578,4.284999847412109,15.149999618530273,6389.4501953125,313.04998779296875,0.011346160259979143
2025-08-11,3353.10009765625,98.5199966430664,4.2729997634887695,16.25,6373.4501953125,308.54998779296875,-0.025324517441946526
2025-08-12,3348.89990234375,98.0999984741211,4.293000221252441,14.729999542236328,6445.759765625,308.2699890136719,-0.0012534156557428844
2025-08-13,3358.699951171875,97.83999633789062,4.23799991607666,14.489999771118164,6466.580078125,309.2099914550781,0.0029220752624805613
2025-08-14,3335.199951171875,98.25,4.293000221252441,14.829999923706055,6468.5400390625,307.25,-0.00702134686423328
2025-08-15,3336.0,97.8499984741211,4.328000068664551,15.09000015258789,6449.7998046875,307.42999267578125,0.0002398515522887834
2025-08-18,3331.699951171875,98.16999816894531,4.341000080108643,14.989999771118164,6449.14990234375,306.95001220703125,-0.0012898149154132454
2025-08-19,3313.39990234375,98.2699966430664,4.302000045776367,15.569999694824219,6411.3701171875,305.2699890136719,-0.005507846531910943
2025-08-20,3343.39990234375,98.22000122070312,4.296000003814697,15.6899995803833,6395.77978515625,308.3599853515625,0.009013401028552082
2025-08-21,3336.89990234375,98.62000274658203,4.329999923706055,16.600000381469727,6370.169921875,307.2900085449219,-0.0019460210593322813
2025-08-22,3374.39990234375,97.72000122070312,4.260000228881836,14.220000267028809,6466.91015625,310.5799865722656,0.011175298783646426
2025-08-25,3373.800048828125,98.43000030517578,4.275000095367432,14.789999961853027,6439.31982421875,309.8299865722656,-0.00017778178522931398
2025-08-26,3388.60009765625,98.2300033569336,4.257999897003174,14.619999885559082,6465.93994140625,312.0799865722656,0.004377165544111605
2025-08-27,3404.60009765625,98.2300033569336,4.23799991607666,14.850000381469727,6481.39990234375,312.7099914550781,0.0047106015210278684
2025-08-28,3431.800048828125,97.80999755859375,4.206999778747559,14.430000305175781,6501.85986328125,315.0299987792969,0.00795743201556931
2025-08-29,3473.699951171875,97.7699966430664,4.2270002365112305,15.359999656677246,6460.259765625,318.07000732421875,0.012135375150160499
2025-09-02,3549.39990234375,98.4000015258789,4.2769999504089355,17.170000076293945,6415.5400390625,325.5899963378906,0.02155825335719186
2025-09-03,3593.199951171875,98.13999938964844,4.210999965667725,16.350000381469727,6448.259765625,328.1400146484375,0.012264609179004182
2025-09-04,3565.800048828125,98.3499984741211,4.176000118255615,15.300000190734863,6502.080078125,326.69000244140625,-0.007654710471889814
2025-09-05,3613.199951171875,97.7699966430664,4.085999965667725,15.180000305175781,6481.5,331.04998779296875,0.013205346467746182
2025-09-08,3638.10009765625,97.44999694824219,4.046000003814697,15.109999656677246,6495.14990234375,334.82000732421875,0.006867801411635455
2025-09-09,3643.300048828125,97.79000091552734,4.073999881744385,15.039999961853027,6512.60986328125,334.05999755859375,0.001428283558452037
2025-09-10,3643.60009765625,97.77999877929688,4.0320000648498535,15.350000381469727,6532.0400390625,335.260009765625,8.235294082759026e-05
2025-09-11,3636.89990234375,97.54000091552734,4.011000156402588,14.710000038146973,6587.47021484375,334.760009765625,-0.0018405871036470955
2025-09-12,3649.39990234375,97.55000305175781,4.060999870300293,14.760000228881836,6584.2900390625,335.4200134277344,0.0034311001737599156
2025-09-15,3682.199951171875,97.30000305175781,4.033999919891357,15.6899995803833,6615.27978515625,338.9100036621094,0.008947642619622442
2025-09-16,3688.89990234375,96.62999725341797,4.026000022888184,16.360000610351562,6606.759765625,339.5899963378906,0.0018178977764957693
2025-09-17,3681.800048828125,96.87000274658203,4.076000213623047,15.720000267028809,6600.35009765625,336.9700012207031,-0.0019265078645300804
2025-09-18,3643.699951171875,97.3499984741211,4.104000091552734,15.699999809265137,6631.9599609375,335.6199951171875,-0.010402140797461712
2025-09-19,3671.5,97.63999938964844,4.138999938964844,15.449999809265137,6664.35986328125,339.17999267578125,0.007600662414638748
2025-09-22,3740.699951171875,97.33000183105469,4.14300012588501,16.100000381469727,6693.75,345.04998779296875,0.018672448725780555
2025-09-23,3780.60009765625,97.26000213623047,4.119999885559082,16.639999389648438,6656.919921875,346.4599914550781,0.0106100063895056
2025-09-24,3732.10009765625,97.87000274658203,4.146999835968018,16.18000030517578,6637.97021484375,343.32000732421875,-0.012911648948104926
2025-09-25,3736.89990234375,98.55000305175781,4.171999931335449,16.739999771118164,6604.72021484375,344.75,0.0012852605029394226
2025-09-26,3775.300048828125,98.1500015258789,4.186999797821045,15.289999961853027,6643.7001953125,346.739990234375,0.010223498096001649
2025-09-29,3820.89990234375,97.91000366210938,4.140999794006348,16.1200008392334,6661.2099609375,352.4599914550781,0.012006108728817466
2025-09-30,3840.800048828125,97.7699966430664,4.1479997634887695,16.280000686645508,6688.4599609375,355.4700012207031,0.005194719543135662
2025-10-01,3867.5,97.70999908447266,4.105999946594238,16.290000915527344,6711.2001953125,356.0299987792969,0.0069276125174813075
2025-10-02,3839.699951171875,97.8499984741211,4.0879998207092285,16.6299991607666,6715.35009765625,354.7900085449219,-0.007214077634015936
2025-10-03,3880.800048828125,97.72000122070312,4.11899995803833,16.649999618530273,6715.7900390625,357.6400146484375,0.010647104699776477
2025-10-06,3948.5,98.11000061035156,4.1620001792907715,16.3700008392334,6740.27978515625,364.3800048828125,0.017294429424653757
2025-10-07,3976.60009765625,98.58000183105469,4.126999855041504,17.239999771118164,6714.58984375,366.260009765625,0.007091447444070198
2025-10-08,4043.300048828125,98.8499984741211,4.129000186920166,16.299999237060547,6753.72021484375,372.29998779296875,0.01663399490752049
2025-10-09,3946.300048828125,99.54000091552734,4.1479997634887695,16.43000030517578,6735.10986328125,365.42999267578125,-0.024282758867578025
2025-10-10,3975.89990234375,98.9800033569336,4.051000118255615,21.65999984741211,6552.509765625,369.1199951171875,0.0074726695710456426
2025-10-13,4108.60009765625,99.2699966430664,4.051000118255615,19.030000686645508,6654.72021484375,378.0899963378906,0.03283124863445863
2025-10-14,4138.7001953125,99.05000305175781,4.021999835968018,20.809999465942383,6644.31005859375,380.7900085449219,0.007299414410764982
2025-10-15,4176.89990234375,98.79000091552734,4.046000003814697,20.639999389648438,6671.06005859375,387.3900146484375,0.009187545165353583
2025-10-16,4280.2001953125,98.38999938964844,3.9760000705718994,25.309999465942383,6629.06982421875,396.45001220703125,0.024430461884398014
2025-10-17,4189.89990234375,98.43000030517578,4.006999969482422,20.780000686645508,6664.009765625,388.989990234375,-0.02132293911227734
2025-10-20,4336.39990234375,98.58999633789062,3.9860000610351562,18.229999542236328,6735.1298828125,403.1499938964844,0.03436764429162409
2025-10-21,4087.699951171875,98.93000030517578,3.9630000591278076,17.8700008392334,6735.35009765625,377.239990234375,-0.05906203554004996
2025-10-22,4044.39990234375,98.9000015258789,3.953000068664551,18.600000381469727,6699.39990234375,377.2799987792969,-0.010649268655763322
2025-10-23,4125.5,98.94000244140625,3.990999937057495,17.299999237060547,6738.43994140625,378.7900085449219,0.019854040473195056
2025-10-24,4118.39990234375,98.94999694824219,3.996999979019165,16.3700008392334,6791.68994140625,377.5199890136719,-0.0017225098547726247
2025-10-27,4001.89990234375,98.77999877929688,3.996999979019165,15.789999961853027,6875.16015625,367.010009765625,-0.02869549076685729
2025-10-28,3966.199951171875,98.69000244140625,3.9830000400543213,16.420000076293945,6890.89013671875,364.3800048828125,-0.008960778782098444
2025-10-29,3983.699951171875,99.22000122070312,4.058000087738037,16.920000076293945,6890.58984375,363.0,0.0044025782667436175
2025-10-30,4001.300048828125,99.52999877929688,4.0929999351501465,16.90999984741211,6822.33984375,370.1300048828125,0.004408297096620828
2025-10-31,3982.199951171875,99.80000305175781,4.10099983215332,17.440000534057617,6840.2001953125,368.1199951171875,-0.0047849023856940676
2025-11-03,4000.300048828125,99.87000274658203,4.105999946594238,17.170000076293945,6851.97021484375,368.7799987792969,0.004534952377444057
2025-11-04,3947.699951171875,100.22000122070312,4.089000225067139,19.0,6771.5498046875,362.32000732421875,-0.013236252040330854
2025-11-05,3980.300048828125,100.19999694824219,4.1570000648498535,18.010000228881836,6796.2900390625,366.510009765625,0.00822408713420586
2025-11-06,3979.89990234375,99.7300033569336,4.0929999351501465,19.5,6720.31982421875,366.07000732421875,-0.00010053679233301693
2025-11-07,3999.39990234375,99.5999984741211,4.0929999351501465,19.079999923706055,6728.7998046875,368.30999755859375,0.004887656635851556
2025-11-10,4111.7998046875,99.62000274658203,4.110000133514404,17.600000381469727,6832.43017578125,378.3800048828125,0.02771651588616919
2025-11-11,4106.7998046875,99.45999908447266,4.119999885559082,17.280000686645508,6846.60986328125,379.8699951171875,-0.0012167524528550189
2025-11-12,4204.39990234375,99.4800033569336,4.065000057220459,17.510000228881836,6850.919921875,385.989990234375,0.023487483855552327
2025-11-13,4186.89990234375,99.18000030517578,4.111999988555908,20.0,6737.490234375,382.8699951171875,-0.004170992761121539
2025-11-14,4087.60009765625,99.2699966430664,4.1479997634887695,19.829999923706055,6734.10986328125,375.9599914550781,-0.02400255533201623
2025-11-17,4068.300048828125,99.58999633789062,4.132999897003174,22.3799991607666,6672.41015625,371.6499938964844,-0.004732790864801828
2025-11-18,4061.300048828125,99.55000305175781,4.123000144958496,24.690000534057617,6617.31982421875,374.3500061035156,-0.0017221023533426916
2025-11-19,4077.699951171875,100.2300033569336,4.132999897003174,23.65999984741211,6642.16015625,374.9599914550781,0.004029960569868152
2025-11-20,4056.5,100.16000366210938,4.105999946594238,26.420000076293945,6538.759765625,374.8500061035156,-0.005212559145508777
2025-11-21,4076.699951171875,100.18000030517578,4.063000202178955,23.43000030517578,6602.990234375,374.2699890136719,0.00496729278207475
2025-11-24,4091.89990234375,100.13999938964844,4.038000106811523,20.520000457763672,6705.1201171875,380.20001220703125,0.0037215603622993143
2025-11-25,4139.2001953125,99.66000366210938,4.001999855041504,18.559999465942383,6765.8798828125,380.0799865722656,0.011493193638319354
2025-11-26,4165.2001953125,99.5999984741211,3.997999906539917,17.190000534057617,6812.60986328125,383.1199951171875,0.006261760929431759
2025-11-28,4218.2998046875,99.45999908447266,4.017000198364258,16.350000381469727,6849.08984375,387.8800048828125,0.012667816416398026
2025-12-01,4239.2998046875,99.41000366210938,4.0960001945495605,17.239999771118164,6812.6298828125,389.75,0.004965958221291089
2025-12-02,4186.60009765625,99.36000061035156,4.085999965667725,16.59000015258789,6829.3701171875,387.239990234375,-0.01250914319860641
2025-12-03,4199.2998046875,98.8499984741211,4.057000160217285,16.079999923706055,6849.72021484375,386.8800048828125,0.003028826217303049
2025-12-04,4211.7998046875,98.98999786376953,4.107999801635742,15.779999732971191,6857.1201171875,387.1300048828125,0.002972265169354671
2025-12-05,4212.89990234375,98.98999786376953,4.138999938964844,15.40999984741211,6870.39990234375,386.44000244140625,0.0002611600889661503
2025-12-08,4187.2001953125,99.08999633789062,4.171999931335449,16.65999984741211,6846.509765625,385.4200134277344,-0.0061189240409387224
2025-12-09,4206.7001953125,99.22000122070312,4.185999870300293,16.93000030517578,6840.509765625,387.3999938964844,0.004646239333865765
2025-12-10,4196.39990234375,98.79000091552734,4.164000034332275,15.770000457763672,6886.68017578125,389.04998779296875,-0.002451547168984547
2025-12-11,4285.5,98.3499984741211,4.140999794006348,14.850000381469727,6901.0,393.239990234375,0.021010239753042725
2025-12-12,4300.10009765625,98.4000015258789,4.193999767303467,15.739999771118164,6827.41015625,395.44000244140625,0.003401069596485229
2025-12-15,4306.7001953125,98.1500015258789,4.182000160217285,16.5,6816.509765625,395.79998779296875,0.001533693992035623
2025-12-16,4304.5,98.1500015258789,4.14900016784668,16.479999542236328,6800.259765625,395.8900146484375,-0.0005110078294485731
2025-12-17,4347.5,98.37000274658203,4.151000022888184,17.6200008392334,6721.43017578125,399.2900085449219,0.009939980130427628
2025-12-18,4339.5,98.43000030517578,4.116000175476074,16.8700008392334,6774.759765625,398.57000732421875,-0.0018418331441374391
2025-12-19,4361.39990234375,98.5999984741211,4.151000022888184,14.90999984741211,6834.5,399.0199890136719,0.005033950243312546
2025-12-22,4444.60009765625,98.29000091552734,4.169000148773193,14.079999923706055,6878.490234375,408.2300109863281,0.018896813791641875
2025-12-23,4482.7998046875,97.94000244140625,4.169000148773193,14.0,6909.7900390625,413.6400146484375,0.008557909489308457
2025-12-24,4480.60009765625,97.9800033569336,4.136000156402588,13.470000267028809,6932.0498046875,411.92999267578125,-0.0004908198003832354
2025-12-26,4529.10009765625,98.0199966430664,4.136000156402588,13.600000381469727,6929.93994140625,416.739990234375,0.01076627799557528
2025-12-29,4325.10009765625,98.04000091552734,4.116000175476074,14.199999809265137,6905.740234375,398.6000061035156,-0.04608798173882889
2025-12-30,4370.10009765625,98.23999786376953,4.130000114440918,14.329999923706055,6896.240234375,398.8900146484375,0.01035063040454176
2025-12-31,4325.60009765625,98.27999877929688,4.163000106811523,14.949999809265137,6845.5,396.30999755859375,-0.010235032825324453
2026-01-02,4314.39990234375,98.41999816894531,4.186999797821045,14.510000228881836,6858.47021484375,398.2799987792969,-0.0025926392560808864
2026-01-05,4436.89990234375,98.2699966430664,4.164999961853027,14.899999618530273,6902.0498046875,408.760009765625,0.027997669976116413
2026-01-06,4482.2001953125,98.58000183105469,4.178999900817871,14.75,6944.81982421875,413.17999267578125,0.010158128512449238
2026-01-07,4449.2998046875,98.68000030517578,4.138000011444092,15.380000114440918,6920.93017578125,409.2300109863281,-0.007367304357957849
2026-01-08,4449.7001953125,98.93000030517578,4.183000087738037,15.449999809265137,6921.4599609375,411.489990234375,8.998553214389915e-05
2026-01-09,4490.2998046875,99.12999725341797,4.171000003814697,14.489999771118164,6966.27978515625,414.4700012207031,0.009082749101681387
2026-01-12,4604.2998046875,98.86000061035156,4.186999797821045,15.119999885559082,6977.27001953125,422.2300109863281,0.025071135876622463
2026-01-13,4589.2001953125,99.12999725341797,4.171000003814697,15.979999542236328,6963.740234375,421.6300048828125,-0.0032848475449700487
2026-01-14,4626.2998046875,99.12999725341797,4.139999866485596,16.75,6926.60009765625,425.94000244140625,0.008051610829708622
2026-01-15,4616.2998046875,99.31999969482422,4.159999847412109,15.84000015258789,6944.47021484375,423.3299865722656,-0.0021638942125949967
2026-01-16,4588.39990234375,99.38999938964844,4.230999946594238,15.859999656677246,6940.009765625,421.2900085449219,-0.006062117977439385
2026-01-20,4759.60009765625,98.63999938964844,4.295000076293945,20.09000015258789,6796.85986328125,437.2300109863281,0.03663229347491992
2026-01-21,4831.7998046875,98.76000213623047,4.252999782562256,16.899999618530273,6875.6201171875,443.6000061035156,0.015055377008504678
2026-01-22,4908.7998046875,98.36000061035156,4.249000072479248,15.640000343322754,6913.35009765625,451.7900085449219,0.0158104443373972
2026-01-23,4976.2001953125,97.5999984741211,4.238999843597412,16.09000015258789,6915.60986328125,458.0,0.01363711384202837
2026-01-26,5079.7001953125,97.04000091552734,4.2129998207092285,16.149999618530273,6950.22998046875,464.70001220703125,0.0205856563735356
2026-01-27,5079.89990234375,96.22000122070312,4.2230000495910645,16.350000381469727,6978.60009765625,476.1000061035156,3.931395514733538e-05
2026-01-28,5301.60009765625,96.44999694824219,4.250999927520752,16.350000381469727,6978.02978515625,494.55999755859375,0.04271712307880904
2026-01-29,5318.39990234375,96.27999877929688,4.2270002365112305,16.8799991607666,6969.009765625,495.8999938964844,0.0031638076649489477
2026-01-30,4713.89990234375,96.98999786376953,4.241000175476074,17.440000534057617,6939.02978515625,444.95001220703125,-0.12065691771157461
2026-02-02,4622.5,97.61000061035156,4.275000095367432,16.34000015258789,6976.43994140625,427.1300048828125,-0.019579885886258808
2026-02-03,4903.7001953125,97.44000244140625,4.27400016784668,18.0,6917.81005859375,454.2900085449219,0.05905437776175937
2026-02-04,4920.39990234375,97.62000274658203,4.275000095367432,18.639999389648438,6882.72021484375,453.9700012207031,0.003399746124372882
2026-02-05,4861.39990234375,97.81999969482422,4.210000038146973,21.770000457763672,6798.39990234375,441.8800048828125,-0.012063365980342411
2026-02-06,4951.2001953125,97.62999725341797,4.205999851226807,20.3700008392334,6932.2998046875,455.4599914550781,0.018303568705588802
2026-02-09,5050.89990234375,96.81999969482422,4.197999954223633,17.360000610351562,6964.81982421875,467.0299987792969,0.019936415005194164
2026-02-10,5003.7998046875,96.80000305175781,4.146999835968018,17.790000915527344,6941.81005859375,462.3999938964844,-0.009368841148209128
2026-02-11,5071.60009765625,96.83000183105469,4.171999931335449,17.649999618530273,6941.47021484375,467.6300048828125,0.013458784179659844
2026-02-12,4923.7001953125,96.93000030517578,4.104000091552734,20.81999969482422,6832.759765625,451.3900146484375,-0.0295960488695588
2026-02-13,5022.0,96.87999725341797,4.056000232696533,20.600000381469727,6836.169921875,462.6199951171875,0.0197679406777862
2026-02-17,4882.89990234375,97.16000366210938,4.052000045776367,20.290000915527344,6843.22021484375,448.20001220703125,-0.028088975078812695
2026-02-18,4986.5,97.69999694824219,4.078999996185303,19.6200008392334,6881.31005859375,458.2799987792969,0.020994975203205257
2026-02-19,4975.89990234375,97.93000030517578,4.074999809265137,20.229999542236328,6861.89013671875,459.55999755859375,-0.00212802171371429
2026-02-20,5059.2998046875,97.80000305175781,4.085999965667725,19.09000015258789,6909.509765625,468.6199951171875,0.0166218560578546
2026-02-23,5204.7001953125,97.69999694824219,4.0289998054504395,21.010000228881836,6837.75,481.2799987792969,0.028334005840505938
2026-02-24,5155.7998046875,97.87999725341797,4.0329999923706055,19.549999237060547,6890.06982421875,474.6099853515625,-0.009439844361432748
2026-02-25,5206.39990234375,97.69999694824219,4.047999858856201,17.93000030517578,6946.1298828125,473.4200134277344,0.009766362602618983
2026-02-26,5176.5,97.79000091552734,4.017000198364258,18.6299991607666,6908.85986328125,477.4800109863281,-0.005759467061588808
2026-02-27,5230.5,97.61000061035156,3.9619998931884766,19.860000610351562,6878.8798828125,483.75,0.010377723577647657
2026-03-02,5294.39990234375,98.37999725341797,4.047999858856201,21.440000534057617,6881.6201171875,490.0,0.012142763938335577
2026-03-03,5107.39990234375,99.05000305175781,4.056000232696533,23.56999969482422,6816.6298828125,468.1400146484375,-0.03595919039300277
2026-03-04,5120.2001953125,98.7699966430664,4.079999923706055,21.149999618530273,6869.5,471.79998779296875,0.002503089586967988
2026-03-05,5065.2998046875,99.31999969482422,4.145999908447266,23.75,6830.7099609375,466.1300048828125,-0.010780211536408402
2026-03-06,5146.10009765625,98.98999786376953,4.132999897003174,29.489999771118164,6740.02001953125,473.510009765625,0.015825837818907118
2026-03-09,5091.5,99.18000030517578,4.136000156402588,25.5,6795.990234375,472.5299987792969,-0.010666682586894183
2026-03-10,5229.7001953125,98.83000183105469,4.136000156402588,24.93000030517578,6781.47998046875,477.8599853515625,0.026781469772137356
2026-03-11,5167.39990234375,99.2300033569336,4.208000183105469,24.229999542236328,6775.7998046875,476.239990234375,-0.011984310631174111
2026-03-12,5115.7998046875,99.73999786376953,4.2729997634887695,27.290000915527344,6672.6201171875,466.8800048828125,-0.010035890037832118
2026-03-13,5052.5,100.36000061035156,4.284999847412109,27.190000534057617,6632.18994140625,460.8399963378906,-0.01245058143707567
2026-03-16,4994.0,99.70999908447266,4.21999979019165,23.510000228881836,6699.3798828125,460.42999267578125,-0.01164597843805737
2026-03-17,5001.0,99.58000183105469,4.202000141143799,22.3700008392334,6716.08984375,459.2699890136719,0.001400700579186065
2026-03-18,4889.89990234375,100.08999633789062,4.258999824523926,25.09000015258789,6624.7001953125,444.739990234375,-0.022466059027850704
2026-03-19,4600.7001953125,99.2300033569336,4.281000137329102,24.059999465942383,6606.490234375,426.4100036621094,-0.06096332512532143
2026-03-20,4570.39990234375,99.6500015258789,4.390999794006348,26.780000686645508,6506.47998046875,413.3800048828125,-0.006607801222591192
2026-03-23,4404.10009765625,98.94999694824219,4.334000110626221,26.149999618530273,6581.0,404.0400085449219,-0.03706475965408629
2026-03-24,4399.2998046875,99.43000030517578,4.392000198364258,26.950000762939453,6556.3701171875,404.1300048828125,-0.001090554444362013
2026-03-25,4549.7998046875,99.5999984741211,4.328000068664551,25.329999923706055,6591.89990234375,416.2900085449219,0.033637840062541
2026-03-26,4375.5,99.9000015258789,4.415999889373779,27.440000534057617,6477.16015625,400.6400146484375,-0.03906243403134724
2026-03-27,4492.0,100.1500015258789,4.440000057220459,31.049999237060547,6368.85009765625,414.70001220703125,0.02627723788244829
2026-03-30,4526.0,100.51000213623047,4.3420000076293945,30.610000610351562,6343.72021484375,414.5799865722656,0.007540510335148909
2026-03-31,4647.60009765625,99.95999908447266,4.310999870300293,25.25,6528.52001953125,430.2900085449219,0.026512431127411418
2026-04-01,4783.2001953125,99.6500015258789,4.318999767303467,24.540000915527344,6575.31982421875,437.82000732421875,0.028758841078818875
2026-04-02,4651.5,100.02999877929688,4.313000202178955,23.8700008392334,6582.68994140625,429.4100036621094,-0.02792007119110096
2026-04-06,4656.7998046875,99.9800033569336,4.335000038146973,24.170000076293945,6611.830078125,427.6499938964844,0.0011387268075573331
2026-04-07,4657.10009765625,99.63999938964844,4.3429999351501465,25.780000686645508,6616.85009765625,431.80999755859375,6.448275631143474e-05
2026-04-08,4749.5,99.12999725341797,4.290999889373779,21.040000915527344,6782.81005859375,434.5299987792969,0.01964639155775494
2026-04-09,4792.2001953125,98.81999969482422,4.293000221252441,19.489999771118164,6824.66015625,437.9100036621094,0.00895028757749472
2026-04-10,4761.89990234375,98.6500015258789,4.316999912261963,19.229999542236328,6816.89013671875,437.1300048828125,-0.006342909169259059
2026-04-13,4742.39990234375,98.37000274658203,4.296999931335449,19.1200008392334,6886.240234375,435.3599853515625,-0.004103411668916479
2026-04-14,4825.0,98.12000274658203,4.25600004196167,18.360000610351562,6967.3798828125,445.0899963378906,0.01726741870353088
2026-04-15,4800.0,98.05999755859375,4.2820000648498535,18.170000076293945,7022.9501953125,440.4599914550781,-0.0051948168771041026
2026-04-16,4785.39990234375,98.22000122070312,4.309000015258789,17.940000534057617,7041.27978515625,440.0799865722656,-0.0030463223435290843
2026-04-17,4857.60009765625,98.0999984741211,4.245999813079834,17.479999542236328,7126.06005859375,445.92999267578125,0.014974913312608251
2026-04-20,4806.60009765625,98.05000305175781,4.25,18.8700008392334,7109.14013671875,442.0899963378906,-0.01055451509881955
2026-04-21,4698.39990234375,98.41000366210938,4.291999816894531,19.5,7064.009765625,429.57000732421875,-0.02276798934293467
2026-04-22,4732.5,98.58999633789062,4.294000148773193,18.920000076293945,7137.89990234375,435.260009765625,0.007231599660171284
2026-04-23,4705.10009765625,98.80000305175781,4.322999954223633,19.309999465942383,7108.39990234375,431.0400085449219,-0.00580655654933615
2026-04-24,4722.2998046875,98.51000213623047,4.309999942779541,18.709999084472656,7165.080078125,433.25,0.0036488801351293176
2026-04-27,4675.39990234375,98.4800033569336,4.335999965667725,18.020000457763672,7173.91015625,429.8900146484375,-0.009981227996584963
2026-04-28,4591.5,98.62000274658203,4.354000091552734,17.829999923706055,7138.7998046875,421.9100036621094,-0.018107931619109507
2026-04-29,4545.2001953125,98.91999816894531,4.418000221252441,18.809999465942383,7135.9501953125,417.4100036621094,-0.010134994038567768
2026-04-30,4614.7001953125,98.08000183105469,4.389999866485596,16.889999389648438,7209.009765625,423.6600036621094,0.015175128715865682
2026-05-01,4629.89990234375,98.20999908447266,4.377999782562256,16.989999771118164,7230.1201171875,423.17999267578125,0.003288345751501609
2026-05-04,4519.5,98.47000122070312,4.446000099182129,18.290000915527344,7200.75,414.7099914550781,-0.02413388024391061
2026-05-05,4555.7998046875,98.4800033569336,4.415999889373779,17.3799991607666,7259.22021484375,418.2699890136719,0.007999735337600455
2026-05-06,4681.89990234375,98.0199966430664,4.355999946594238,17.389999389648438,7365.1201171875,430.9599914550781,0.02730288599459385
2026-05-07,4699.7998046875,98.25,4.392000198364258,17.079999923706055,7337.10986328125,431.67999267578125,0.0038159234729668867
2026-05-08,4720.39990234375,97.83999633789062,4.363999843597412,17.190000534057617,7398.93017578125,433.7699890136719,0.004373608019836439
2026-05-11,4718.7001953125,97.94000244140625,4.409999847412109,18.3799991607666,7412.83984375,434.6499938964844,-0.000360141757591137
2026-05-12,4677.60009765625,98.29000091552734,4.4629998207092285,17.989999771118164,7400.9599609375,432.92999267578125,-0.008748200566985886
2026-05-13,4697.7001953125,98.4800033569336,4.480999946594238,17.8700008392334,7444.25,430.5,0.004287890056815513
2026-05-14,4678.10009765625,98.87999725341797,4.460999965667725,17.260000228881836,7501.240234375,427.2099914550781,-0.00418100334817062
2026-05-15,4555.7998046875,99.2699966430664,4.59499979019165,18.43000030517578,7408.5,417.2900085449219,-0.026490961871465046
2026-05-18,4552.5,98.97000122070312,4.623000144958496,17.81999969482422,7403.0498046875,418.42999267578125,-0.0007245709743042283
2026-05-19,4506.2998046875,99.30000305175781,4.666999816894531,18.059999465942383,7353.60986328125,411.5,-0.010200158271743476
2026-05-20,4531.2998046875,99.11000061035156,4.572000026702881,17.440000534057617,7432.97021484375,417.3999938964844,0.005532456591870627
2026-05-21,4539.7998046875,99.19000244140625,4.585999965667725,16.760000228881836,7445.72021484375,416.989990234375,0.0018740842574409555
2026-05-22,4521.0,99.31999969482422,4.558000087738037,16.700000762939453,7473.47021484375,413.82000732421875,-0.004149706884724935
2026-05-26,4500.39990234375,99.16999816894531,4.493000030517578,17.010000228881836,7519.1201171875,414.0,-0.004566948297149764
2026-05-27,4447.5,99.20999908447266,4.480999946594238,16.290000915527344,7520.35986328125,408.489990234375,-0.011824119457465088
2026-05-28,4499.2998046875,99.0199966430664,4.454999923706055,15.739999771118164,7563.6298828125,412.7699890136719,0.011579645153313223
2026-05-29,4560.5,98.91000366210938,4.453000068664551,15.319999694824219,7580.06005859375,417.1199951171875,0.013510480926909096
2026-06-01,4475.2001953125,99.19999694824219,4.474999904632568,16.049999237060547,7599.9599609375,411.260009765625,-0.018881179529218528
2026-06-02,4489.10009765625,99.22000122070312,4.454999923706055,15.770000457763672,7609.77978515625,411.95001220703125,0.0031011708732169296
2026-06-03,4436.7001953125,99.52999877929688,4.491000175476074,16.059999465942383,7553.68017578125,407.8699951171875,-0.011741357101358929
2026-06-04,4475.7998046875,99.41000366210938,4.4770002365112305,15.399999618530273,7584.31005859375,411.2699890136719,0.008774162180751333
2026-06-05,4337.10009765625,100.06999969482422,4.535999774932861,21.510000228881836,7383.740234375,396.239990234375,-0.031479118544611495
2026-06-08,4335.89990234375,100.05000305175781,4.552000045776367,18.920000076293945,7405.72998046875,397.2699890136719,-0.0002767658988034327
2026-06-09,4260.0,99.91000366210938,4.5279998779296875,19.8700008392334,7386.64990234375,390.7799987792969,-0.01766001833677322
2026-06-10,4108.2001953125,99.94999694824219,4.541999816894531,22.219999313354492,7266.990234375,374.5799865722656,-0.036284136366234065
2026-06-11,4090.300048828125,99.86000061035156,4.4629998207092285,19.440000534057617,7394.2998046875,386.32000732421875,-0.004366694979493602
2026-06-12,4215.0,99.75,4.486999988555908,17.68000030517578,7431.4599609375,386.5400085449219,0.03003126251826771
2026-06-15,4328.0,99.62999725341797,4.468999862670898,16.200000762939453,7554.2900390625,396.54998779296875,0.02645595009036228
2026-06-16,4330.89990234375,99.54000091552734,4.427999973297119,16.40999984741211,7511.35009765625,397.6300048828125,0.0006698085172178736
2026-06-17,4358.89990234375,100.08999633789062,4.4629998207092285,18.440000534057617,7420.10009765625,388.6000061035156,0.006444359486309281
2026-06-18,4224.10009765625,100.8499984741211,4.451000213623047,16.399999618530273,7500.580078125,387.1199951171875,-0.03141346606272499
2026-06-22,4181.89990234375,101.0199966430664,4.508999824523926,17.280000686645508,7472.7900390625,384.5899963378906,-0.010040578120388943
2026-06-23,4129.89990234375,101.41000366210938,4.493000030517578,19.489999771118164,7365.4599609375,377.32000732421875,-0.012512495406008739
2026-06-24,3990.300048828125,101.61000061035156,4.4019999504089355,18.6299991607666,7358.22021484375,365.9200134277344,-0.03438674167665745
2026-06-25,4030.5,101.43000030517578,4.392000198364258,18.889999389648438,7357.490234375,369.4599914550781,0.010024009459590033
2026-06-26,4078.699951171875,101.36000061035156,4.372000217437744,18.40999984741211,7354.02001953125,373.6300048828125,0.011887860479568246
2026-06-29,4022.300048828125,101.11000061035156,4.374000072479248,17.649999618530273,7440.43017578125,368.5799865722656,-0.01392440775661008
2026-06-30,4022.89990234375,101.19000244140625,4.418000221252441,16.450000762939453,7499.35986328125,368.3800048828125,0.00014912084730767106
2026-07-01,4068.300048828125,101.38999938964844,4.474999904632568,16.59000015258789,7483.22998046875,370.6000061035156,0.011222222470182786
2026-07-02,4112.7001953125,100.86000061035156,4.485000133514404,16.149999618530273,7483.240234375,378.1300048828125,0.010854560835950267
2026-07-06,4155.10009765625,100.8499984741211,4.479000091552734,15.569999694824219,7537.43017578125,382.1300048828125,0.010256724291311414
2026-07-07,4145.2998046875,101.13999938964844,4.5289998054504395,16.1299991607666,7503.85009765625,377.489990234375,-0.0023614037005703636
2026-07-08,4070.89990234375,101.05000305175781,4.568999767303467,16.899999618530273,7482.7099609375,374.45001220703125,-0.018111033967567636
2026-07-09,4130.60009765625,100.94000244140625,4.539000034332275,15.84000015258789,7543.64013671875,378.17999267578125,0.014558617272468766
2026-07-10,4104.10009765625,100.97000122070312,4.568999767303467,15.029999732971191,7575.39013671875,377.010009765625,-0.0064362006754112855
2026-07-13,3997.0,101.27999877929688,4.609000205993652,17.15999984741211,7515.33984375,367.1300048828125,-0.026442418108961974
2026-07-14,4061.10009765625,100.94000244140625,4.585000038146973,16.5,7543.58984375,372.1499938964844,0.015909817195275622
2026-07-15,4044.0,100.5,4.545000076293945,15.670000076293945,7572.39990234375,372.3500061035156,-0.004219595766237205
2026-07-16,3985.60009765625,100.7300033569336,4.568999767303467,16.729999542236328,7533.77001953125,364.9599914550781,-0.01454641113017452
2026-07-17,4012.699951171875,100.75,4.540999889373779,18.770000457763672,7457.68994140625,368.4100036621094,0.006776429254264471
2026-07-20,4010.300048828125,100.98999786376953,4.5980000495910645,18.649999618530273,7443.27978515625,367.6000061035156,-0.0005982556189270127
2026-07-21,4071.10009765625,101.18000030517578,4.627999782562256,17.049999237060547,7509.2001953125,374.80999755859375,0.015047193532637948
2026-07-22,4146.89990234375,101.13999938964844,4.6570000648498535,16.639999389648438,7498.9599609375,379.1199951171875,0.018447786411041278
2026-07-23,4046.60009765625,101.43000030517578,4.703000068664551,18.700000762939453,7408.2998046875,371.5199890136719,-0.02448399711119542
2026-07-24,4067.60009765625,101.47000122070312,4.678999900817871,18.579999923706055,7411.97998046875,371.8999938964844,0.005176122447295484
2026-07-27,4074.5,101.51000213623047,4.640999794006348,18.670000076293945,7413.18017578125,374.6300048828125,0.0016948708349708852
2026-07-28,4036.300048828125,101.37999725341797,4.604000091552734,18.209999084472656,7428.77978515625,369.3699951171875,-0.009419596931127927
2026-07-29,4034.699951171875,100.80000305175781,4.622000217437744,20.65999984741211,7316.14990234375,371.0799865722656,-0.0003965054335797191
2026-07-30,4100.10009765625,100.01000213623047,4.663000106811523,17.09000015258789,7437.6298828125,377.1600036621094,0.01607945006131395
2026-07-31,4049.10009765625,99.80000305175781,4.744999885559082,15.989999771118164,7489.72021484375,371.5400085449219,-0.012516729155521489
2026-08-03,4033.699951171875,99.95999908447266,4.685999870300293,15.859999656677246,7600.5,371.7099914550781,-0.0038106015307555197
2026-08-04,4095.39990234375,99.88999938964844,4.626999855041504,16.5,7736.52001953125,374.1600036621094,0.015180311998504337
2026-08-05,4245.7998046875,99.69000244140625,4.617000102996826,15.8100004196167,7723.5498046875,389.6400146484375,0.03606584422744952
2026-08-06,4242.0,99.97000122070312,4.670000076293945,15.149999618530273,7709.9599609375,389.6700134277344,-0.0008953568719292093
2026-08-07,4340.7001953125,99.5999984741211,4.659999847412109,14.899999618530273,7757.64013671875,398.4700012207031,0.023000814282138293
2026-08-10,4361.7998046875,99.80999755859375,4.698999881744385,15.460000038146973,7753.10986328125,402.5400085449219,0.004849100998399081
2026-08-11,4383.0,99.81999969482422,4.684000015258789,15.279999732971191,7728.2001953125,400.9599914550781,0.004848650013643763
2026-08-12,4408.89990234375,100.01000213623047,4.682000160217285,14.550000190734863,7748.5,404.9200134277344,0.005891781652096029
2026-08-13,4363.60009765625,99.95999908447266,4.640999794006348,14.630000114440918,7798.990234375,398.9599914550781,-0.010327775967560626
2026-08-14,4380.39990234375,99.66999816894531,4.696000099182129,14.25,7785.759765625,401.4800109863281,0.003842595004346805
2026-08-17,4417.7998046875,99.63999938964844,4.723999977111816,15.1899995803833,7745.06005859375,405.489990234375,0.0085017682846793
2026-08-18,4366.0,99.6500015258789,4.705999851226807,15.84000015258789,7691.759765625,398.54998779296875,-0.011794532282481285
2026-08-19,4489.39990234375,98.83000183105469,4.6529998779296875,14.890000343322754,7707.97998046875,413.8399963378906,0.027871782654926847
2026-08-20,4516.2998046875,98.9000015258789,4.696000099182129,16.010000228881836,7641.16015625,415.260009765625,0.005973990521640715
2026-08-21,4624.10009765625,98.80000305175781,4.73799991607666,15.130000114440918,7674.3701171875,423.3599853515625,0.023588747248462383
2026-08-24,4640.7998046875,99.0,4.703999996185303,15.850000381469727,7652.85986328125,426.69000244140625,0.0036049445309789263
2026-08-25,4638.10009765625,98.91999816894531,4.638999938964844,15.449999809265137,7677.27978515625,428.07000732421875,-0.0005819024099498193
2026-08-26,4598.2001953125,99.16999816894531,4.664000034332275,15.210000038146973,7675.7001953125,421.32000732421875,-0.008639855630253379
2026-08-27,4609.7001953125,99.16000366210938,4.671999931335449,14.510000228881836,7730.990234375,422.6000061035156,0.0024978562954522943
2026-08-28,4478.10009765625,99.16000366210938,4.671999931335449,14.510000228881836,7730.990234375,408.8900146484375,-0.02896395020632525
2026-08-31,4431.10009765625,99.43000030517578,4.757999897003174,14.920000076293945,7686.14013671875,408.4200134277344,-0.010550988862151556
2026-09-01,4348.0,99.66999816894531,4.796000003814697,16.34000015258789,7631.47021484375,396.75,-0.0189319130115706
2026-09-02,4366.2998046875,99.55999755859375,4.796000003814697,15.199999809265137,7666.60009765625,402.7799987792969,0.00419995455694
2026-09-03,4473.2001953125,99.21399688720703,4.796000003814697,15.199999809265137,7666.60009765625,402.7799987792969,0.02418815601880553
